order_id,order_date,ship_date,ship_mode,customer_id,segment,region,category,sub_category,sales,quantity,discount,profit
CMD-2024-10000,2024-04-12,2024-04-17,Same Day,CUST-795,Corporate,Hauts-de-France,Technology,Copiers,121.96,7,0.5,-14.13
CMD-2024-10001,2025-03-11,2025-03-15,Standard Class,CUST-117,Home Office,Hauts-de-France,Office Supplies,Art,413.37,7,0.0,139.05
CMD-2024-10002,2024-09-27,2024-09-28,Same Day,CUST-515,Corporate,Auvergne-Rhône-Alpes,Office Supplies,Envelopes,673.86,7,0.1,49.84
CMD-2024-10003,2024-04-16,2024-04-17,Same Day,CUST-659,Home Office,Occitanie,Furniture,Furnishings,375.37,6,0.0,124.75
CMD-2024-10004,2024-03-12,2024-03-17,First Class,CUST-640,Home Office,Occitanie,Technology,Machines,119.3,8,0.1,20.56
CMD-2024-10005,2025-12-01,2025-12-05,Same Day,CUST-252,Home Office,Nouvelle-Aquitaine,Furniture,Bookcases,356.97,6,0.0,133.59
CMD-2024-10006,2024-01-21,2024-01-26,Same Day,CUST-431,Corporate,Auvergne-Rhône-Alpes,Office Supplies,Envelopes,110.26,3,0.0,43.27
CMD-2024-10007,2025-09-06,2025-09-08,Same Day,CUST-418,Corporate,Île-de-France,Technology,Phones,55.23,3,0.0,17.43
CMD-2024-10008,2024-05-01,2024-05-03,Same Day,CUST-298,Home Office,Auvergne-Rhône-Alpes,Technology,Copiers,22.47,8,0.7,-10.77
CMD-2024-10009,2025-04-11,2025-04-13,First Class,CUST-625,Consumer,Île-de-France,Technology,Accessories,122.21,2,0.1,30.66
CMD-2024-10010,2024-08-02,2024-08-03,Second Class,CUST-109,Home Office,Occitanie,Technology,Phones,529.54,3,0.1,150.74
CMD-2024-10011,2024-11-26,2024-12-01,Same Day,CUST-238,Home Office,Auvergne-Rhône-Alpes,Office Supplies,Envelopes,75.08,1,0.0,16.87
CMD-2024-10012,2025-04-03,2025-04-04,Second Class,CUST-266,Home Office,Nouvelle-Aquitaine,Furniture,Bookcases,65.89,1,0.1,13.14
CMD-2024-10013,2024-03-28,2024-03-30,Standard Class,CUST-246,Consumer,Hauts-de-France,Office Supplies,Binders,785.13,7,0.0,345.24
CMD-2024-10014,2025-01-07,2025-01-11,Standard Class,CUST-502,Corporate,Île-de-France,Furniture,Furnishings,20.57,5,0.0,4.93
CMD-2024-10015,2024-04-09,2024-04-13,Second Class,CUST-544,Corporate,Hauts-de-France,Office Supplies,Binders,353.97,4,0.1,44.94
CMD-2024-10016,2025-10-25,2025-10-30,Second Class,CUST-169,Home Office,Occitanie,Technology,Copiers,100.29,3,0.0,21.39
CMD-2024-10017,2024-05-10,2024-05-14,Standard Class,CUST-427,Home Office,Occitanie,Furniture,Furnishings,23.41,2,0.0,7.44
CMD-2024-10018,2025-10-23,2025-10-25,First Class,CUST-715,Corporate,Occitanie,Technology,Copiers,564.7,7,0.1,194.79
CMD-2024-10019,2024-11-04,2024-11-09,First Class,CUST-328,Home Office,Hauts-de-France,Technology,Copiers,48.09,8,0.3,3.01
CMD-2024-10020,2024-12-09,2024-12-14,Same Day,CUST-749,Corporate,Occitanie,Furniture,Chairs,191.54,6,0.0,46.16
CMD-2024-10021,2025-05-06,2025-05-08,First Class,CUST-418,Consumer,Occitanie,Office Supplies,Storage,85.46,8,0.0,29.19
CMD-2024-10022,2025-02-17,2025-02-19,First Class,CUST-135,Home Office,Hauts-de-France,Office Supplies,Envelopes,29.83,1,0.0,10.07
CMD-2024-10023,2025-01-20,2025-01-22,Same Day,CUST-729,Corporate,Occitanie,Technology,Machines,26.27,1,0.7,-7.91
CMD-2024-10024,2024-07-10,2024-07-12,Same Day,CUST-354,Corporate,Île-de-France,Technology,Copiers,42.02,1,0.3,-3.03
CMD-2024-10025,2024-10-03,2024-10-08,First Class,CUST-412,Consumer,Auvergne-Rhône-Alpes,Technology,Phones,31.29,4,0.1,7.83
CMD-2024-10026,2024-06-09,2024-06-13,Second Class,CUST-434,Home Office,Île-de-France,Furniture,Chairs,329.48,4,0.5,-56.32
CMD-2024-10027,2025-04-04,2025-04-06,Same Day,CUST-119,Consumer,Occitanie,Office Supplies,Storage,161.23,3,0.0,25.08
CMD-2024-10028,2024-11-09,2024-11-12,Second Class,CUST-397,Corporate,Occitanie,Office Supplies,Art,107.38,6,0.7,-34.15
CMD-2024-10029,2024-01-22,2024-01-27,Standard Class,CUST-120,Corporate,Occitanie,Technology,Copiers,134.22,2,0.0,59.97
CMD-2024-10030,2024-09-09,2024-09-10,Same Day,CUST-577,Consumer,Occitanie,Furniture,Bookcases,596.75,4,0.0,152.12
CMD-2024-10031,2025-07-14,2025-07-18,Second Class,CUST-571,Consumer,Hauts-de-France,Furniture,Bookcases,546.59,8,0.1,191.12
CMD-2024-10032,2025-04-19,2025-04-24,Same Day,CUST-777,Consumer,Auvergne-Rhône-Alpes,Office Supplies,Envelopes,291.68,5,0.0,52.17
CMD-2024-10033,2024-02-28,2024-03-01,Same Day,CUST-569,Home Office,Hauts-de-France,Furniture,Tables,490.21,4,0.1,137.13
CMD-2024-10034,2025-05-25,2025-05-28,Same Day,CUST-448,Corporate,Hauts-de-France,Office Supplies,Art,99.73,1,0.0,18.38
CMD-2024-10035,2025-11-12,2025-11-13,Same Day,CUST-689,Home Office,Occitanie,Office Supplies,Envelopes,120.56,8,0.1,17.13
CMD-2024-10036,2025-04-20,2025-04-24,Second Class,CUST-485,Home Office,Île-de-France,Technology,Phones,224.26,2,0.0,72.04
CMD-2024-10037,2025-11-30,2025-12-02,Second Class,CUST-645,Consumer,Île-de-France,Office Supplies,Paper,229.98,3,0.0,75.4
CMD-2024-10038,2024-07-08,2024-07-13,Second Class,CUST-545,Home Office,Nouvelle-Aquitaine,Technology,Copiers,159.58,4,0.5,-10.76
CMD-2024-10039,2025-11-17,2025-11-22,Standard Class,CUST-198,Home Office,Auvergne-Rhône-Alpes,Office Supplies,Storage,127.62,1,0.3,8.24
CMD-2024-10040,2025-07-16,2025-07-20,Same Day,CUST-754,Consumer,Nouvelle-Aquitaine,Furniture,Furnishings,956.97,7,0.7,-288.92
CMD-2024-10041,2025-07-20,2025-07-23,Same Day,CUST-154,Consumer,Hauts-de-France,Furniture,Furnishings,393.63,5,0.2,95.93
CMD-2024-10042,2024-08-31,2024-09-02,Second Class,CUST-102,Consumer,Nouvelle-Aquitaine,Office Supplies,Storage,140.6,5,0.2,14.85
CMD-2024-10043,2025-05-19,2025-05-23,Second Class,CUST-431,Corporate,Nouvelle-Aquitaine,Office Supplies,Art,300.86,7,0.1,38.38
CMD-2024-10044,2024-05-10,2024-05-14,Same Day,CUST-534,Corporate,Nouvelle-Aquitaine,Office Supplies,Binders,84.1,3,0.0,16.7
CMD-2024-10045,2025-04-29,2025-05-04,Same Day,CUST-585,Home Office,Auvergne-Rhône-Alpes,Furniture,Tables,38.22,3,0.0,10.32
CMD-2024-10046,2025-10-08,2025-10-12,Standard Class,CUST-318,Home Office,Île-de-France,Office Supplies,Paper,110.6,4,0.0,40.24
CMD-2024-10047,2024-01-21,2024-01-22,Same Day,CUST-310,Corporate,Île-de-France,Furniture,Tables,128.47,3,0.3,-13.78
CMD-2024-10048,2024-06-15,2024-06-16,Second Class,CUST-595,Home Office,Nouvelle-Aquitaine,Office Supplies,Envelopes,18.67,8,0.0,3.52
CMD-2024-10049,2024-09-30,2024-10-02,Standard Class,CUST-760,Consumer,Auvergne-Rhône-Alpes,Furniture,Tables,385.98,6,0.5,-103.51
CMD-2024-10050,2025-01-22,2025-01-26,First Class,CUST-331,Corporate,Île-de-France,Office Supplies,Paper,112.91,6,0.1,26.6
CMD-2024-10051,2025-08-23,2025-08-28,First Class,CUST-699,Home Office,Occitanie,Office Supplies,Envelopes,206.07,1,0.2,8.83
CMD-2024-10052,2024-11-11,2024-11-13,Same Day,CUST-247,Home Office,Île-de-France,Office Supplies,Binders,31.91,1,0.0,6.38
CMD-2024-10053,2024-01-14,2024-01-17,Second Class,CUST-306,Home Office,Île-de-France,Technology,Machines,57.32,8,0.0,18.79
CMD-2024-10054,2024-08-29,2024-09-03,Same Day,CUST-459,Corporate,Auvergne-Rhône-Alpes,Technology,Phones,499.99,1,0.5,-35.8
CMD-2024-10055,2024-12-11,2024-12-14,Second Class,CUST-518,Corporate,Auvergne-Rhône-Alpes,Office Supplies,Storage,221.41,6,0.0,55.27
CMD-2024-10056,2025-07-18,2025-07-20,Second Class,CUST-516,Corporate,Île-de-France,Technology,Machines,675.31,4,0.0,218.44
CMD-2024-10057,2024-12-05,2024-12-06,Second Class,CUST-795,Consumer,Occitanie,Office Supplies,Art,1485.62,4,0.0,266.58
CMD-2024-10058,2024-04-01,2024-04-06,First Class,CUST-652,Home Office,Occitanie,Furniture,Tables,117.3,3,0.0,50.5
CMD-2024-10059,2025-01-01,2025-01-06,Same Day,CUST-281,Home Office,Nouvelle-Aquitaine,Furniture,Tables,93.09,4,0.0,23.37
CMD-2024-10060,2025-03-30,2025-04-01,Same Day,CUST-655,Consumer,Nouvelle-Aquitaine,Office Supplies,Paper,444.98,1,0.1,159.86
CMD-2024-10061,2025-03-03,2025-03-08,First Class,CUST-309,Corporate,Île-de-France,Furniture,Bookcases,1462.49,2,0.1,517.1
CMD-2024-10062,2025-05-23,2025-05-28,Second Class,CUST-349,Corporate,Île-de-France,Furniture,Chairs,233.52,1,0.1,68.57
CMD-2024-10063,2024-02-04,2024-02-06,Standard Class,CUST-611,Corporate,Île-de-France,Furniture,Furnishings,363.8,6,0.0,56.76
CMD-2024-10064,2024-07-24,2024-07-28,Standard Class,CUST-695,Consumer,Occitanie,Furniture,Furnishings,349.86,7,0.3,15.06
CMD-2024-10065,2024-03-21,2024-03-23,First Class,CUST-238,Home Office,Hauts-de-France,Office Supplies,Storage,111.59,2,0.2,-0.44
CMD-2024-10066,2025-07-15,2025-07-20,Standard Class,CUST-330,Consumer,Nouvelle-Aquitaine,Technology,Phones,202.87,3,0.0,84.91
CMD-2024-10067,2025-01-22,2025-01-24,Second Class,CUST-111,Home Office,Nouvelle-Aquitaine,Office Supplies,Binders,408.82,5,0.0,158.17
CMD-2024-10068,2024-01-02,2024-01-07,Second Class,CUST-372,Home Office,Hauts-de-France,Office Supplies,Storage,271.33,7,0.0,119.85
CMD-2024-10069,2025-01-24,2025-01-27,Same Day,CUST-587,Home Office,Île-de-France,Technology,Phones,19.71,4,0.2,3.01
CMD-2024-10070,2025-07-19,2025-07-22,Second Class,CUST-189,Consumer,Nouvelle-Aquitaine,Office Supplies,Envelopes,105.32,4,0.2,13.34
CMD-2024-10071,2024-04-15,2024-04-16,Second Class,CUST-124,Corporate,Occitanie,Furniture,Bookcases,49.33,6,0.5,-7.12
CMD-2024-10072,2025-04-21,2025-04-23,Second Class,CUST-637,Corporate,Hauts-de-France,Technology,Copiers,73.35,1,0.0,19.51
CMD-2024-10073,2025-12-03,2025-12-05,Standard Class,CUST-764,Consumer,Occitanie,Office Supplies,Paper,533.99,1,0.1,107.12
CMD-2024-10074,2025-02-05,2025-02-08,Standard Class,CUST-671,Home Office,Île-de-France,Technology,Copiers,23.27,2,0.0,7.93
CMD-2024-10075,2025-12-30,2026-01-02,First Class,CUST-159,Consumer,Nouvelle-Aquitaine,Technology,Machines,69.61,4,0.0,29.92
CMD-2024-10076,2025-07-09,2025-07-12,First Class,CUST-270,Corporate,Occitanie,Furniture,Bookcases,96.5,7,0.1,23.04
CMD-2024-10077,2024-06-10,2024-06-11,Standard Class,CUST-687,Consumer,Hauts-de-France,Furniture,Tables,226.07,6,0.0,92.04
CMD-2024-10078,2024-07-20,2024-07-21,Same Day,CUST-546,Home Office,Île-de-France,Furniture,Furnishings,183.03,7,0.2,41.88
CMD-2024-10079,2024-09-26,2024-09-30,Same Day,CUST-766,Corporate,Nouvelle-Aquitaine,Office Supplies,Envelopes,69.17,3,0.1,14.92
CMD-2024-10080,2024-09-27,2024-09-29,Standard Class,CUST-791,Home Office,Nouvelle-Aquitaine,Furniture,Bookcases,54.47,1,0.3,-0.86
CMD-2024-10081,2025-03-31,2025-04-01,First Class,CUST-693,Consumer,Île-de-France,Furniture,Chairs,74.45,8,0.0,25.45
CMD-2024-10082,2025-04-06,2025-04-11,Same Day,CUST-109,Home Office,Île-de-France,Technology,Copiers,168.61,7,0.5,-28.03
CMD-2024-10083,2025-12-27,2025-12-29,Second Class,CUST-342,Consumer,Île-de-France,Furniture,Bookcases,84.59,4,0.7,-38.54
CMD-2024-10084,2024-09-08,2024-09-12,Same Day,CUST-277,Corporate,Occitanie,Technology,Phones,663.76,5,0.5,-123.9
CMD-2024-10085,2025-12-02,2025-12-05,Same Day,CUST-356,Corporate,Auvergne-Rhône-Alpes,Technology,Phones,152.14,6,0.2,40.81
CMD-2024-10086,2024-10-22,2024-10-26,Same Day,CUST-409,Corporate,Nouvelle-Aquitaine,Furniture,Chairs,28.33,2,0.3,-2.99
CMD-2024-10087,2025-12-25,2025-12-27,First Class,CUST-615,Home Office,Occitanie,Technology,Phones,302.46,1,0.1,81.36
CMD-2024-10088,2025-12-20,2025-12-23,First Class,CUST-314,Consumer,Hauts-de-France,Technology,Accessories,102.73,1,0.0,41.33
CMD-2024-10089,2024-12-03,2024-12-07,Standard Class,CUST-129,Consumer,Nouvelle-Aquitaine,Technology,Phones,248.16,3,0.2,40.85
CMD-2024-10090,2024-02-22,2024-02-26,Same Day,CUST-445,Consumer,Auvergne-Rhône-Alpes,Office Supplies,Paper,87.15,1,0.2,12.28
CMD-2024-10091,2024-08-04,2024-08-06,First Class,CUST-164,Home Office,Hauts-de-France,Office Supplies,Binders,201.05,6,0.7,-53.83
CMD-2024-10092,2024-07-06,2024-07-07,First Class,CUST-735,Consumer,Nouvelle-Aquitaine,Furniture,Chairs,340.4,4,0.1,64.27
CMD-2024-10093,2025-01-14,2025-01-19,Standard Class,CUST-252,Corporate,Auvergne-Rhône-Alpes,Office Supplies,Binders,593.87,4,0.0,105.36
CMD-2024-10094,2025-05-07,2025-05-11,Second Class,CUST-139,Consumer,Île-de-France,Office Supplies,Binders,81.58,4,0.2,21.11
CMD-2024-10095,2024-02-10,2024-02-15,Second Class,CUST-125,Home Office,Auvergne-Rhône-Alpes,Furniture,Furnishings,104.71,8,0.7,-36.68
CMD-2024-10096,2024-06-05,2024-06-07,Same Day,CUST-372,Corporate,Nouvelle-Aquitaine,Technology,Machines,152.31,5,0.0,53.25
CMD-2024-10097,2024-01-15,2024-01-17,Second Class,CUST-258,Corporate,Auvergne-Rhône-Alpes,Office Supplies,Storage,591.33,5,0.0,182.95
CMD-2024-10098,2024-03-05,2024-03-06,Standard Class,CUST-680,Home Office,Nouvelle-Aquitaine,Office Supplies,Paper,524.64,8,0.1,40.08
CMD-2024-10099,2025-06-04,2025-06-07,First Class,CUST-100,Corporate,Nouvelle-Aquitaine,Furniture,Chairs,35.72,1,0.0,15.57
CMD-2024-10100,2024-12-09,2024-12-14,Second Class,CUST-178,Consumer,Auvergne-Rhône-Alpes,Office Supplies,Storage,46.13,7,0.0,17.89
CMD-2024-10101,2024-05-08,2024-05-12,Same Day,CUST-327,Home Office,Auvergne-Rhône-Alpes,Furniture,Tables,165.53,5,0.0,32.23
CMD-2024-10102,2025-10-09,2025-10-12,Same Day,CUST-426,Consumer,Hauts-de-France,Office Supplies,Art,39.8,7,0.3,6.94
CMD-2024-10103,2025-04-16,2025-04-21,First Class,CUST-657,Home Office,Hauts-de-France,Office Supplies,Storage,108.28,7,0.0,40.18
CMD-2024-10104,2024-03-03,2024-03-08,Same Day,CUST-719,Home Office,Occitanie,Furniture,Bookcases,50.34,5,0.0,14.68
CMD-2024-10105,2024-05-18,2024-05-21,Standard Class,CUST-600,Home Office,Nouvelle-Aquitaine,Office Supplies,Envelopes,237.36,8,0.2,36.41
CMD-2024-10106,2025-05-13,2025-05-16,Second Class,CUST-574,Consumer,Hauts-de-France,Furniture,Chairs,671.85,3,0.5,-180.04
CMD-2024-10107,2025-08-15,2025-08-16,Same Day,CUST-454,Home Office,Occitanie,Office Supplies,Storage,1274.31,5,0.7,-397.43
CMD-2024-10108,2025-01-26,2025-01-30,Second Class,CUST-223,Corporate,Nouvelle-Aquitaine,Office Supplies,Binders,118.49,2,0.0,20.39
CMD-2024-10109,2025-11-05,2025-11-09,First Class,CUST-759,Consumer,Occitanie,Technology,Accessories,216.04,8,0.5,-29.5
CMD-2024-10110,2025-02-22,2025-02-26,Second Class,CUST-523,Home Office,Hauts-de-France,Furniture,Bookcases,441.76,2,0.0,139.51
CMD-2024-10111,2024-10-15,2024-10-18,Standard Class,CUST-351,Home Office,Occitanie,Technology,Accessories,42.49,7,0.2,9.87
CMD-2024-10112,2025-01-13,2025-01-14,First Class,CUST-613,Consumer,Auvergne-Rhône-Alpes,Office Supplies,Art,272.35,2,0.1,75.58
CMD-2024-10113,2025-05-04,2025-05-06,Same Day,CUST-606,Corporate,Occitanie,Furniture,Tables,130.65,1,0.0,29.38
CMD-2024-10114,2024-08-18,2024-08-19,First Class,CUST-585,Corporate,Île-de-France,Office Supplies,Paper,65.79,4,0.1,21.48
CMD-2024-10115,2024-02-10,2024-02-13,Second Class,CUST-577,Home Office,Île-de-France,Technology,Phones,128.39,3,0.0,41.34
CMD-2024-10116,2024-01-28,2024-01-29,Second Class,CUST-682,Home Office,Occitanie,Furniture,Bookcases,32.38,1,0.3,2.0
CMD-2024-10117,2024-05-14,2024-05-17,Second Class,CUST-432,Corporate,Île-de-France,Technology,Accessories,276.53,4,0.0,55.5
CMD-2024-10118,2024-07-19,2024-07-24,Second Class,CUST-708,Home Office,Occitanie,Office Supplies,Envelopes,79.1,3,0.1,25.1
CMD-2024-10119,2024-02-02,2024-02-07,First Class,CUST-331,Corporate,Occitanie,Office Supplies,Envelopes,97.08,7,0.0,41.68
CMD-2024-10120,2024-02-17,2024-02-19,First Class,CUST-641,Corporate,Occitanie,Office Supplies,Storage,43.39,3,0.0,16.6
CMD-2024-10121,2025-05-17,2025-05-22,Second Class,CUST-129,Corporate,Île-de-France,Office Supplies,Art,454.99,3,0.7,-89.99
CMD-2024-10122,2025-02-10,2025-02-12,Same Day,CUST-272,Corporate,Nouvelle-Aquitaine,Office Supplies,Paper,164.63,2,0.2,9.99
CMD-2024-10123,2025-07-27,2025-07-31,First Class,CUST-567,Home Office,Occitanie,Technology,Machines,201.77,2,0.5,-8.41
CMD-2024-10124,2025-12-28,2025-12-31,Standard Class,CUST-575,Consumer,Occitanie,Technology,Phones,200.38,2,0.0,59.45
CMD-2024-10125,2024-04-08,2024-04-12,First Class,CUST-416,Consumer,Auvergne-Rhône-Alpes,Furniture,Bookcases,131.26,3,0.0,26.14
CMD-2024-10126,2025-11-14,2025-11-18,Standard Class,CUST-496,Corporate,Auvergne-Rhône-Alpes,Office Supplies,Paper,62.05,6,0.1,16.17
CMD-2024-10127,2025-12-26,2025-12-28,Same Day,CUST-224,Home Office,Hauts-de-France,Office Supplies,Binders,315.74,8,0.1,83.75
CMD-2024-10128,2025-06-30,2025-07-03,Standard Class,CUST-179,Consumer,Île-de-France,Technology,Machines,44.89,3,0.0,10.6
CMD-2024-10129,2025-09-04,2025-09-06,Standard Class,CUST-795,Consumer,Nouvelle-Aquitaine,Office Supplies,Art,39.13,8,0.2,-0.85
CMD-2024-10130,2025-04-06,2025-04-07,Same Day,CUST-626,Corporate,Occitanie,Office Supplies,Binders,287.44,8,0.0,60.35
CMD-2024-10131,2025-10-04,2025-10-08,Second Class,CUST-622,Corporate,Occitanie,Furniture,Furnishings,66.54,2,0.0,17.96
CMD-2024-10132,2024-01-05,2024-01-08,First Class,CUST-495,Home Office,Île-de-France,Technology,Phones,95.61,3,0.0,19.15
CMD-2024-10133,2024-08-05,2024-08-09,Same Day,CUST-188,Consumer,Hauts-de-France,Technology,Phones,156.85,2,0.1,18.54
CMD-2024-10134,2025-05-17,2025-05-18,Standard Class,CUST-102,Corporate,Hauts-de-France,Furniture,Furnishings,146.26,2,0.2,12.79
CMD-2024-10135,2025-02-01,2025-02-02,Second Class,CUST-635,Corporate,Auvergne-Rhône-Alpes,Office Supplies,Binders,286.26,2,0.1,99.77
CMD-2024-10136,2025-01-27,2025-01-30,First Class,CUST-700,Home Office,Île-de-France,Technology,Copiers,229.86,7,0.1,66.49
CMD-2024-10137,2024-07-25,2024-07-28,Same Day,CUST-620,Corporate,Hauts-de-France,Furniture,Furnishings,242.47,7,0.0,59.63
CMD-2024-10138,2024-01-15,2024-01-16,First Class,CUST-657,Corporate,Hauts-de-France,Office Supplies,Paper,290.43,6,0.5,-4.22
CMD-2024-10139,2025-07-07,2025-07-11,Second Class,CUST-705,Corporate,Nouvelle-Aquitaine,Office Supplies,Binders,91.16,4,0.5,-9.69
CMD-2024-10140,2025-04-05,2025-04-10,First Class,CUST-170,Corporate,Auvergne-Rhône-Alpes,Office Supplies,Envelopes,100.6,8,0.2,10.73
CMD-2024-10141,2025-11-21,2025-11-25,Second Class,CUST-799,Corporate,Auvergne-Rhône-Alpes,Furniture,Chairs,141.77,3,0.0,41.18
CMD-2024-10142,2025-07-28,2025-08-02,Same Day,CUST-238,Home Office,Auvergne-Rhône-Alpes,Technology,Accessories,95.83,1,0.1,17.56
CMD-2024-10143,2024-08-28,2024-08-30,Second Class,CUST-109,Corporate,Hauts-de-France,Office Supplies,Envelopes,938.03,2,0.1,121.85
CMD-2024-10144,2025-07-17,2025-07-20,Same Day,CUST-614,Consumer,Occitanie,Furniture,Tables,385.1,6,0.7,-140.18
CMD-2024-10145,2024-04-05,2024-04-06,Second Class,CUST-630,Corporate,Hauts-de-France,Technology,Copiers,54.58,1,0.7,-17.55
CMD-2024-10146,2025-04-29,2025-05-01,First Class,CUST-229,Corporate,Hauts-de-France,Technology,Copiers,16.23,7,0.3,0.62
CMD-2024-10147,2025-02-10,2025-02-14,Second Class,CUST-500,Consumer,Île-de-France,Furniture,Furnishings,24.62,4,0.0,9.32
CMD-2024-10148,2024-08-18,2024-08-23,Second Class,CUST-320,Consumer,Auvergne-Rhône-Alpes,Technology,Copiers,76.56,3,0.5,-14.73
CMD-2024-10149,2025-10-16,2025-10-19,First Class,CUST-741,Corporate,Auvergne-Rhône-Alpes,Technology,Copiers,41.7,8,0.1,11.47
CMD-2024-10150,2024-06-19,2024-06-24,Standard Class,CUST-536,Home Office,Nouvelle-Aquitaine,Technology,Accessories,182.67,8,0.3,9.76
CMD-2024-10151,2025-06-24,2025-06-28,Second Class,CUST-499,Consumer,Auvergne-Rhône-Alpes,Technology,Copiers,444.42,7,0.0,194.9
CMD-2024-10152,2024-02-05,2024-02-09,Same Day,CUST-212,Home Office,Hauts-de-France,Furniture,Bookcases,308.62,6,0.0,81.96
CMD-2024-10153,2025-06-08,2025-06-09,Second Class,CUST-749,Corporate,Île-de-France,Furniture,Bookcases,68.43,2,0.1,22.61
CMD-2024-10154,2024-06-08,2024-06-10,Standard Class,CUST-551,Corporate,Nouvelle-Aquitaine,Office Supplies,Binders,127.12,2,0.0,50.36
CMD-2024-10155,2025-11-29,2025-12-02,Same Day,CUST-654,Consumer,Hauts-de-France,Technology,Copiers,170.99,8,0.0,58.36
CMD-2024-10156,2024-08-30,2024-08-31,First Class,CUST-317,Consumer,Hauts-de-France,Technology,Machines,380.6,2,0.3,29.06
CMD-2024-10157,2024-03-26,2024-03-31,First Class,CUST-157,Home Office,Nouvelle-Aquitaine,Furniture,Chairs,416.96,8,0.0,73.13
CMD-2024-10158,2025-07-31,2025-08-02,First Class,CUST-212,Corporate,Hauts-de-France,Furniture,Furnishings,544.06,6,0.0,236.7
CMD-2024-10159,2025-11-12,2025-11-15,Same Day,CUST-799,Consumer,Hauts-de-France,Furniture,Chairs,171.6,7,0.0,31.25
CMD-2024-10160,2025-07-10,2025-07-15,Second Class,CUST-221,Consumer,Île-de-France,Furniture,Furnishings,275.72,1,0.0,87.95
CMD-2024-10161,2025-07-27,2025-07-30,Same Day,CUST-507,Consumer,Île-de-France,Office Supplies,Envelopes,41.08,4,0.7,-15.65
CMD-2024-10162,2025-10-07,2025-10-10,Same Day,CUST-559,Home Office,Île-de-France,Technology,Phones,198.28,3,0.0,55.31
CMD-2024-10163,2024-01-28,2024-01-30,Standard Class,CUST-184,Corporate,Auvergne-Rhône-Alpes,Furniture,Chairs,77.91,8,0.0,25.95
CMD-2024-10164,2025-09-11,2025-09-16,Same Day,CUST-717,Consumer,Nouvelle-Aquitaine,Office Supplies,Storage,139.33,4,0.5,-3.81
CMD-2024-10165,2025-07-09,2025-07-10,First Class,CUST-499,Consumer,Île-de-France,Furniture,Tables,236.16,7,0.3,4.08
CMD-2024-10166,2024-12-05,2024-12-06,Same Day,CUST-455,Consumer,Hauts-de-France,Technology,Machines,80.35,2,0.0,35.86
CMD-2024-10167,2024-11-26,2024-11-27,Standard Class,CUST-198,Corporate,Auvergne-Rhône-Alpes,Furniture,Chairs,26.79,4,0.2,3.96
CMD-2024-10168,2025-10-01,2025-10-04,Same Day,CUST-620,Home Office,Nouvelle-Aquitaine,Office Supplies,Storage,17.26,1,0.2,0.31
CMD-2024-10169,2025-05-20,2025-05-24,Same Day,CUST-617,Home Office,Île-de-France,Technology,Machines,19.93,5,0.2,0.54
CMD-2024-10170,2024-12-13,2024-12-15,First Class,CUST-207,Corporate,Île-de-France,Technology,Accessories,16.84,7,0.1,4.63
CMD-2024-10171,2025-04-17,2025-04-18,Same Day,CUST-251,Home Office,Nouvelle-Aquitaine,Technology,Machines,40.73,5,0.7,-18.93
CMD-2024-10172,2024-08-18,2024-08-20,Second Class,CUST-126,Home Office,Île-de-France,Office Supplies,Envelopes,75.23,3,0.0,22.13
CMD-2024-10173,2024-07-08,2024-07-11,First Class,CUST-218,Consumer,Nouvelle-Aquitaine,Technology,Copiers,70.01,3,0.0,13.61
CMD-2024-10174,2024-08-12,2024-08-14,Standard Class,CUST-199,Home Office,Nouvelle-Aquitaine,Office Supplies,Art,967.0,4,0.0,270.73
CMD-2024-10175,2025-01-19,2025-01-20,Standard Class,CUST-102,Consumer,Hauts-de-France,Furniture,Bookcases,95.36,3,0.0,35.76
CMD-2024-10176,2025-01-11,2025-01-12,Standard Class,CUST-428,Home Office,Nouvelle-Aquitaine,Office Supplies,Binders,44.99,7,0.5,-7.3
CMD-2024-10177,2024-10-09,2024-10-12,Same Day,CUST-628,Consumer,Occitanie,Office Supplies,Art,188.51,6,0.1,20.55
CMD-2024-10178,2025-09-24,2025-09-27,Second Class,CUST-205,Corporate,Île-de-France,Furniture,Furnishings,444.36,8,0.0,100.24
CMD-2024-10179,2025-09-19,2025-09-24,First Class,CUST-329,Corporate,Hauts-de-France,Technology,Accessories,264.35,1,0.0,68.8
CMD-2024-10180,2024-09-15,2024-09-18,Second Class,CUST-403,Home Office,Auvergne-Rhône-Alpes,Technology,Accessories,92.24,2,0.0,15.76
CMD-2024-10181,2024-12-24,2024-12-28,Second Class,CUST-276,Consumer,Occitanie,Technology,Accessories,196.43,2,0.5,-24.49
CMD-2024-10182,2025-12-10,2025-12-14,Standard Class,CUST-183,Corporate,Nouvelle-Aquitaine,Office Supplies,Storage,291.05,8,0.1,70.51
CMD-2024-10183,2025-03-31,2025-04-01,Standard Class,CUST-362,Corporate,Auvergne-Rhône-Alpes,Technology,Phones,301.51,4,0.1,23.71
CMD-2024-10184,2025-02-14,2025-02-17,Second Class,CUST-295,Home Office,Auvergne-Rhône-Alpes,Technology,Machines,256.61,2,0.2,23.27
CMD-2024-10185,2025-10-10,2025-10-14,Second Class,CUST-348,Consumer,Auvergne-Rhône-Alpes,Furniture,Furnishings,465.22,4,0.2,43.82
CMD-2024-10186,2024-11-13,2024-11-17,First Class,CUST-481,Consumer,Auvergne-Rhône-Alpes,Office Supplies,Art,464.03,8,0.1,74.31
CMD-2024-10187,2025-11-07,2025-11-12,Standard Class,CUST-557,Corporate,Hauts-de-France,Technology,Copiers,205.29,3,0.0,65.14
CMD-2024-10188,2024-08-12,2024-08-15,Standard Class,CUST-760,Home Office,Hauts-de-France,Technology,Accessories,138.61,8,0.3,-2.25
CMD-2024-10189,2024-08-21,2024-08-26,Same Day,CUST-508,Corporate,Auvergne-Rhône-Alpes,Technology,Machines,240.72,3,0.2,22.85
CMD-2024-10190,2025-11-14,2025-11-16,Standard Class,CUST-180,Corporate,Occitanie,Office Supplies,Binders,390.08,6,0.2,81.63
CMD-2024-10191,2025-10-25,2025-10-30,First Class,CUST-511,Home Office,Île-de-France,Furniture,Chairs,16.25,6,0.7,-7.01
CMD-2024-10192,2025-01-08,2025-01-10,Same Day,CUST-305,Home Office,Île-de-France,Technology,Accessories,1077.15,1,0.3,70.81
CMD-2024-10193,2025-11-02,2025-11-04,First Class,CUST-487,Home Office,Hauts-de-France,Technology,Copiers,59.44,8,0.3,1.88
CMD-2024-10194,2025-08-30,2025-09-02,Standard Class,CUST-498,Consumer,Occitanie,Technology,Copiers,154.78,2,0.5,-32.27
CMD-2024-10195,2025-04-16,2025-04-18,Standard Class,CUST-107,Home Office,Occitanie,Technology,Accessories,467.31,7,0.0,172.09
CMD-2024-10196,2024-08-20,2024-08-22,Second Class,CUST-725,Home Office,Nouvelle-Aquitaine,Office Supplies,Paper,71.09,6,0.1,16.02
CMD-2024-10197,2025-11-22,2025-11-27,Second Class,CUST-616,Corporate,Hauts-de-France,Office Supplies,Paper,157.51,8,0.1,32.01
CMD-2024-10198,2024-04-22,2024-04-25,First Class,CUST-549,Home Office,Occitanie,Furniture,Chairs,46.29,1,0.0,16.22
CMD-2024-10199,2025-05-11,2025-05-14,Same Day,CUST-575,Home Office,Occitanie,Office Supplies,Art,125.58,5,0.3,15.16
CMD-2024-10200,2025-03-17,2025-03-19,Standard Class,CUST-441,Corporate,Île-de-France,Technology,Copiers,57.89,6,0.2,15.16
CMD-2024-10201,2025-07-17,2025-07-22,Second Class,CUST-172,Consumer,Occitanie,Office Supplies,Binders,114.43,1,0.2,18.17
CMD-2024-10202,2024-09-24,2024-09-29,Second Class,CUST-220,Home Office,Occitanie,Office Supplies,Paper,117.86,4,0.7,-25.65
CMD-2024-10203,2025-05-24,2025-05-29,Standard Class,CUST-401,Corporate,Auvergne-Rhône-Alpes,Furniture,Tables,1112.04,4,0.0,167.17
CMD-2024-10204,2025-01-20,2025-01-25,Standard Class,CUST-333,Consumer,Île-de-France,Office Supplies,Envelopes,1172.55,1,0.2,151.34
CMD-2024-10205,2025-01-21,2025-01-22,Same Day,CUST-165,Consumer,Île-de-France,Technology,Copiers,41.82,3,0.1,5.2
CMD-2024-10206,2024-04-22,2024-04-24,Second Class,CUST-329,Home Office,Auvergne-Rhône-Alpes,Technology,Copiers,299.79,5,0.0,53.44
CMD-2024-10207,2025-09-04,2025-09-06,Same Day,CUST-642,Consumer,Île-de-France,Technology,Copiers,26.69,1,0.0,8.26
CMD-2024-10208,2025-09-16,2025-09-18,Same Day,CUST-150,Home Office,Nouvelle-Aquitaine,Furniture,Tables,21.74,6,0.3,2.26
CMD-2024-10209,2024-03-21,2024-03-24,Standard Class,CUST-758,Consumer,Nouvelle-Aquitaine,Office Supplies,Paper,39.49,3,0.1,7.25
CMD-2024-10210,2025-11-29,2025-12-02,Same Day,CUST-706,Consumer,Hauts-de-France,Office Supplies,Art,755.6,1,0.3,61.23
CMD-2024-10211,2024-04-22,2024-04-27,Standard Class,CUST-428,Consumer,Île-de-France,Furniture,Tables,637.14,2,0.1,131.83
CMD-2024-10212,2024-01-02,2024-01-05,First Class,CUST-486,Home Office,Île-de-France,Office Supplies,Binders,62.43,6,0.0,17.55
CMD-2024-10213,2025-10-03,2025-10-07,Same Day,CUST-137,Consumer,Nouvelle-Aquitaine,Office Supplies,Art,53.8,6,0.0,12.75
CMD-2024-10214,2024-08-07,2024-08-09,Second Class,CUST-272,Corporate,Hauts-de-France,Technology,Copiers,75.53,4,0.0,20.0
CMD-2024-10215,2025-07-19,2025-07-21,Second Class,CUST-592,Corporate,Hauts-de-France,Furniture,Tables,174.44,2,0.7,-65.43
CMD-2024-10216,2024-08-12,2024-08-13,First Class,CUST-554,Consumer,Nouvelle-Aquitaine,Technology,Copiers,200.52,2,0.0,68.95
CMD-2024-10217,2025-01-19,2025-01-20,First Class,CUST-140,Home Office,Nouvelle-Aquitaine,Office Supplies,Binders,70.11,8,0.7,-31.21
CMD-2024-10218,2025-02-06,2025-02-10,Same Day,CUST-228,Corporate,Auvergne-Rhône-Alpes,Office Supplies,Paper,325.89,8,0.7,-147.37
CMD-2024-10219,2025-09-29,2025-09-30,Second Class,CUST-153,Consumer,Hauts-de-France,Technology,Machines,96.49,6,0.7,-27.21
CMD-2024-10220,2024-05-09,2024-05-14,Second Class,CUST-185,Corporate,Hauts-de-France,Office Supplies,Storage,576.6,5,0.1,129.09
CMD-2024-10221,2024-02-22,2024-02-27,Standard Class,CUST-368,Corporate,Auvergne-Rhône-Alpes,Furniture,Furnishings,250.23,7,0.5,-42.77
CMD-2024-10222,2025-11-14,2025-11-16,Standard Class,CUST-395,Corporate,Nouvelle-Aquitaine,Furniture,Bookcases,141.13,8,0.0,27.62
CMD-2024-10223,2025-12-30,2026-01-04,Second Class,CUST-120,Corporate,Auvergne-Rhône-Alpes,Furniture,Chairs,358.25,3,0.0,97.91
CMD-2024-10224,2025-11-02,2025-11-03,Standard Class,CUST-314,Corporate,Auvergne-Rhône-Alpes,Furniture,Bookcases,389.72,4,0.0,150.79
CMD-2024-10225,2025-12-10,2025-12-14,Standard Class,CUST-524,Consumer,Occitanie,Technology,Machines,90.5,2,0.5,-3.0
CMD-2024-10226,2025-02-19,2025-02-24,Standard Class,CUST-288,Corporate,Hauts-de-France,Technology,Phones,106.32,4,0.0,38.36
CMD-2024-10227,2024-09-03,2024-09-05,First Class,CUST-260,Consumer,Nouvelle-Aquitaine,Technology,Phones,619.6,6,0.1,48.31
CMD-2024-10228,2025-03-14,2025-03-16,Second Class,CUST-640,Corporate,Occitanie,Furniture,Bookcases,54.6,3,0.0,19.17
CMD-2024-10229,2024-07-21,2024-07-22,Second Class,CUST-480,Home Office,Occitanie,Technology,Copiers,24.47,1,0.0,5.44
CMD-2024-10230,2024-07-02,2024-07-07,Second Class,CUST-343,Consumer,Occitanie,Office Supplies,Storage,148.15,2,0.0,36.23
CMD-2024-10231,2024-05-02,2024-05-03,Standard Class,CUST-282,Home Office,Nouvelle-Aquitaine,Furniture,Tables,370.41,3,0.3,-22.68
CMD-2024-10232,2025-02-04,2025-02-06,Same Day,CUST-643,Home Office,Auvergne-Rhône-Alpes,Office Supplies,Binders,339.93,7,0.1,99.51
CMD-2024-10233,2024-10-20,2024-10-24,Same Day,CUST-647,Corporate,Nouvelle-Aquitaine,Furniture,Furnishings,569.37,4,0.5,-60.02
CMD-2024-10234,2024-10-06,2024-10-11,Standard Class,CUST-192,Corporate,Hauts-de-France,Furniture,Bookcases,182.61,6,0.2,28.04
CMD-2024-10235,2025-09-01,2025-09-05,First Class,CUST-467,Corporate,Hauts-de-France,Office Supplies,Art,38.2,3,0.7,-10.68
CMD-2024-10236,2024-07-16,2024-07-21,First Class,CUST-258,Corporate,Auvergne-Rhône-Alpes,Technology,Accessories,210.45,1,0.1,27.58
CMD-2024-10237,2025-05-25,2025-05-27,Second Class,CUST-497,Corporate,Nouvelle-Aquitaine,Technology,Accessories,346.51,8,0.1,67.01
CMD-2024-10238,2024-05-23,2024-05-28,Same Day,CUST-279,Home Office,Auvergne-Rhône-Alpes,Office Supplies,Envelopes,36.55,8,0.1,9.14
CMD-2024-10239,2025-08-31,2025-09-02,First Class,CUST-537,Home Office,Auvergne-Rhône-Alpes,Technology,Copiers,56.7,3,0.1,14.23
CMD-2024-10240,2024-07-19,2024-07-22,Same Day,CUST-472,Corporate,Nouvelle-Aquitaine,Technology,Accessories,17.72,6,0.3,2.08
CMD-2024-10241,2024-05-03,2024-05-05,Same Day,CUST-405,Corporate,Hauts-de-France,Furniture,Chairs,213.12,4,0.1,31.14
CMD-2024-10242,2024-07-05,2024-07-07,First Class,CUST-478,Consumer,Nouvelle-Aquitaine,Technology,Machines,494.16,2,0.3,54.9
CMD-2024-10243,2024-11-21,2024-11-26,Standard Class,CUST-317,Consumer,Hauts-de-France,Furniture,Tables,259.35,7,0.2,26.47
CMD-2024-10244,2025-04-08,2025-04-12,Second Class,CUST-428,Home Office,Île-de-France,Technology,Machines,899.31,7,0.0,315.7
CMD-2024-10245,2024-12-14,2024-12-16,Second Class,CUST-442,Home Office,Île-de-France,Office Supplies,Storage,29.32,2,0.2,3.13
CMD-2024-10246,2025-10-21,2025-10-26,First Class,CUST-262,Home Office,Île-de-France,Office Supplies,Art,528.27,5,0.0,229.58
CMD-2024-10247,2025-02-06,2025-02-08,Standard Class,CUST-257,Corporate,Occitanie,Office Supplies,Binders,385.12,4,0.1,43.82
CMD-2024-10248,2024-12-11,2024-12-12,First Class,CUST-209,Home Office,Hauts-de-France,Furniture,Bookcases,97.99,7,0.2,16.9
CMD-2024-10249,2025-05-25,2025-05-26,First Class,CUST-666,Home Office,Hauts-de-France,Office Supplies,Art,813.95,5,0.7,-249.91
CMD-2024-10250,2024-05-26,2024-05-27,Same Day,CUST-449,Home Office,Nouvelle-Aquitaine,Technology,Accessories,89.71,5,0.0,18.11
CMD-2024-10251,2024-05-27,2024-05-28,Same Day,CUST-464,Consumer,Hauts-de-France,Office Supplies,Storage,499.21,6,0.0,84.77
CMD-2024-10252,2025-12-11,2025-12-15,Second Class,CUST-114,Home Office,Nouvelle-Aquitaine,Office Supplies,Binders,482.83,6,0.0,188.18
CMD-2024-10253,2025-05-03,2025-05-05,Same Day,CUST-252,Home Office,Occitanie,Office Supplies,Paper,326.83,6,0.0,64.46
CMD-2024-10254,2025-10-01,2025-10-02,Same Day,CUST-631,Consumer,Nouvelle-Aquitaine,Furniture,Bookcases,197.36,1,0.3,-12.64
CMD-2024-10255,2025-07-04,2025-07-09,Standard Class,CUST-499,Home Office,Île-de-France,Technology,Machines,43.12,4,0.3,7.48
CMD-2024-10256,2024-12-03,2024-12-04,First Class,CUST-151,Corporate,Nouvelle-Aquitaine,Furniture,Furnishings,182.03,2,0.2,33.71
CMD-2024-10257,2025-10-02,2025-10-05,First Class,CUST-568,Consumer,Nouvelle-Aquitaine,Office Supplies,Art,112.08,4,0.3,-5.03
CMD-2024-10258,2025-04-17,2025-04-20,Standard Class,CUST-420,Home Office,Nouvelle-Aquitaine,Technology,Machines,360.68,6,0.0,118.05
CMD-2024-10259,2024-05-30,2024-06-03,Same Day,CUST-695,Consumer,Hauts-de-France,Office Supplies,Paper,327.26,1,0.0,101.53
CMD-2024-10260,2025-02-18,2025-02-21,Same Day,CUST-466,Home Office,Auvergne-Rhône-Alpes,Technology,Phones,546.25,4,0.0,220.33
CMD-2024-10261,2024-10-24,2024-10-29,First Class,CUST-585,Home Office,Auvergne-Rhône-Alpes,Technology,Machines,18.29,4,0.3,1.81
CMD-2024-10262,2025-09-02,2025-09-03,Second Class,CUST-740,Consumer,Auvergne-Rhône-Alpes,Technology,Phones,379.32,5,0.2,83.27
CMD-2024-10263,2024-09-19,2024-09-22,First Class,CUST-115,Corporate,Hauts-de-France,Technology,Accessories,628.38,4,0.2,21.02
CMD-2024-10264,2024-05-23,2024-05-26,Second Class,CUST-510,Consumer,Île-de-France,Furniture,Tables,357.61,5,0.0,122.33
CMD-2024-10265,2024-12-11,2024-12-15,Same Day,CUST-373,Corporate,Auvergne-Rhône-Alpes,Technology,Machines,45.69,5,0.0,7.41
CMD-2024-10266,2025-09-15,2025-09-18,Second Class,CUST-688,Corporate,Auvergne-Rhône-Alpes,Office Supplies,Storage,33.65,3,0.5,-9.4
CMD-2024-10267,2025-07-25,2025-07-26,Second Class,CUST-405,Consumer,Occitanie,Furniture,Chairs,19.63,6,0.0,7.15
CMD-2024-10268,2024-01-02,2024-01-04,Second Class,CUST-191,Home Office,Occitanie,Technology,Accessories,232.99,7,0.2,-5.28
CMD-2024-10269,2024-10-30,2024-10-31,Second Class,CUST-557,Corporate,Île-de-France,Office Supplies,Art,233.54,1,0.0,75.65
CMD-2024-10270,2024-09-10,2024-09-13,Second Class,CUST-369,Consumer,Nouvelle-Aquitaine,Office Supplies,Envelopes,968.96,5,0.0,389.64
CMD-2024-10271,2025-10-13,2025-10-16,First Class,CUST-151,Home Office,Nouvelle-Aquitaine,Office Supplies,Envelopes,126.67,4,0.2,10.64
CMD-2024-10272,2025-03-28,2025-03-31,Standard Class,CUST-220,Home Office,Occitanie,Technology,Copiers,103.73,5,0.0,16.95
CMD-2024-10273,2024-02-06,2024-02-10,Same Day,CUST-149,Home Office,Occitanie,Office Supplies,Paper,230.45,5,0.2,42.44
CMD-2024-10274,2024-06-08,2024-06-13,First Class,CUST-574,Consumer,Île-de-France,Office Supplies,Envelopes,399.22,5,0.2,99.37
CMD-2024-10275,2024-01-09,2024-01-10,Standard Class,CUST-591,Consumer,Île-de-France,Technology,Accessories,622.43,2,0.1,171.26
CMD-2024-10276,2024-08-20,2024-08-23,First Class,CUST-479,Home Office,Hauts-de-France,Technology,Machines,372.54,7,0.2,53.47
CMD-2024-10277,2024-04-08,2024-04-10,Standard Class,CUST-731,Home Office,Nouvelle-Aquitaine,Furniture,Furnishings,137.39,7,0.1,17.72
CMD-2024-10278,2025-10-20,2025-10-24,First Class,CUST-486,Home Office,Hauts-de-France,Technology,Accessories,236.68,2,0.0,36.59
CMD-2024-10279,2024-07-26,2024-07-31,Same Day,CUST-706,Home Office,Auvergne-Rhône-Alpes,Office Supplies,Binders,441.81,2,0.2,78.82
CMD-2024-10280,2024-05-10,2024-05-13,Same Day,CUST-760,Consumer,Île-de-France,Furniture,Furnishings,163.4,2,0.1,21.13
CMD-2024-10281,2025-02-07,2025-02-08,Second Class,CUST-388,Home Office,Nouvelle-Aquitaine,Office Supplies,Envelopes,68.73,7,0.0,28.0
CMD-2024-10282,2024-05-31,2024-06-02,Standard Class,CUST-553,Corporate,Nouvelle-Aquitaine,Furniture,Bookcases,55.92,3,0.5,-8.95
CMD-2024-10283,2024-02-23,2024-02-27,First Class,CUST-470,Corporate,Hauts-de-France,Technology,Accessories,15.03,5,0.1,3.29
CMD-2024-10284,2024-04-29,2024-04-30,Second Class,CUST-283,Consumer,Occitanie,Technology,Copiers,293.67,3,0.3,31.18
CMD-2024-10285,2025-11-03,2025-11-04,First Class,CUST-761,Corporate,Occitanie,Furniture,Furnishings,40.91,4,0.3,4.66
CMD-2024-10286,2025-09-19,2025-09-23,Same Day,CUST-304,Corporate,Île-de-France,Office Supplies,Storage,76.49,7,0.0,26.22
CMD-2024-10287,2025-08-09,2025-08-10,Same Day,CUST-271,Corporate,Occitanie,Office Supplies,Art,92.8,6,0.1,31.69
CMD-2024-10288,2025-09-16,2025-09-18,Standard Class,CUST-321,Consumer,Auvergne-Rhône-Alpes,Technology,Phones,195.81,7,0.0,87.07
CMD-2024-10289,2025-02-23,2025-02-25,First Class,CUST-267,Corporate,Nouvelle-Aquitaine,Technology,Machines,126.63,1,0.0,54.97
CMD-2024-10290,2025-02-25,2025-02-26,First Class,CUST-343,Home Office,Occitanie,Technology,Phones,262.04,3,0.3,33.35
CMD-2024-10291,2024-04-13,2024-04-16,Second Class,CUST-317,Corporate,Île-de-France,Office Supplies,Storage,27.59,2,0.2,5.01
CMD-2024-10292,2024-09-10,2024-09-11,Same Day,CUST-155,Corporate,Auvergne-Rhône-Alpes,Technology,Machines,44.11,8,0.0,15.39
CMD-2024-10293,2024-08-14,2024-08-17,Second Class,CUST-674,Corporate,Hauts-de-France,Furniture,Chairs,167.15,2,0.1,15.23
CMD-2024-10294,2024-04-21,2024-04-22,Second Class,CUST-714,Home Office,Hauts-de-France,Furniture,Furnishings,105.4,4,0.7,-42.01
CMD-2024-10295,2025-05-24,2025-05-29,Standard Class,CUST-266,Consumer,Auvergne-Rhône-Alpes,Office Supplies,Envelopes,92.16,5,0.1,5.69
CMD-2024-10296,2025-04-17,2025-04-19,Second Class,CUST-618,Consumer,Île-de-France,Technology,Accessories,30.26,1,0.2,0.34
CMD-2024-10297,2024-04-08,2024-04-09,Standard Class,CUST-241,Corporate,Hauts-de-France,Technology,Copiers,512.35,3,0.2,52.14
CMD-2024-10298,2024-06-01,2024-06-03,Same Day,CUST-224,Home Office,Nouvelle-Aquitaine,Office Supplies,Art,273.95,5,0.0,53.14
CMD-2024-10299,2024-12-03,2024-12-07,Second Class,CUST-189,Corporate,Nouvelle-Aquitaine,Furniture,Chairs,43.53,5,0.0,18.3
CMD-2024-10300,2025-12-06,2025-12-11,Second Class,CUST-410,Consumer,Île-de-France,Technology,Accessories,29.8,6,0.2,6.31
CMD-2024-10301,2024-06-11,2024-06-14,Second Class,CUST-470,Consumer,Île-de-France,Office Supplies,Art,825.43,6,0.1,67.26
CMD-2024-10302,2025-12-20,2025-12-24,Second Class,CUST-315,Home Office,Nouvelle-Aquitaine,Office Supplies,Art,266.48,3,0.1,35.89
CMD-2024-10303,2025-11-11,2025-11-16,Same Day,CUST-540,Home Office,Île-de-France,Technology,Machines,133.88,3,0.2,28.88
CMD-2024-10304,2024-06-09,2024-06-13,Standard Class,CUST-734,Consumer,Auvergne-Rhône-Alpes,Technology,Copiers,281.15,3,0.2,59.3
CMD-2024-10305,2025-08-02,2025-08-04,Same Day,CUST-285,Consumer,Île-de-France,Furniture,Chairs,325.63,3,0.0,141.2
CMD-2024-10306,2025-02-01,2025-02-06,Standard Class,CUST-252,Consumer,Nouvelle-Aquitaine,Office Supplies,Storage,348.07,2,0.0,156.38
CMD-2024-10307,2024-10-03,2024-10-07,Standard Class,CUST-725,Corporate,Occitanie,Technology,Machines,157.97,7,0.0,69.96
CMD-2024-10308,2025-05-18,2025-05-21,Second Class,CUST-195,Consumer,Île-de-France,Office Supplies,Binders,138.62,7,0.1,25.37
CMD-2024-10309,2025-01-26,2025-01-31,Second Class,CUST-435,Consumer,Hauts-de-France,Furniture,Furnishings,17.44,5,0.0,3.93
CMD-2024-10310,2024-05-14,2024-05-19,Second Class,CUST-614,Home Office,Auvergne-Rhône-Alpes,Technology,Copiers,589.47,7,0.1,169.49
CMD-2024-10311,2024-07-13,2024-07-17,Standard Class,CUST-248,Consumer,Auvergne-Rhône-Alpes,Office Supplies,Envelopes,218.41,8,0.0,52.37
CMD-2024-10312,2025-02-04,2025-02-05,First Class,CUST-722,Consumer,Auvergne-Rhône-Alpes,Office Supplies,Paper,64.96,5,0.1,19.61
CMD-2024-10313,2025-10-01,2025-10-04,First Class,CUST-631,Home Office,Hauts-de-France,Technology,Machines,569.57,2,0.0,176.67
CMD-2024-10314,2024-02-02,2024-02-05,First Class,CUST-501,Consumer,Hauts-de-France,Technology,Accessories,557.15,8,0.1,166.13
CMD-2024-10315,2025-11-18,2025-11-22,Same Day,CUST-793,Home Office,Auvergne-Rhône-Alpes,Furniture,Furnishings,1010.88,7,0.0,235.3
CMD-2024-10316,2025-04-04,2025-04-06,Standard Class,CUST-430,Home Office,Auvergne-Rhône-Alpes,Office Supplies,Art,470.82,5,0.0,142.38
CMD-2024-10317,2025-04-14,2025-04-16,First Class,CUST-326,Home Office,Auvergne-Rhône-Alpes,Office Supplies,Storage,1359.69,3,0.5,-177.84
CMD-2024-10318,2025-01-09,2025-01-10,Standard Class,CUST-457,Home Office,Île-de-France,Furniture,Bookcases,76.74,1,0.0,33.22
CMD-2024-10319,2024-01-22,2024-01-23,Standard Class,CUST-687,Home Office,Hauts-de-France,Office Supplies,Art,421.28,7,0.2,21.06
CMD-2024-10320,2025-10-31,2025-11-04,Same Day,CUST-415,Home Office,Nouvelle-Aquitaine,Furniture,Tables,395.99,8,0.5,-7.52
CMD-2024-10321,2024-02-07,2024-02-09,Second Class,CUST-135,Home Office,Île-de-France,Furniture,Chairs,72.77,6,0.1,21.94
CMD-2024-10322,2024-08-17,2024-08-20,Second Class,CUST-608,Consumer,Nouvelle-Aquitaine,Technology,Copiers,37.8,8,0.3,3.75
CMD-2024-10323,2024-12-30,2025-01-01,Same Day,CUST-577,Corporate,Île-de-France,Technology,Machines,869.36,8,0.0,335.63
CMD-2024-10324,2025-07-16,2025-07-20,Same Day,CUST-527,Consumer,Île-de-France,Technology,Phones,92.22,6,0.1,22.28
CMD-2024-10325,2025-03-13,2025-03-15,Standard Class,CUST-549,Home Office,Nouvelle-Aquitaine,Furniture,Chairs,465.36,5,0.1,62.0
CMD-2024-10326,2024-10-09,2024-10-14,First Class,CUST-189,Home Office,Auvergne-Rhône-Alpes,Technology,Copiers,15.91,1,0.0,3.29
CMD-2024-10327,2024-01-27,2024-01-31,Standard Class,CUST-640,Consumer,Nouvelle-Aquitaine,Office Supplies,Art,19.67,6,0.0,8.06
CMD-2024-10328,2024-08-13,2024-08-18,Standard Class,CUST-275,Corporate,Occitanie,Technology,Copiers,152.97,7,0.0,56.22
CMD-2024-10329,2024-10-03,2024-10-07,First Class,CUST-519,Consumer,Hauts-de-France,Technology,Copiers,75.0,1,0.2,2.55
CMD-2024-10330,2025-08-31,2025-09-03,Second Class,CUST-747,Consumer,Occitanie,Furniture,Tables,272.55,8,0.5,-31.47
CMD-2024-10331,2024-10-10,2024-10-14,Standard Class,CUST-786,Consumer,Île-de-France,Office Supplies,Binders,198.42,2,0.0,56.4
CMD-2024-10332,2025-04-25,2025-04-29,Second Class,CUST-737,Corporate,Nouvelle-Aquitaine,Technology,Phones,32.74,4,0.0,6.47
CMD-2024-10333,2025-03-28,2025-04-01,Second Class,CUST-270,Home Office,Auvergne-Rhône-Alpes,Technology,Copiers,54.05,5,0.0,16.73
CMD-2024-10334,2025-10-20,2025-10-24,Second Class,CUST-493,Corporate,Auvergne-Rhône-Alpes,Office Supplies,Art,123.04,2,0.1,17.77
CMD-2024-10335,2025-05-30,2025-05-31,Standard Class,CUST-365,Consumer,Occitanie,Technology,Machines,60.17,2,0.2,-0.07
CMD-2024-10336,2025-06-30,2025-07-05,First Class,CUST-603,Consumer,Occitanie,Technology,Phones,360.68,1,0.0,104.63
CMD-2024-10337,2024-07-10,2024-07-14,First Class,CUST-233,Corporate,Île-de-France,Office Supplies,Art,133.35,5,0.0,43.61
CMD-2024-10338,2024-02-18,2024-02-22,Second Class,CUST-125,Corporate,Hauts-de-France,Technology,Machines,36.58,2,0.2,-0.58
CMD-2024-10339,2025-05-26,2025-05-27,Second Class,CUST-376,Home Office,Île-de-France,Furniture,Bookcases,160.71,3,0.3,0.1
CMD-2024-10340,2024-01-17,2024-01-19,First Class,CUST-199,Home Office,Auvergne-Rhône-Alpes,Furniture,Chairs,35.95,2,0.1,4.94
CMD-2024-10341,2024-06-20,2024-06-21,Same Day,CUST-541,Corporate,Nouvelle-Aquitaine,Technology,Copiers,45.37,3,0.1,3.14
CMD-2024-10342,2024-08-07,2024-08-08,Same Day,CUST-524,Home Office,Occitanie,Technology,Phones,75.26,4,0.0,14.13
CMD-2024-10343,2024-06-06,2024-06-07,Second Class,CUST-129,Consumer,Auvergne-Rhône-Alpes,Technology,Copiers,446.8,3,0.0,85.66
CMD-2024-10344,2025-04-21,2025-04-25,First Class,CUST-744,Corporate,Île-de-France,Technology,Copiers,583.73,3,0.0,119.58
CMD-2024-10345,2024-02-15,2024-02-16,Same Day,CUST-595,Home Office,Hauts-de-France,Technology,Accessories,400.04,1,0.0,156.42
CMD-2024-10346,2025-01-07,2025-01-08,First Class,CUST-750,Consumer,Nouvelle-Aquitaine,Office Supplies,Art,104.45,2,0.5,-17.56
CMD-2024-10347,2025-06-01,2025-06-02,Standard Class,CUST-290,Corporate,Hauts-de-France,Furniture,Chairs,84.97,4,0.1,8.85
CMD-2024-10348,2024-04-08,2024-04-12,Second Class,CUST-286,Home Office,Île-de-France,Furniture,Furnishings,190.26,2,0.0,34.26
CMD-2024-10349,2024-02-06,2024-02-09,Same Day,CUST-239,Consumer,Île-de-France,Office Supplies,Storage,296.51,7,0.0,70.98
CMD-2024-10350,2024-10-06,2024-10-09,Second Class,CUST-419,Corporate,Auvergne-Rhône-Alpes,Office Supplies,Art,1118.65,7,0.0,435.61
CMD-2024-10351,2024-12-14,2024-12-16,Standard Class,CUST-468,Home Office,Nouvelle-Aquitaine,Technology,Copiers,46.04,3,0.1,7.8
CMD-2024-10352,2025-05-11,2025-05-15,First Class,CUST-396,Consumer,Île-de-France,Office Supplies,Binders,26.12,6,0.0,5.17
CMD-2024-10353,2024-10-28,2024-10-29,Second Class,CUST-299,Consumer,Auvergne-Rhône-Alpes,Technology,Copiers,275.77,3,0.0,74.8
CMD-2024-10354,2024-06-29,2024-06-30,Same Day,CUST-478,Consumer,Île-de-France,Technology,Machines,407.73,2,0.1,92.39
CMD-2024-10355,2025-08-29,2025-08-30,Standard Class,CUST-179,Consumer,Auvergne-Rhône-Alpes,Office Supplies,Storage,427.08,8,0.0,67.85
CMD-2024-10356,2024-04-08,2024-04-11,Same Day,CUST-546,Corporate,Hauts-de-France,Furniture,Tables,264.62,4,0.0,89.52
CMD-2024-10357,2025-11-30,2025-12-01,First Class,CUST-600,Consumer,Auvergne-Rhône-Alpes,Furniture,Furnishings,692.48,6,0.0,185.95
CMD-2024-10358,2024-04-25,2024-04-26,Same Day,CUST-358,Corporate,Hauts-de-France,Technology,Copiers,172.39,4,0.0,26.36
CMD-2024-10359,2024-07-09,2024-07-12,Same Day,CUST-712,Corporate,Occitanie,Furniture,Bookcases,554.28,1,0.0,195.2
CMD-2024-10360,2024-09-09,2024-09-10,Same Day,CUST-643,Home Office,Île-de-France,Technology,Accessories,770.96,3,0.0,280.41
CMD-2024-10361,2024-06-09,2024-06-11,Standard Class,CUST-220,Corporate,Occitanie,Office Supplies,Envelopes,428.24,3,0.2,67.94
CMD-2024-10362,2024-09-12,2024-09-17,Same Day,CUST-154,Consumer,Nouvelle-Aquitaine,Technology,Accessories,96.56,7,0.2,7.01
CMD-2024-10363,2024-11-18,2024-11-20,Same Day,CUST-592,Corporate,Occitanie,Office Supplies,Art,63.05,1,0.1,13.8
CMD-2024-10364,2024-05-07,2024-05-11,Standard Class,CUST-117,Corporate,Auvergne-Rhône-Alpes,Furniture,Bookcases,189.75,7,0.3,-0.73
CMD-2024-10365,2024-01-18,2024-01-20,Standard Class,CUST-408,Home Office,Auvergne-Rhône-Alpes,Office Supplies,Storage,147.73,2,0.0,53.21
CMD-2024-10366,2025-07-19,2025-07-21,Standard Class,CUST-732,Corporate,Nouvelle-Aquitaine,Office Supplies,Art,477.39,3,0.3,26.29
CMD-2024-10367,2025-07-23,2025-07-26,First Class,CUST-209,Home Office,Nouvelle-Aquitaine,Office Supplies,Binders,38.19,2,0.0,6.67
CMD-2024-10368,2024-11-18,2024-11-22,Standard Class,CUST-430,Corporate,Île-de-France,Technology,Copiers,80.57,4,0.0,27.63
CMD-2024-10369,2025-11-16,2025-11-18,First Class,CUST-672,Home Office,Auvergne-Rhône-Alpes,Technology,Accessories,321.57,6,0.0,114.53
CMD-2024-10370,2025-09-17,2025-09-22,Standard Class,CUST-363,Corporate,Nouvelle-Aquitaine,Technology,Phones,36.96,6,0.0,9.65
CMD-2024-10371,2024-10-14,2024-10-16,Standard Class,CUST-367,Consumer,Occitanie,Office Supplies,Storage,100.09,6,0.7,-21.75
CMD-2024-10372,2025-10-24,2025-10-25,Second Class,CUST-534,Corporate,Auvergne-Rhône-Alpes,Office Supplies,Envelopes,122.72,7,0.0,49.44
CMD-2024-10373,2025-09-30,2025-10-03,Second Class,CUST-549,Home Office,Nouvelle-Aquitaine,Furniture,Chairs,229.38,5,0.0,46.46
CMD-2024-10374,2024-06-03,2024-06-04,Second Class,CUST-396,Home Office,Île-de-France,Technology,Phones,52.87,1,0.0,22.27
CMD-2024-10375,2025-05-04,2025-05-08,Second Class,CUST-738,Consumer,Hauts-de-France,Furniture,Tables,448.5,6,0.0,126.59
CMD-2024-10376,2025-01-20,2025-01-24,Standard Class,CUST-236,Consumer,Auvergne-Rhône-Alpes,Furniture,Chairs,145.54,3,0.0,53.43
CMD-2024-10377,2024-04-13,2024-04-16,Standard Class,CUST-689,Home Office,Auvergne-Rhône-Alpes,Furniture,Chairs,562.62,1,0.0,221.8
CMD-2024-10378,2025-01-27,2025-01-29,First Class,CUST-496,Consumer,Auvergne-Rhône-Alpes,Office Supplies,Envelopes,153.79,4,0.0,46.37
CMD-2024-10379,2024-09-02,2024-09-06,Standard Class,CUST-283,Corporate,Auvergne-Rhône-Alpes,Office Supplies,Paper,85.76,4,0.3,-0.02
CMD-2024-10380,2024-06-24,2024-06-29,First Class,CUST-511,Corporate,Hauts-de-France,Technology,Accessories,48.65,7,0.0,20.66
CMD-2024-10381,2024-02-08,2024-02-11,Same Day,CUST-700,Consumer,Hauts-de-France,Furniture,Tables,15.83,4,0.0,3.47
CMD-2024-10382,2025-04-21,2025-04-22,Same Day,CUST-419,Corporate,Île-de-France,Furniture,Furnishings,182.12,4,0.1,24.97
CMD-2024-10383,2025-11-12,2025-11-17,Standard Class,CUST-675,Corporate,Auvergne-Rhône-Alpes,Technology,Machines,39.94,8,0.7,-14.84
CMD-2024-10384,2025-06-21,2025-06-24,Same Day,CUST-425,Consumer,Nouvelle-Aquitaine,Technology,Copiers,124.37,5,0.0,50.72
CMD-2024-10385,2025-02-11,2025-02-16,Standard Class,CUST-666,Home Office,Occitanie,Technology,Accessories,210.76,8,0.0,90.97
CMD-2024-10386,2025-06-08,2025-06-11,First Class,CUST-516,Corporate,Auvergne-Rhône-Alpes,Office Supplies,Envelopes,85.96,2,0.7,-35.59
CMD-2024-10387,2025-05-20,2025-05-21,Second Class,CUST-799,Consumer,Hauts-de-France,Furniture,Furnishings,57.38,2,0.0,23.48
CMD-2024-10388,2024-02-05,2024-02-07,Same Day,CUST-706,Home Office,Île-de-France,Furniture,Tables,342.89,8,0.1,47.13
CMD-2024-10389,2025-11-15,2025-11-18,Standard Class,CUST-189,Corporate,Auvergne-Rhône-Alpes,Office Supplies,Envelopes,660.38,6,0.0,291.35
CMD-2024-10390,2024-01-20,2024-01-24,Second Class,CUST-540,Corporate,Île-de-France,Office Supplies,Storage,38.29,5,0.5,-4.62
CMD-2024-10391,2024-11-16,2024-11-17,First Class,CUST-174,Consumer,Nouvelle-Aquitaine,Technology,Accessories,52.21,7,0.7,-24.95
CMD-2024-10392,2025-05-26,2025-05-27,Standard Class,CUST-673,Corporate,Nouvelle-Aquitaine,Furniture,Furnishings,723.22,2,0.3,-79.38
CMD-2024-10393,2025-02-03,2025-02-08,Same Day,CUST-366,Home Office,Nouvelle-Aquitaine,Furniture,Tables,23.47,8,0.0,4.56
CMD-2024-10394,2025-10-15,2025-10-19,First Class,CUST-732,Consumer,Nouvelle-Aquitaine,Office Supplies,Art,851.03,7,0.0,175.54
CMD-2024-10395,2025-04-15,2025-04-20,Standard Class,CUST-411,Consumer,Occitanie,Office Supplies,Binders,16.02,7,0.0,6.09
CMD-2024-10396,2024-05-22,2024-05-23,Same Day,CUST-582,Consumer,Île-de-France,Office Supplies,Art,470.15,4,0.3,-25.0
CMD-2024-10397,2024-04-01,2024-04-04,First Class,CUST-127,Consumer,Auvergne-Rhône-Alpes,Technology,Machines,95.78,2,0.5,-0.89
CMD-2024-10398,2024-12-19,2024-12-23,First Class,CUST-441,Home Office,Occitanie,Office Supplies,Binders,628.84,1,0.0,214.33
CMD-2024-10399,2025-12-27,2025-12-28,Second Class,CUST-525,Home Office,Auvergne-Rhône-Alpes,Technology,Phones,98.86,6,0.2,17.57
CMD-2024-10400,2024-02-20,2024-02-24,Second Class,CUST-634,Home Office,Hauts-de-France,Technology,Phones,248.68,2,0.0,53.55
CMD-2024-10401,2025-10-26,2025-10-29,Second Class,CUST-509,Home Office,Occitanie,Technology,Phones,33.35,1,0.0,13.93
CMD-2024-10402,2025-11-28,2025-11-30,Standard Class,CUST-710,Home Office,Occitanie,Technology,Copiers,76.05,3,0.1,19.8
CMD-2024-10403,2025-07-28,2025-08-02,First Class,CUST-384,Home Office,Hauts-de-France,Technology,Copiers,341.88,1,0.0,139.94
CMD-2024-10404,2024-07-08,2024-07-13,Second Class,CUST-721,Consumer,Occitanie,Office Supplies,Envelopes,180.49,1,0.0,78.86
CMD-2024-10405,2024-05-04,2024-05-05,Same Day,CUST-205,Consumer,Île-de-France,Office Supplies,Binders,593.75,4,0.0,111.44
CMD-2024-10406,2024-05-29,2024-05-30,Standard Class,CUST-603,Consumer,Nouvelle-Aquitaine,Technology,Copiers,138.18,4,0.3,-12.58
CMD-2024-10407,2024-11-09,2024-11-12,Second Class,CUST-145,Home Office,Auvergne-Rhône-Alpes,Technology,Copiers,463.53,6,0.3,56.1
CMD-2024-10408,2025-07-23,2025-07-24,Standard Class,CUST-546,Consumer,Hauts-de-France,Technology,Phones,146.11,4,0.5,-5.87
CMD-2024-10409,2024-12-07,2024-12-08,First Class,CUST-243,Home Office,Nouvelle-Aquitaine,Technology,Copiers,867.53,1,0.2,125.9
CMD-2024-10410,2024-10-31,2024-11-01,Same Day,CUST-636,Consumer,Occitanie,Technology,Machines,722.24,5,0.1,122.64
CMD-2024-10411,2025-11-22,2025-11-26,First Class,CUST-161,Home Office,Île-de-France,Office Supplies,Binders,102.82,4,0.0,35.55
CMD-2024-10412,2025-11-12,2025-11-16,Same Day,CUST-181,Home Office,Occitanie,Technology,Phones,492.6,4,0.7,-191.28
CMD-2024-10413,2024-02-23,2024-02-25,First Class,CUST-435,Home Office,Hauts-de-France,Furniture,Furnishings,428.89,8,0.1,56.41
CMD-2024-10414,2025-03-19,2025-03-23,Standard Class,CUST-310,Corporate,Occitanie,Technology,Phones,67.05,1,0.2,7.81
CMD-2024-10415,2025-09-04,2025-09-09,First Class,CUST-499,Corporate,Île-de-France,Office Supplies,Binders,230.37,3,0.2,8.03
CMD-2024-10416,2024-09-20,2024-09-22,Same Day,CUST-446,Home Office,Occitanie,Office Supplies,Art,31.6,3,0.3,0.79
CMD-2024-10417,2024-02-22,2024-02-23,Standard Class,CUST-297,Consumer,Occitanie,Office Supplies,Art,413.69,8,0.0,180.78
CMD-2024-10418,2025-07-25,2025-07-30,Standard Class,CUST-476,Home Office,Occitanie,Office Supplies,Binders,57.2,2,0.0,22.99
CMD-2024-10419,2025-09-11,2025-09-13,Same Day,CUST-261,Home Office,Occitanie,Technology,Machines,31.16,6,0.2,7.87
CMD-2024-10420,2024-01-05,2024-01-07,Same Day,CUST-307,Corporate,Île-de-France,Technology,Copiers,127.46,3,0.3,15.54
CMD-2024-10421,2024-04-12,2024-04-17,Standard Class,CUST-526,Home Office,Auvergne-Rhône-Alpes,Office Supplies,Binders,204.24,4,0.2,15.61
CMD-2024-10422,2024-07-14,2024-07-16,Same Day,CUST-143,Corporate,Nouvelle-Aquitaine,Furniture,Chairs,439.7,5,0.0,173.07
CMD-2024-10423,2024-12-15,2024-12-20,First Class,CUST-590,Consumer,Hauts-de-France,Furniture,Tables,819.99,2,0.0,350.03
CMD-2024-10424,2024-02-16,2024-02-18,First Class,CUST-378,Consumer,Auvergne-Rhône-Alpes,Technology,Phones,142.36,6,0.2,36.18
CMD-2024-10425,2025-10-17,2025-10-19,First Class,CUST-245,Consumer,Île-de-France,Technology,Phones,28.72,5,0.2,5.02
CMD-2024-10426,2024-09-25,2024-09-27,Standard Class,CUST-168,Home Office,Hauts-de-France,Furniture,Bookcases,319.21,5,0.1,39.39
CMD-2024-10427,2025-01-04,2025-01-09,First Class,CUST-751,Corporate,Hauts-de-France,Furniture,Furnishings,198.22,4,0.0,32.1
CMD-2024-10428,2025-09-27,2025-09-29,Standard Class,CUST-621,Home Office,Occitanie,Office Supplies,Art,145.68,1,0.5,-37.27
CMD-2024-10429,2024-04-15,2024-04-19,Same Day,CUST-210,Consumer,Nouvelle-Aquitaine,Technology,Copiers,96.4,1,0.1,33.71
CMD-2024-10430,2025-10-31,2025-11-04,First Class,CUST-648,Home Office,Nouvelle-Aquitaine,Furniture,Tables,168.55,1,0.2,18.31
CMD-2024-10431,2025-10-20,2025-10-24,Standard Class,CUST-692,Corporate,Île-de-France,Technology,Accessories,105.97,3,0.0,43.08
CMD-2024-10432,2025-10-18,2025-10-22,Second Class,CUST-707,Corporate,Auvergne-Rhône-Alpes,Technology,Accessories,326.24,1,0.0,94.45
CMD-2024-10433,2024-04-29,2024-05-03,First Class,CUST-154,Consumer,Occitanie,Furniture,Furnishings,187.71,6,0.3,14.69
CMD-2024-10434,2025-08-26,2025-08-27,First Class,CUST-743,Consumer,Nouvelle-Aquitaine,Technology,Machines,475.75,8,0.0,74.81
CMD-2024-10435,2024-02-27,2024-02-29,Standard Class,CUST-322,Consumer,Occitanie,Technology,Machines,187.54,4,0.1,25.31
CMD-2024-10436,2024-12-11,2024-12-14,Standard Class,CUST-674,Home Office,Auvergne-Rhône-Alpes,Technology,Accessories,74.87,8,0.1,14.29
CMD-2024-10437,2025-04-18,2025-04-19,Same Day,CUST-623,Corporate,Hauts-de-France,Technology,Accessories,433.97,3,0.2,69.08
CMD-2024-10438,2024-04-26,2024-05-01,Standard Class,CUST-245,Home Office,Auvergne-Rhône-Alpes,Technology,Phones,194.23,6,0.0,39.13
CMD-2024-10439,2024-05-06,2024-05-07,Same Day,CUST-363,Consumer,Hauts-de-France,Technology,Phones,65.98,1,0.0,25.03
CMD-2024-10440,2025-01-27,2025-01-30,Second Class,CUST-643,Corporate,Auvergne-Rhône-Alpes,Technology,Machines,229.91,6,0.5,-43.84
CMD-2024-10441,2025-10-02,2025-10-03,Same Day,CUST-567,Consumer,Occitanie,Technology,Accessories,112.4,8,0.1,34.31
CMD-2024-10442,2024-02-27,2024-02-29,First Class,CUST-660,Corporate,Auvergne-Rhône-Alpes,Furniture,Furnishings,424.31,5,0.0,76.12
CMD-2024-10443,2025-09-25,2025-09-29,Standard Class,CUST-286,Corporate,Nouvelle-Aquitaine,Technology,Machines,147.85,4,0.0,52.33
CMD-2024-10444,2025-05-27,2025-05-29,Second Class,CUST-442,Consumer,Nouvelle-Aquitaine,Technology,Phones,300.17,4,0.7,-117.67
CMD-2024-10445,2024-04-05,2024-04-06,Second Class,CUST-198,Corporate,Île-de-France,Technology,Copiers,37.09,8,0.0,14.41
CMD-2024-10446,2025-09-29,2025-10-02,Standard Class,CUST-778,Corporate,Nouvelle-Aquitaine,Office Supplies,Paper,125.93,6,0.1,22.75
CMD-2024-10447,2024-04-27,2024-05-02,First Class,CUST-405,Consumer,Nouvelle-Aquitaine,Office Supplies,Art,914.55,2,0.0,319.73
CMD-2024-10448,2025-07-13,2025-07-15,Standard Class,CUST-298,Corporate,Hauts-de-France,Office Supplies,Storage,378.59,8,0.3,60.68
CMD-2024-10449,2025-08-23,2025-08-26,Standard Class,CUST-253,Consumer,Occitanie,Office Supplies,Storage,53.34,4,0.2,-1.27
CMD-2024-10450,2025-05-02,2025-05-07,Standard Class,CUST-195,Home Office,Occitanie,Furniture,Furnishings,86.59,5,0.1,5.48
CMD-2024-10451,2024-08-24,2024-08-28,Same Day,CUST-674,Home Office,Hauts-de-France,Office Supplies,Art,103.04,8,0.0,39.27
CMD-2024-10452,2024-09-28,2024-09-30,Second Class,CUST-458,Consumer,Nouvelle-Aquitaine,Furniture,Chairs,246.19,8,0.3,18.2
CMD-2024-10453,2024-07-07,2024-07-09,Second Class,CUST-498,Corporate,Auvergne-Rhône-Alpes,Technology,Copiers,326.23,4,0.0,77.61
CMD-2024-10454,2025-12-04,2025-12-08,First Class,CUST-475,Home Office,Hauts-de-France,Technology,Machines,319.57,8,0.5,-48.47
CMD-2024-10455,2025-03-22,2025-03-26,Second Class,CUST-701,Consumer,Occitanie,Technology,Copiers,171.88,2,0.1,12.48
CMD-2024-10456,2025-08-03,2025-08-04,Standard Class,CUST-427,Consumer,Île-de-France,Office Supplies,Paper,381.31,4,0.2,10.58
CMD-2024-10457,2024-09-03,2024-09-08,Second Class,CUST-371,Corporate,Occitanie,Furniture,Bookcases,141.42,7,0.0,39.22
CMD-2024-10458,2024-03-16,2024-03-19,First Class,CUST-696,Corporate,Auvergne-Rhône-Alpes,Office Supplies,Envelopes,44.1,4,0.2,9.71
CMD-2024-10459,2024-06-02,2024-06-06,Same Day,CUST-394,Corporate,Occitanie,Technology,Machines,197.85,2,0.0,58.15
CMD-2024-10460,2025-10-17,2025-10-18,Same Day,CUST-494,Consumer,Hauts-de-France,Furniture,Tables,684.43,7,0.0,223.06
CMD-2024-10461,2025-03-10,2025-03-15,Standard Class,CUST-571,Home Office,Île-de-France,Technology,Accessories,361.5,7,0.0,148.98
CMD-2024-10462,2024-03-26,2024-03-31,Standard Class,CUST-647,Consumer,Occitanie,Technology,Machines,205.17,4,0.0,49.78
CMD-2024-10463,2025-11-27,2025-11-29,Second Class,CUST-117,Corporate,Hauts-de-France,Office Supplies,Binders,243.96,8,0.0,87.88
CMD-2024-10464,2024-10-11,2024-10-12,Second Class,CUST-176,Corporate,Hauts-de-France,Furniture,Furnishings,601.81,6,0.0,245.84
CMD-2024-10465,2024-08-07,2024-08-08,First Class,CUST-148,Consumer,Hauts-de-France,Technology,Copiers,138.03,3,0.3,-8.17
CMD-2024-10466,2024-03-09,2024-03-11,Standard Class,CUST-597,Corporate,Île-de-France,Office Supplies,Envelopes,103.56,7,0.0,26.61
CMD-2024-10467,2024-02-16,2024-02-19,First Class,CUST-525,Corporate,Hauts-de-France,Technology,Phones,847.22,6,0.2,223.62
CMD-2024-10468,2024-04-03,2024-04-07,Same Day,CUST-655,Consumer,Île-de-France,Office Supplies,Storage,453.02,4,0.0,201.58
CMD-2024-10469,2025-03-28,2025-03-30,Second Class,CUST-720,Home Office,Auvergne-Rhône-Alpes,Technology,Phones,100.83,1,0.1,12.8
CMD-2024-10470,2024-07-22,2024-07-26,Standard Class,CUST-228,Corporate,Auvergne-Rhône-Alpes,Technology,Machines,152.11,1,0.1,12.16
CMD-2024-10471,2024-08-05,2024-08-06,Second Class,CUST-618,Home Office,Auvergne-Rhône-Alpes,Technology,Copiers,132.98,3,0.7,-53.02
CMD-2024-10472,2025-04-18,2025-04-20,Standard Class,CUST-403,Home Office,Hauts-de-France,Technology,Machines,50.52,7,0.3,-0.03
CMD-2024-10473,2025-03-07,2025-03-10,Same Day,CUST-211,Home Office,Île-de-France,Technology,Machines,711.47,4,0.1,136.82
CMD-2024-10474,2024-12-06,2024-12-10,First Class,CUST-462,Home Office,Auvergne-Rhône-Alpes,Furniture,Bookcases,128.97,5,0.2,20.07
CMD-2024-10475,2025-07-04,2025-07-08,Standard Class,CUST-165,Corporate,Nouvelle-Aquitaine,Office Supplies,Binders,473.06,7,0.0,198.61
CMD-2024-10476,2025-09-03,2025-09-07,Second Class,CUST-130,Corporate,Auvergne-Rhône-Alpes,Office Supplies,Envelopes,61.18,4,0.1,9.73
CMD-2024-10477,2024-10-15,2024-10-16,Standard Class,CUST-394,Consumer,Hauts-de-France,Technology,Copiers,189.63,1,0.0,76.8
CMD-2024-10478,2024-09-10,2024-09-14,First Class,CUST-418,Corporate,Nouvelle-Aquitaine,Furniture,Furnishings,20.34,2,0.0,3.62
CMD-2024-10479,2024-12-22,2024-12-27,Same Day,CUST-113,Consumer,Occitanie,Technology,Copiers,332.87,3,0.0,54.11
CMD-2024-10480,2024-01-23,2024-01-27,Second Class,CUST-669,Home Office,Nouvelle-Aquitaine,Technology,Phones,206.33,2,0.2,25.01
CMD-2024-10481,2025-06-05,2025-06-06,Same Day,CUST-341,Consumer,Occitanie,Office Supplies,Envelopes,231.13,5,0.1,18.0
CMD-2024-10482,2024-04-09,2024-04-11,Same Day,CUST-452,Consumer,Nouvelle-Aquitaine,Furniture,Furnishings,26.68,4,0.2,2.34
CMD-2024-10483,2024-06-28,2024-07-02,First Class,CUST-347,Corporate,Île-de-France,Technology,Accessories,67.15,8,0.1,22.09
CMD-2024-10484,2024-08-10,2024-08-14,Standard Class,CUST-709,Consumer,Nouvelle-Aquitaine,Technology,Phones,31.99,5,0.0,7.12
CMD-2024-10485,2025-10-20,2025-10-22,Standard Class,CUST-567,Home Office,Auvergne-Rhône-Alpes,Office Supplies,Storage,90.01,2,0.2,16.36
CMD-2024-10486,2025-03-17,2025-03-22,Standard Class,CUST-487,Corporate,Occitanie,Technology,Phones,232.22,4,0.3,-6.8
CMD-2024-10487,2025-08-30,2025-08-31,Standard Class,CUST-773,Corporate,Occitanie,Furniture,Furnishings,198.73,7,0.5,-56.94
CMD-2024-10488,2024-11-20,2024-11-22,Second Class,CUST-541,Corporate,Auvergne-Rhône-Alpes,Furniture,Chairs,223.37,6,0.1,50.71
CMD-2024-10489,2025-05-30,2025-05-31,Same Day,CUST-441,Home Office,Île-de-France,Technology,Accessories,190.31,6,0.2,41.95
CMD-2024-10490,2024-01-16,2024-01-18,Standard Class,CUST-615,Consumer,Nouvelle-Aquitaine,Technology,Machines,85.15,7,0.2,7.91
CMD-2024-10491,2024-12-01,2024-12-04,Same Day,CUST-144,Corporate,Île-de-France,Furniture,Tables,76.68,5,0.0,25.7
CMD-2024-10492,2024-09-14,2024-09-19,Second Class,CUST-518,Consumer,Auvergne-Rhône-Alpes,Office Supplies,Envelopes,47.43,8,0.0,19.92
CMD-2024-10493,2025-05-11,2025-05-14,Second Class,CUST-302,Home Office,Nouvelle-Aquitaine,Furniture,Chairs,431.01,6,0.0,166.76
CMD-2024-10494,2024-06-08,2024-06-10,Second Class,CUST-638,Home Office,Auvergne-Rhône-Alpes,Furniture,Tables,225.84,8,0.0,47.01
CMD-2024-10495,2025-04-19,2025-04-21,Same Day,CUST-485,Home Office,Occitanie,Office Supplies,Art,60.41,8,0.1,16.92
CMD-2024-10496,2025-10-25,2025-10-26,Standard Class,CUST-729,Corporate,Occitanie,Office Supplies,Binders,57.91,6,0.7,-19.08
CMD-2024-10497,2025-11-20,2025-11-22,Same Day,CUST-459,Corporate,Occitanie,Furniture,Chairs,469.05,1,0.0,175.33
CMD-2024-10498,2025-11-05,2025-11-06,Standard Class,CUST-567,Consumer,Hauts-de-France,Furniture,Bookcases,313.68,6,0.2,37.13
CMD-2024-10499,2025-01-14,2025-01-15,First Class,CUST-304,Consumer,Hauts-de-France,Furniture,Tables,251.95,1,0.2,2.11
CMD-2024-10500,2025-06-28,2025-06-30,Standard Class,CUST-346,Corporate,Occitanie,Office Supplies,Binders,129.91,3,0.0,41.7
CMD-2024-10501,2025-11-21,2025-11-22,Standard Class,CUST-148,Home Office,Hauts-de-France,Furniture,Tables,81.83,1,0.0,24.36
CMD-2024-10502,2025-03-02,2025-03-07,Standard Class,CUST-465,Home Office,Hauts-de-France,Furniture,Chairs,869.68,1,0.1,187.31
CMD-2024-10503,2025-09-04,2025-09-07,Second Class,CUST-352,Corporate,Auvergne-Rhône-Alpes,Technology,Machines,366.06,2,0.2,85.54
CMD-2024-10504,2024-09-24,2024-09-26,First Class,CUST-177,Consumer,Nouvelle-Aquitaine,Furniture,Chairs,94.03,8,0.7,-19.89
CMD-2024-10505,2025-07-30,2025-07-31,Standard Class,CUST-731,Home Office,Occitanie,Technology,Accessories,428.82,8,0.0,122.67
CMD-2024-10506,2025-02-20,2025-02-21,First Class,CUST-516,Corporate,Hauts-de-France,Technology,Phones,327.99,1,0.3,5.48
CMD-2024-10507,2024-06-16,2024-06-17,Same Day,CUST-134,Consumer,Auvergne-Rhône-Alpes,Technology,Phones,92.55,1,0.0,28.19
CMD-2024-10508,2024-02-12,2024-02-13,Same Day,CUST-537,Consumer,Auvergne-Rhône-Alpes,Furniture,Tables,137.34,2,0.2,17.29
CMD-2024-10509,2025-07-09,2025-07-14,Second Class,CUST-411,Home Office,Nouvelle-Aquitaine,Furniture,Chairs,60.26,1,0.1,20.8
CMD-2024-10510,2024-10-11,2024-10-13,Same Day,CUST-242,Home Office,Auvergne-Rhône-Alpes,Technology,Copiers,40.9,6,0.0,14.1
CMD-2024-10511,2025-01-31,2025-02-02,First Class,CUST-296,Home Office,Île-de-France,Furniture,Chairs,297.23,7,0.0,69.33
CMD-2024-10512,2024-01-12,2024-01-17,First Class,CUST-359,Home Office,Île-de-France,Furniture,Chairs,83.49,1,0.0,25.84
CMD-2024-10513,2025-08-29,2025-09-03,First Class,CUST-465,Consumer,Occitanie,Technology,Machines,392.33,3,0.0,132.67
CMD-2024-10514,2024-10-28,2024-11-02,First Class,CUST-695,Corporate,Nouvelle-Aquitaine,Office Supplies,Art,1209.19,1,0.2,195.81
CMD-2024-10515,2024-09-09,2024-09-11,First Class,CUST-291,Consumer,Île-de-France,Office Supplies,Envelopes,32.54,1,0.0,10.59
CMD-2024-10516,2025-05-13,2025-05-17,Second Class,CUST-586,Home Office,Nouvelle-Aquitaine,Office Supplies,Paper,155.94,3,0.1,17.67
CMD-2024-10517,2024-02-04,2024-02-07,Standard Class,CUST-633,Corporate,Occitanie,Furniture,Bookcases,371.36,7,0.0,59.45
CMD-2024-10518,2025-12-27,2026-01-01,Same Day,CUST-123,Consumer,Auvergne-Rhône-Alpes,Furniture,Furnishings,357.25,2,0.2,25.49
CMD-2024-10519,2024-03-30,2024-04-04,First Class,CUST-174,Corporate,Auvergne-Rhône-Alpes,Technology,Accessories,328.96,6,0.2,32.32
CMD-2024-10520,2025-08-27,2025-08-29,Same Day,CUST-745,Consumer,Auvergne-Rhône-Alpes,Technology,Phones,109.43,7,0.2,-1.25
CMD-2024-10521,2025-08-24,2025-08-26,Second Class,CUST-493,Corporate,Île-de-France,Technology,Accessories,148.07,1,0.1,45.09
CMD-2024-10522,2025-02-21,2025-02-24,Second Class,CUST-778,Consumer,Nouvelle-Aquitaine,Office Supplies,Paper,213.83,6,0.0,54.15
CMD-2024-10523,2024-04-24,2024-04-25,Standard Class,CUST-557,Consumer,Île-de-France,Technology,Accessories,817.42,5,0.3,125.96
CMD-2024-10524,2025-09-08,2025-09-10,Second Class,CUST-209,Home Office,Hauts-de-France,Technology,Accessories,102.3,8,0.0,20.08
CMD-2024-10525,2024-07-14,2024-07-17,Standard Class,CUST-189,Consumer,Nouvelle-Aquitaine,Office Supplies,Art,579.48,6,0.0,96.82
CMD-2024-10526,2025-05-15,2025-05-17,First Class,CUST-136,Home Office,Occitanie,Office Supplies,Paper,84.04,2,0.0,24.77
CMD-2024-10527,2025-09-17,2025-09-19,Second Class,CUST-662,Consumer,Île-de-France,Office Supplies,Envelopes,1008.66,2,0.2,26.97
CMD-2024-10528,2025-05-07,2025-05-09,Same Day,CUST-671,Corporate,Auvergne-Rhône-Alpes,Technology,Copiers,259.08,8,0.2,65.09
CMD-2024-10529,2024-03-15,2024-03-19,Second Class,CUST-683,Corporate,Auvergne-Rhône-Alpes,Technology,Machines,152.0,7,0.2,-4.09
CMD-2024-10530,2025-02-16,2025-02-20,Second Class,CUST-739,Home Office,Auvergne-Rhône-Alpes,Furniture,Bookcases,224.07,1,0.0,61.35
CMD-2024-10531,2025-01-10,2025-01-15,First Class,CUST-406,Consumer,Île-de-France,Technology,Machines,85.0,8,0.0,36.38
CMD-2024-10532,2025-02-23,2025-02-27,Standard Class,CUST-161,Home Office,Île-de-France,Technology,Phones,85.5,3,0.5,-15.79
CMD-2024-10533,2025-12-29,2026-01-01,Standard Class,CUST-404,Corporate,Auvergne-Rhône-Alpes,Furniture,Chairs,41.52,2,0.1,3.65
CMD-2024-10534,2024-10-03,2024-10-05,Second Class,CUST-278,Consumer,Auvergne-Rhône-Alpes,Office Supplies,Binders,41.64,3,0.0,10.03
CMD-2024-10535,2025-11-06,2025-11-10,Same Day,CUST-639,Home Office,Auvergne-Rhône-Alpes,Technology,Copiers,108.99,7,0.1,22.82
CMD-2024-10536,2025-01-28,2025-01-30,Second Class,CUST-764,Corporate,Hauts-de-France,Office Supplies,Envelopes,331.6,7,0.0,68.16
CMD-2024-10537,2025-04-01,2025-04-02,Same Day,CUST-543,Corporate,Île-de-France,Office Supplies,Art,221.01,5,0.0,64.09
CMD-2024-10538,2024-07-10,2024-07-15,First Class,CUST-618,Consumer,Auvergne-Rhône-Alpes,Technology,Copiers,38.81,3,0.0,15.56
CMD-2024-10539,2025-11-19,2025-11-23,First Class,CUST-676,Consumer,Occitanie,Office Supplies,Binders,435.67,7,0.0,179.4
CMD-2024-10540,2024-04-08,2024-04-10,Standard Class,CUST-734,Consumer,Auvergne-Rhône-Alpes,Technology,Phones,217.34,7,0.0,35.81
CMD-2024-10541,2025-07-01,2025-07-02,Same Day,CUST-135,Home Office,Île-de-France,Technology,Copiers,727.91,7,0.3,-52.21
CMD-2024-10542,2024-04-05,2024-04-10,Second Class,CUST-577,Home Office,Occitanie,Office Supplies,Paper,259.03,8,0.1,36.93
CMD-2024-10543,2025-10-25,2025-10-30,Second Class,CUST-172,Consumer,Île-de-France,Technology,Accessories,57.37,4,0.1,13.68
CMD-2024-10544,2025-10-24,2025-10-25,Second Class,CUST-129,Consumer,Île-de-France,Office Supplies,Paper,156.25,7,0.2,12.23
CMD-2024-10545,2024-07-08,2024-07-12,Second Class,CUST-402,Consumer,Île-de-France,Technology,Copiers,245.02,7,0.5,-11.46
CMD-2024-10546,2024-02-06,2024-02-10,First Class,CUST-446,Corporate,Nouvelle-Aquitaine,Furniture,Bookcases,21.31,3,0.0,7.78
CMD-2024-10547,2025-01-03,2025-01-05,Same Day,CUST-610,Consumer,Occitanie,Furniture,Bookcases,18.3,2,0.3,-1.64
CMD-2024-10548,2025-11-25,2025-11-28,First Class,CUST-616,Home Office,Hauts-de-France,Technology,Accessories,45.49,3,0.1,11.25
CMD-2024-10549,2025-06-08,2025-06-10,Same Day,CUST-164,Corporate,Hauts-de-France,Technology,Copiers,78.78,3,0.0,14.49
CMD-2024-10550,2024-10-05,2024-10-07,Standard Class,CUST-726,Consumer,Nouvelle-Aquitaine,Furniture,Bookcases,138.49,4,0.0,31.37
CMD-2024-10551,2024-08-04,2024-08-06,Same Day,CUST-552,Home Office,Île-de-France,Office Supplies,Envelopes,162.03,4,0.1,18.37
CMD-2024-10552,2024-09-29,2024-09-30,Second Class,CUST-628,Corporate,Hauts-de-France,Office Supplies,Storage,47.68,8,0.2,1.05
CMD-2024-10553,2024-03-02,2024-03-07,First Class,CUST-468,Corporate,Occitanie,Furniture,Chairs,261.18,1,0.0,87.47
CMD-2024-10554,2025-08-18,2025-08-23,Second Class,CUST-136,Home Office,Auvergne-Rhône-Alpes,Office Supplies,Binders,214.47,2,0.1,49.13
CMD-2024-10555,2025-12-29,2026-01-01,Same Day,CUST-480,Home Office,Occitanie,Office Supplies,Storage,91.74,7,0.2,2.09
CMD-2024-10556,2024-12-07,2024-12-11,Same Day,CUST-318,Corporate,Île-de-France,Office Supplies,Storage,18.03,8,0.0,8.06
CMD-2024-10557,2025-01-31,2025-02-02,Standard Class,CUST-748,Home Office,Occitanie,Furniture,Chairs,32.78,1,0.3,0.21
CMD-2024-10558,2025-11-29,2025-11-30,Same Day,CUST-345,Corporate,Île-de-France,Furniture,Tables,124.36,7,0.3,-11.3
CMD-2024-10559,2024-01-19,2024-01-20,Same Day,CUST-649,Corporate,Occitanie,Office Supplies,Art,51.79,7,0.1,4.98
CMD-2024-10560,2024-06-25,2024-06-27,Second Class,CUST-350,Corporate,Nouvelle-Aquitaine,Furniture,Tables,119.04,4,0.7,-36.29
CMD-2024-10561,2025-09-03,2025-09-04,Same Day,CUST-664,Corporate,Occitanie,Office Supplies,Art,232.66,7,0.0,103.24
CMD-2024-10562,2025-01-30,2025-01-31,Same Day,CUST-445,Consumer,Hauts-de-France,Furniture,Chairs,189.33,7,0.0,60.89
CMD-2024-10563,2025-03-20,2025-03-22,First Class,CUST-571,Home Office,Auvergne-Rhône-Alpes,Technology,Copiers,72.84,3,0.0,31.66
CMD-2024-10564,2024-08-20,2024-08-23,First Class,CUST-660,Consumer,Nouvelle-Aquitaine,Technology,Machines,107.69,4,0.1,20.81
CMD-2024-10565,2024-03-16,2024-03-17,Standard Class,CUST-221,Consumer,Occitanie,Furniture,Furnishings,224.44,5,0.1,42.81
CMD-2024-10566,2024-09-21,2024-09-26,Standard Class,CUST-425,Consumer,Île-de-France,Furniture,Furnishings,448.89,3,0.1,94.27
CMD-2024-10567,2025-03-30,2025-04-04,Second Class,CUST-627,Consumer,Nouvelle-Aquitaine,Office Supplies,Art,322.83,1,0.0,115.97
CMD-2024-10568,2025-12-18,2025-12-23,Second Class,CUST-220,Corporate,Hauts-de-France,Technology,Accessories,192.34,3,0.0,50.06
CMD-2024-10569,2025-01-18,2025-01-20,First Class,CUST-238,Corporate,Auvergne-Rhône-Alpes,Office Supplies,Binders,113.97,8,0.3,15.86
CMD-2024-10570,2025-07-17,2025-07-22,First Class,CUST-186,Corporate,Auvergne-Rhône-Alpes,Office Supplies,Paper,114.93,5,0.3,-12.78
CMD-2024-10571,2025-05-20,2025-05-24,First Class,CUST-229,Corporate,Occitanie,Technology,Copiers,480.39,4,0.2,48.97
CMD-2024-10572,2025-01-01,2025-01-02,Standard Class,CUST-351,Consumer,Hauts-de-France,Office Supplies,Art,23.81,2,0.2,2.94
CMD-2024-10573,2024-05-23,2024-05-26,Standard Class,CUST-459,Corporate,Hauts-de-France,Office Supplies,Art,987.71,7,0.1,239.13
CMD-2024-10574,2024-03-09,2024-03-14,Same Day,CUST-529,Consumer,Auvergne-Rhône-Alpes,Office Supplies,Storage,255.19,6,0.0,59.41
CMD-2024-10575,2024-04-08,2024-04-10,Standard Class,CUST-146,Corporate,Auvergne-Rhône-Alpes,Office Supplies,Storage,266.46,2,0.0,74.14
CMD-2024-10576,2025-01-30,2025-02-02,Same Day,CUST-690,Home Office,Hauts-de-France,Office Supplies,Storage,23.52,2,0.2,2.71
CMD-2024-10577,2024-01-25,2024-01-27,Second Class,CUST-600,Home Office,Auvergne-Rhône-Alpes,Furniture,Bookcases,219.65,7,0.1,58.44
CMD-2024-10578,2025-04-13,2025-04-16,Standard Class,CUST-524,Home Office,Île-de-France,Technology,Phones,160.89,4,0.0,61.47
CMD-2024-10579,2025-04-28,2025-05-01,Second Class,CUST-474,Home Office,Auvergne-Rhône-Alpes,Office Supplies,Art,39.6,2,0.5,-3.11
CMD-2024-10580,2025-07-18,2025-07-19,Same Day,CUST-210,Corporate,Île-de-France,Furniture,Chairs,86.64,5,0.3,-1.52
CMD-2024-10581,2024-05-30,2024-06-02,Second Class,CUST-326,Home Office,Auvergne-Rhône-Alpes,Furniture,Tables,501.23,7,0.0,225.47
CMD-2024-10582,2024-05-23,2024-05-27,Second Class,CUST-138,Home Office,Nouvelle-Aquitaine,Technology,Phones,190.67,4,0.1,59.98
CMD-2024-10583,2025-07-22,2025-07-26,Standard Class,CUST-234,Consumer,Nouvelle-Aquitaine,Office Supplies,Paper,132.36,8,0.5,-29.38
CMD-2024-10584,2024-02-08,2024-02-12,Same Day,CUST-394,Home Office,Nouvelle-Aquitaine,Technology,Machines,31.6,2,0.0,6.59
CMD-2024-10585,2024-04-18,2024-04-20,Same Day,CUST-709,Corporate,Île-de-France,Office Supplies,Art,290.48,7,0.1,44.79
CMD-2024-10586,2025-11-23,2025-11-24,First Class,CUST-133,Consumer,Île-de-France,Technology,Accessories,281.97,6,0.1,55.18
CMD-2024-10587,2024-02-11,2024-02-13,Standard Class,CUST-527,Corporate,Occitanie,Technology,Copiers,224.45,1,0.0,90.96
CMD-2024-10588,2024-07-04,2024-07-09,Standard Class,CUST-167,Consumer,Occitanie,Furniture,Furnishings,172.05,4,0.3,19.53
CMD-2024-10589,2025-02-01,2025-02-05,Same Day,CUST-298,Corporate,Auvergne-Rhône-Alpes,Technology,Copiers,140.13,4,0.0,56.81
CMD-2024-10590,2024-08-10,2024-08-11,Standard Class,CUST-659,Home Office,Île-de-France,Office Supplies,Envelopes,212.91,3,0.0,49.31
CMD-2024-10591,2025-09-25,2025-09-29,Second Class,CUST-358,Consumer,Nouvelle-Aquitaine,Office Supplies,Art,73.47,8,0.0,24.1
CMD-2024-10592,2024-05-12,2024-05-13,First Class,CUST-773,Home Office,Nouvelle-Aquitaine,Office Supplies,Storage,638.62,7,0.0,150.06
CMD-2024-10593,2024-06-11,2024-06-13,Same Day,CUST-724,Corporate,Nouvelle-Aquitaine,Technology,Accessories,210.51,2,0.0,38.46
CMD-2024-10594,2024-08-02,2024-08-04,Standard Class,CUST-236,Corporate,Auvergne-Rhône-Alpes,Technology,Accessories,97.01,1,0.2,17.0
CMD-2024-10595,2024-08-22,2024-08-26,Standard Class,CUST-480,Consumer,Île-de-France,Office Supplies,Binders,146.4,7,0.0,28.24
CMD-2024-10596,2025-10-19,2025-10-22,Second Class,CUST-623,Corporate,Auvergne-Rhône-Alpes,Office Supplies,Binders,375.42,6,0.1,97.73
CMD-2024-10597,2025-08-10,2025-08-11,Standard Class,CUST-337,Corporate,Hauts-de-France,Furniture,Bookcases,53.78,5,0.2,8.84
CMD-2024-10598,2024-01-09,2024-01-14,Standard Class,CUST-383,Consumer,Hauts-de-France,Furniture,Furnishings,91.23,4,0.0,35.86
CMD-2024-10599,2024-03-14,2024-03-17,Second Class,CUST-787,Home Office,Occitanie,Technology,Machines,265.34,5,0.1,27.03
CMD-2024-10600,2025-05-06,2025-05-08,Standard Class,CUST-557,Consumer,Île-de-France,Office Supplies,Binders,98.39,5,0.2,20.17
CMD-2024-10601,2024-09-09,2024-09-10,First Class,CUST-686,Corporate,Nouvelle-Aquitaine,Furniture,Furnishings,360.98,5,0.1,129.87
CMD-2024-10602,2024-08-17,2024-08-20,Second Class,CUST-234,Corporate,Île-de-France,Technology,Machines,45.75,8,0.0,18.54
CMD-2024-10603,2025-06-02,2025-06-07,Same Day,CUST-181,Consumer,Occitanie,Technology,Accessories,331.44,3,0.1,94.64
CMD-2024-10604,2024-06-22,2024-06-25,First Class,CUST-694,Consumer,Nouvelle-Aquitaine,Office Supplies,Storage,30.58,7,0.7,-8.6
CMD-2024-10605,2025-10-14,2025-10-19,Standard Class,CUST-753,Home Office,Auvergne-Rhône-Alpes,Technology,Phones,17.79,5,0.0,4.92
CMD-2024-10606,2024-06-16,2024-06-18,Second Class,CUST-308,Corporate,Nouvelle-Aquitaine,Technology,Phones,517.69,2,0.0,191.11
CMD-2024-10607,2024-06-18,2024-06-19,Second Class,CUST-502,Corporate,Hauts-de-France,Furniture,Furnishings,206.55,2,0.1,57.27
CMD-2024-10608,2025-01-27,2025-01-29,Standard Class,CUST-287,Home Office,Auvergne-Rhône-Alpes,Technology,Machines,110.39,1,0.0,37.47
CMD-2024-10609,2025-09-25,2025-09-26,Same Day,CUST-592,Consumer,Nouvelle-Aquitaine,Technology,Phones,73.24,1,0.1,21.89
CMD-2024-10610,2024-07-12,2024-07-15,First Class,CUST-354,Consumer,Auvergne-Rhône-Alpes,Office Supplies,Envelopes,226.07,6,0.0,64.35
CMD-2024-10611,2025-05-31,2025-06-02,Standard Class,CUST-422,Home Office,Hauts-de-France,Office Supplies,Paper,171.49,5,0.0,31.96
CMD-2024-10612,2024-01-29,2024-01-30,Same Day,CUST-773,Consumer,Hauts-de-France,Office Supplies,Art,1066.44,5,0.1,242.85
CMD-2024-10613,2024-06-13,2024-06-18,Second Class,CUST-524,Home Office,Île-de-France,Office Supplies,Storage,914.21,3,0.0,209.82
CMD-2024-10614,2025-02-25,2025-02-26,Second Class,CUST-514,Consumer,Hauts-de-France,Furniture,Bookcases,236.74,7,0.0,62.81
CMD-2024-10615,2024-12-04,2024-12-06,Second Class,CUST-266,Consumer,Hauts-de-France,Office Supplies,Paper,143.69,5,0.0,22.3
CMD-2024-10616,2025-10-09,2025-10-11,Standard Class,CUST-689,Consumer,Hauts-de-France,Furniture,Chairs,163.63,5,0.0,43.34
CMD-2024-10617,2025-05-10,2025-05-13,Same Day,CUST-584,Home Office,Occitanie,Office Supplies,Storage,267.39,8,0.3,32.79
CMD-2024-10618,2024-12-30,2025-01-04,Standard Class,CUST-535,Home Office,Hauts-de-France,Office Supplies,Storage,38.56,7,0.5,-5.29
CMD-2024-10619,2024-12-07,2024-12-08,Standard Class,CUST-786,Home Office,Île-de-France,Technology,Accessories,102.56,5,0.0,15.69
CMD-2024-10620,2025-05-14,2025-05-16,First Class,CUST-631,Corporate,Auvergne-Rhône-Alpes,Furniture,Bookcases,32.22,4,0.1,6.47
CMD-2024-10621,2025-10-18,2025-10-19,First Class,CUST-707,Corporate,Occitanie,Furniture,Chairs,31.76,4,0.0,7.54
CMD-2024-10622,2025-05-25,2025-05-29,First Class,CUST-580,Home Office,Auvergne-Rhône-Alpes,Technology,Accessories,62.95,8,0.1,12.8
CMD-2024-10623,2024-11-22,2024-11-27,Same Day,CUST-279,Corporate,Auvergne-Rhône-Alpes,Technology,Copiers,161.1,8,0.0,43.72
CMD-2024-10624,2024-08-04,2024-08-09,Second Class,CUST-706,Corporate,Île-de-France,Office Supplies,Storage,352.93,3,0.0,151.62
CMD-2024-10625,2024-10-27,2024-10-31,First Class,CUST-170,Consumer,Occitanie,Office Supplies,Art,161.2,8,0.2,-2.84
CMD-2024-10626,2024-05-11,2024-05-16,Second Class,CUST-540,Consumer,Nouvelle-Aquitaine,Furniture,Bookcases,104.91,3,0.0,37.25
CMD-2024-10627,2024-03-10,2024-03-14,Same Day,CUST-743,Consumer,Hauts-de-France,Technology,Machines,33.91,8,0.0,13.74
CMD-2024-10628,2024-09-08,2024-09-09,First Class,CUST-238,Corporate,Auvergne-Rhône-Alpes,Technology,Phones,190.82,8,0.2,49.19
CMD-2024-10629,2025-02-18,2025-02-22,First Class,CUST-201,Corporate,Auvergne-Rhône-Alpes,Office Supplies,Art,84.62,2,0.2,1.97
CMD-2024-10630,2025-03-20,2025-03-23,Second Class,CUST-567,Home Office,Île-de-France,Furniture,Bookcases,224.96,3,0.1,49.35
CMD-2024-10631,2024-06-30,2024-07-04,Standard Class,CUST-382,Corporate,Île-de-France,Technology,Accessories,846.7,6,0.1,61.87
CMD-2024-10632,2024-06-15,2024-06-16,Same Day,CUST-128,Corporate,Île-de-France,Furniture,Tables,40.96,2,0.1,8.59
CMD-2024-10633,2024-03-31,2024-04-05,Same Day,CUST-117,Home Office,Occitanie,Technology,Copiers,67.45,8,0.0,12.66
CMD-2024-10634,2025-12-14,2025-12-17,First Class,CUST-786,Home Office,Hauts-de-France,Furniture,Tables,155.96,7,0.0,62.6
CMD-2024-10635,2025-06-14,2025-06-18,Same Day,CUST-607,Home Office,Occitanie,Office Supplies,Binders,776.51,5,0.1,73.12
CMD-2024-10636,2024-02-08,2024-02-09,Second Class,CUST-700,Consumer,Île-de-France,Furniture,Tables,340.07,8,0.1,72.77
CMD-2024-10637,2024-05-05,2024-05-08,Standard Class,CUST-119,Home Office,Île-de-France,Office Supplies,Art,517.71,3,0.2,65.4
CMD-2024-10638,2025-03-26,2025-03-29,Standard Class,CUST-425,Consumer,Auvergne-Rhône-Alpes,Furniture,Furnishings,104.33,6,0.2,27.28
CMD-2024-10639,2024-06-21,2024-06-24,Same Day,CUST-455,Corporate,Occitanie,Office Supplies,Envelopes,1078.29,3,0.0,373.62
CMD-2024-10640,2025-10-14,2025-10-18,Standard Class,CUST-532,Corporate,Occitanie,Office Supplies,Storage,38.87,8,0.0,9.19
CMD-2024-10641,2024-08-07,2024-08-08,Second Class,CUST-498,Consumer,Hauts-de-France,Technology,Accessories,26.97,3,0.0,5.99
CMD-2024-10642,2025-09-29,2025-09-30,First Class,CUST-117,Consumer,Occitanie,Furniture,Furnishings,440.74,2,0.1,43.4
CMD-2024-10643,2024-02-27,2024-02-28,First Class,CUST-649,Consumer,Hauts-de-France,Technology,Copiers,591.6,7,0.1,169.76
CMD-2024-10644,2025-10-21,2025-10-23,Same Day,CUST-475,Corporate,Nouvelle-Aquitaine,Office Supplies,Art,35.89,7,0.3,3.13
CMD-2024-10645,2025-04-20,2025-04-25,Same Day,CUST-700,Corporate,Hauts-de-France,Furniture,Furnishings,41.49,2,0.2,6.35
CMD-2024-10646,2025-03-31,2025-04-01,Same Day,CUST-439,Home Office,Île-de-France,Office Supplies,Storage,22.42,8,0.3,-2.42
CMD-2024-10647,2024-12-26,2024-12-28,First Class,CUST-249,Home Office,Nouvelle-Aquitaine,Technology,Copiers,39.28,1,0.2,7.81
CMD-2024-10648,2024-01-01,2024-01-03,Same Day,CUST-332,Corporate,Auvergne-Rhône-Alpes,Office Supplies,Envelopes,66.7,2,0.7,-19.17
CMD-2024-10649,2025-01-21,2025-01-24,Standard Class,CUST-203,Home Office,Auvergne-Rhône-Alpes,Office Supplies,Paper,787.01,2,0.1,274.8
CMD-2024-10650,2024-12-13,2024-12-18,First Class,CUST-722,Home Office,Auvergne-Rhône-Alpes,Office Supplies,Envelopes,257.48,4,0.5,-31.89
CMD-2024-10651,2024-07-08,2024-07-11,Second Class,CUST-320,Consumer,Île-de-France,Technology,Copiers,346.67,8,0.0,83.61
CMD-2024-10652,2025-05-19,2025-05-24,Same Day,CUST-125,Corporate,Auvergne-Rhône-Alpes,Furniture,Chairs,344.28,3,0.0,91.05
CMD-2024-10653,2024-07-09,2024-07-12,First Class,CUST-163,Consumer,Hauts-de-France,Office Supplies,Art,183.49,2,0.1,20.69
CMD-2024-10654,2025-05-22,2025-05-26,Same Day,CUST-353,Corporate,Île-de-France,Technology,Accessories,366.33,3,0.7,-96.39
CMD-2024-10655,2025-01-03,2025-01-08,First Class,CUST-348,Corporate,Occitanie,Technology,Machines,214.29,3,0.0,77.64
CMD-2024-10656,2025-02-12,2025-02-14,First Class,CUST-230,Consumer,Île-de-France,Furniture,Chairs,98.09,4,0.0,20.62
CMD-2024-10657,2024-04-26,2024-04-28,First Class,CUST-129,Corporate,Île-de-France,Furniture,Furnishings,196.17,8,0.1,21.1
CMD-2024-10658,2024-05-13,2024-05-18,Second Class,CUST-109,Consumer,Occitanie,Technology,Accessories,182.75,3,0.1,15.19
CMD-2024-10659,2024-02-27,2024-03-01,First Class,CUST-188,Consumer,Hauts-de-France,Technology,Phones,396.52,6,0.0,167.96
CMD-2024-10660,2025-07-09,2025-07-13,Standard Class,CUST-529,Corporate,Nouvelle-Aquitaine,Technology,Copiers,895.52,2,0.2,35.75
CMD-2024-10661,2025-11-15,2025-11-19,Same Day,CUST-246,Corporate,Occitanie,Office Supplies,Binders,131.47,3,0.7,-49.53
CMD-2024-10662,2025-11-02,2025-11-03,Same Day,CUST-226,Consumer,Île-de-France,Office Supplies,Envelopes,332.1,1,0.3,-11.91
CMD-2024-10663,2024-06-21,2024-06-26,Same Day,CUST-797,Home Office,Auvergne-Rhône-Alpes,Office Supplies,Envelopes,38.12,1,0.0,10.45
CMD-2024-10664,2024-05-28,2024-06-01,First Class,CUST-223,Home Office,Occitanie,Office Supplies,Art,344.96,4,0.0,125.64
CMD-2024-10665,2024-03-20,2024-03-23,Same Day,CUST-718,Corporate,Occitanie,Furniture,Tables,117.14,6,0.0,48.17
CMD-2024-10666,2024-07-31,2024-08-03,Standard Class,CUST-440,Corporate,Nouvelle-Aquitaine,Technology,Accessories,23.84,7,0.0,4.88
CMD-2024-10667,2024-07-21,2024-07-23,Standard Class,CUST-617,Home Office,Île-de-France,Technology,Accessories,114.3,7,0.0,40.68
CMD-2024-10668,2024-08-16,2024-08-20,Standard Class,CUST-150,Corporate,Auvergne-Rhône-Alpes,Technology,Phones,222.52,2,0.2,16.86
CMD-2024-10669,2025-11-06,2025-11-10,Second Class,CUST-497,Corporate,Auvergne-Rhône-Alpes,Office Supplies,Binders,42.94,8,0.0,19.07
CMD-2024-10670,2024-08-14,2024-08-17,Standard Class,CUST-413,Home Office,Nouvelle-Aquitaine,Furniture,Tables,582.04,4,0.3,-17.65
CMD-2024-10671,2025-10-20,2025-10-22,Standard Class,CUST-747,Corporate,Auvergne-Rhône-Alpes,Technology,Copiers,32.79,1,0.5,-9.77
CMD-2024-10672,2025-06-15,2025-06-19,Same Day,CUST-613,Home Office,Hauts-de-France,Furniture,Tables,600.06,6,0.0,182.83
CMD-2024-10673,2025-03-16,2025-03-19,First Class,CUST-601,Home Office,Occitanie,Furniture,Furnishings,285.17,2,0.7,-123.99
CMD-2024-10674,2025-02-05,2025-02-07,Same Day,CUST-629,Home Office,Occitanie,Office Supplies,Paper,103.01,3,0.2,-1.72
CMD-2024-10675,2024-02-16,2024-02-18,Second Class,CUST-796,Corporate,Auvergne-Rhône-Alpes,Technology,Phones,124.02,2,0.1,33.42
CMD-2024-10676,2024-08-20,2024-08-23,Second Class,CUST-518,Consumer,Auvergne-Rhône-Alpes,Office Supplies,Paper,312.04,5,0.0,115.35
CMD-2024-10677,2024-10-31,2024-11-02,Second Class,CUST-293,Consumer,Auvergne-Rhône-Alpes,Furniture,Tables,217.39,2,0.1,43.09
CMD-2024-10678,2025-06-09,2025-06-11,Standard Class,CUST-411,Consumer,Occitanie,Technology,Phones,260.0,3,0.0,91.8
CMD-2024-10679,2024-05-22,2024-05-23,Standard Class,CUST-398,Corporate,Auvergne-Rhône-Alpes,Office Supplies,Storage,123.44,5,0.1,27.34
CMD-2024-10680,2025-02-18,2025-02-20,Standard Class,CUST-428,Corporate,Hauts-de-France,Technology,Phones,162.19,7,0.0,54.97
CMD-2024-10681,2025-05-27,2025-05-31,First Class,CUST-575,Corporate,Hauts-de-France,Office Supplies,Envelopes,1025.24,6,0.1,245.04
CMD-2024-10682,2025-01-07,2025-01-09,Same Day,CUST-683,Corporate,Occitanie,Office Supplies,Storage,67.95,4,0.0,23.77
CMD-2024-10683,2025-07-19,2025-07-23,Standard Class,CUST-216,Consumer,Île-de-France,Office Supplies,Envelopes,134.03,6,0.0,28.13
CMD-2024-10684,2024-09-15,2024-09-18,Second Class,CUST-363,Home Office,Île-de-France,Office Supplies,Storage,90.91,2,0.1,12.78
CMD-2024-10685,2025-10-17,2025-10-19,First Class,CUST-616,Corporate,Île-de-France,Technology,Copiers,333.7,7,0.1,64.07
CMD-2024-10686,2025-04-15,2025-04-18,First Class,CUST-618,Corporate,Hauts-de-France,Office Supplies,Paper,332.67,4,0.0,94.42
CMD-2024-10687,2024-01-12,2024-01-17,Second Class,CUST-120,Corporate,Nouvelle-Aquitaine,Furniture,Bookcases,91.11,2,0.0,34.83
CMD-2024-10688,2024-11-25,2024-11-27,Standard Class,CUST-576,Home Office,Île-de-France,Office Supplies,Storage,33.68,1,0.3,-0.33
CMD-2024-10689,2024-12-23,2024-12-26,First Class,CUST-648,Consumer,Nouvelle-Aquitaine,Office Supplies,Art,17.53,1,0.1,1.91
CMD-2024-10690,2025-02-11,2025-02-16,Second Class,CUST-272,Corporate,Occitanie,Office Supplies,Envelopes,137.68,3,0.0,31.04
CMD-2024-10691,2025-10-29,2025-11-02,Standard Class,CUST-161,Consumer,Hauts-de-France,Office Supplies,Storage,131.21,7,0.1,16.33
CMD-2024-10692,2025-01-07,2025-01-11,First Class,CUST-305,Corporate,Île-de-France,Technology,Accessories,995.29,8,0.1,278.18
CMD-2024-10693,2024-01-08,2024-01-12,First Class,CUST-712,Consumer,Hauts-de-France,Office Supplies,Envelopes,154.59,7,0.0,45.0
CMD-2024-10694,2024-05-01,2024-05-05,Same Day,CUST-730,Corporate,Occitanie,Furniture,Furnishings,80.18,8,0.1,21.86
CMD-2024-10695,2024-12-13,2024-12-17,Same Day,CUST-278,Consumer,Hauts-de-France,Office Supplies,Storage,503.07,6,0.3,2.45
CMD-2024-10696,2025-11-06,2025-11-07,First Class,CUST-743,Corporate,Auvergne-Rhône-Alpes,Office Supplies,Storage,163.6,1,0.2,38.76
CMD-2024-10697,2024-03-30,2024-04-02,First Class,CUST-441,Corporate,Île-de-France,Technology,Machines,216.13,5,0.0,96.19
CMD-2024-10698,2025-10-09,2025-10-14,First Class,CUST-539,Consumer,Hauts-de-France,Furniture,Furnishings,37.12,5,0.3,3.0
CMD-2024-10699,2025-11-28,2025-12-03,Same Day,CUST-174,Consumer,Hauts-de-France,Furniture,Furnishings,121.21,7,0.0,49.59
CMD-2024-10700,2024-11-11,2024-11-13,Standard Class,CUST-389,Home Office,Hauts-de-France,Office Supplies,Envelopes,650.01,7,0.5,-95.95
CMD-2024-10701,2024-06-26,2024-06-29,Same Day,CUST-656,Home Office,Occitanie,Technology,Copiers,210.89,2,0.0,90.76
CMD-2024-10702,2025-06-23,2025-06-24,Second Class,CUST-243,Home Office,Île-de-France,Furniture,Furnishings,107.92,7,0.1,33.4
CMD-2024-10703,2024-02-10,2024-02-11,First Class,CUST-748,Home Office,Île-de-France,Technology,Machines,231.17,4,0.1,82.65
CMD-2024-10704,2025-12-04,2025-12-07,Second Class,CUST-307,Consumer,Auvergne-Rhône-Alpes,Office Supplies,Envelopes,545.76,5,0.0,183.88
CMD-2024-10705,2025-05-16,2025-05-20,Second Class,CUST-371,Home Office,Auvergne-Rhône-Alpes,Furniture,Bookcases,85.44,2,0.2,17.41
CMD-2024-10706,2024-05-24,2024-05-28,Second Class,CUST-706,Corporate,Hauts-de-France,Technology,Phones,169.76,8,0.1,37.83
CMD-2024-10707,2024-07-19,2024-07-22,Same Day,CUST-514,Consumer,Île-de-France,Technology,Phones,716.07,4,0.0,163.07
CMD-2024-10708,2025-12-24,2025-12-29,Same Day,CUST-496,Corporate,Île-de-France,Technology,Machines,56.63,7,0.1,9.42
CMD-2024-10709,2025-04-05,2025-04-09,Standard Class,CUST-483,Home Office,Hauts-de-France,Furniture,Furnishings,294.79,7,0.1,96.75
CMD-2024-10710,2025-07-11,2025-07-13,Second Class,CUST-360,Home Office,Nouvelle-Aquitaine,Technology,Accessories,224.7,1,0.0,37.48
CMD-2024-10711,2025-06-30,2025-07-01,Second Class,CUST-738,Home Office,Île-de-France,Technology,Copiers,265.45,2,0.7,-80.31
CMD-2024-10712,2024-09-09,2024-09-13,Same Day,CUST-266,Consumer,Hauts-de-France,Office Supplies,Art,110.19,4,0.3,-0.91
CMD-2024-10713,2025-01-24,2025-01-29,Second Class,CUST-117,Corporate,Hauts-de-France,Office Supplies,Art,97.87,3,0.0,26.03
CMD-2024-10714,2025-08-16,2025-08-20,Same Day,CUST-759,Corporate,Nouvelle-Aquitaine,Furniture,Bookcases,268.59,7,0.1,87.39
CMD-2024-10715,2024-09-12,2024-09-16,First Class,CUST-346,Consumer,Auvergne-Rhône-Alpes,Office Supplies,Paper,68.41,6,0.0,27.78
CMD-2024-10716,2025-12-09,2025-12-10,First Class,CUST-741,Home Office,Hauts-de-France,Technology,Machines,134.71,6,0.2,20.16
CMD-2024-10717,2025-03-25,2025-03-27,Second Class,CUST-395,Home Office,Île-de-France,Furniture,Furnishings,60.86,7,0.5,-13.28
CMD-2024-10718,2024-01-10,2024-01-12,Standard Class,CUST-513,Consumer,Auvergne-Rhône-Alpes,Furniture,Tables,16.83,3,0.0,4.93
CMD-2024-10719,2024-08-29,2024-09-03,Same Day,CUST-419,Corporate,Auvergne-Rhône-Alpes,Furniture,Chairs,786.86,5,0.3,1.96
CMD-2024-10720,2024-09-07,2024-09-10,First Class,CUST-653,Corporate,Auvergne-Rhône-Alpes,Furniture,Chairs,139.32,6,0.1,23.14
CMD-2024-10721,2024-01-05,2024-01-08,First Class,CUST-792,Corporate,Hauts-de-France,Furniture,Bookcases,781.72,4,0.0,141.36
CMD-2024-10722,2024-04-28,2024-05-01,Second Class,CUST-280,Corporate,Île-de-France,Furniture,Chairs,48.26,7,0.5,-6.61
CMD-2024-10723,2025-01-08,2025-01-13,Same Day,CUST-395,Home Office,Nouvelle-Aquitaine,Office Supplies,Envelopes,209.74,7,0.1,31.58
CMD-2024-10724,2024-03-05,2024-03-09,Second Class,CUST-755,Home Office,Occitanie,Technology,Copiers,64.36,7,0.1,16.62
CMD-2024-10725,2024-05-25,2024-05-27,Same Day,CUST-160,Consumer,Occitanie,Technology,Machines,358.42,3,0.2,23.57
CMD-2024-10726,2024-08-11,2024-08-13,Standard Class,CUST-308,Consumer,Auvergne-Rhône-Alpes,Technology,Phones,351.84,5,0.0,98.29
CMD-2024-10727,2024-08-26,2024-08-30,Same Day,CUST-265,Consumer,Occitanie,Technology,Machines,41.28,2,0.0,6.84
CMD-2024-10728,2024-06-25,2024-06-27,First Class,CUST-399,Home Office,Occitanie,Furniture,Bookcases,549.85,7,0.5,-1.23
CMD-2024-10729,2024-10-08,2024-10-10,Second Class,CUST-754,Home Office,Hauts-de-France,Technology,Machines,62.62,2,0.2,7.66
CMD-2024-10730,2024-03-03,2024-03-06,Same Day,CUST-450,Home Office,Nouvelle-Aquitaine,Office Supplies,Art,223.84,4,0.3,-25.23
CMD-2024-10731,2024-08-04,2024-08-07,First Class,CUST-160,Consumer,Occitanie,Technology,Phones,948.43,4,0.0,296.26
CMD-2024-10732,2025-11-19,2025-11-20,Second Class,CUST-362,Home Office,Nouvelle-Aquitaine,Technology,Phones,485.9,8,0.1,156.03
CMD-2024-10733,2025-04-05,2025-04-06,Second Class,CUST-223,Corporate,Occitanie,Office Supplies,Envelopes,705.02,4,0.7,-175.01
CMD-2024-10734,2025-09-01,2025-09-03,Standard Class,CUST-337,Home Office,Auvergne-Rhône-Alpes,Technology,Phones,107.28,6,0.0,38.65
CMD-2024-10735,2024-04-14,2024-04-17,First Class,CUST-641,Corporate,Auvergne-Rhône-Alpes,Furniture,Furnishings,39.55,4,0.0,7.59
CMD-2024-10736,2024-04-08,2024-04-09,Same Day,CUST-189,Corporate,Nouvelle-Aquitaine,Office Supplies,Envelopes,60.91,8,0.1,15.67
CMD-2024-10737,2025-05-25,2025-05-26,First Class,CUST-238,Corporate,Nouvelle-Aquitaine,Technology,Machines,167.71,7,0.0,63.71
CMD-2024-10738,2025-01-19,2025-01-22,Second Class,CUST-461,Home Office,Nouvelle-Aquitaine,Technology,Accessories,361.75,3,0.0,116.38
CMD-2024-10739,2025-02-08,2025-02-09,Standard Class,CUST-512,Consumer,Nouvelle-Aquitaine,Furniture,Furnishings,50.79,3,0.3,7.51
CMD-2024-10740,2025-06-01,2025-06-05,Same Day,CUST-192,Corporate,Île-de-France,Technology,Phones,252.16,5,0.7,-100.08
CMD-2024-10741,2025-04-20,2025-04-24,Standard Class,CUST-233,Corporate,Auvergne-Rhône-Alpes,Technology,Accessories,101.01,3,0.1,13.4
CMD-2024-10742,2025-12-09,2025-12-12,Standard Class,CUST-303,Home Office,Occitanie,Technology,Copiers,106.81,8,0.2,24.66
CMD-2024-10743,2025-10-06,2025-10-09,First Class,CUST-721,Home Office,Île-de-France,Technology,Machines,253.58,6,0.3,17.15
CMD-2024-10744,2025-03-12,2025-03-13,Second Class,CUST-137,Corporate,Nouvelle-Aquitaine,Furniture,Chairs,153.43,8,0.2,-4.54
CMD-2024-10745,2024-01-23,2024-01-25,Second Class,CUST-556,Consumer,Occitanie,Office Supplies,Storage,382.73,2,0.0,97.96
CMD-2024-10746,2025-07-18,2025-07-23,Same Day,CUST-633,Home Office,Auvergne-Rhône-Alpes,Furniture,Chairs,52.29,8,0.0,21.3
CMD-2024-10747,2025-11-07,2025-11-11,Standard Class,CUST-537,Corporate,Nouvelle-Aquitaine,Technology,Copiers,358.29,5,0.0,56.68
CMD-2024-10748,2025-12-14,2025-12-18,Standard Class,CUST-779,Consumer,Hauts-de-France,Technology,Accessories,29.61,3,0.0,4.47
CMD-2024-10749,2025-04-02,2025-04-05,Standard Class,CUST-746,Home Office,Nouvelle-Aquitaine,Office Supplies,Storage,62.46,4,0.0,14.64
CMD-2024-10750,2024-03-23,2024-03-25,First Class,CUST-721,Consumer,Occitanie,Furniture,Furnishings,249.86,3,0.0,105.99
CMD-2024-10751,2024-05-24,2024-05-27,Second Class,CUST-323,Corporate,Auvergne-Rhône-Alpes,Office Supplies,Storage,439.71,1,0.0,184.87
CMD-2024-10752,2024-03-25,2024-03-26,Standard Class,CUST-267,Consumer,Nouvelle-Aquitaine,Furniture,Chairs,79.08,5,0.0,24.17
CMD-2024-10753,2024-03-18,2024-03-20,Standard Class,CUST-206,Corporate,Auvergne-Rhône-Alpes,Furniture,Furnishings,102.18,7,0.1,23.09
CMD-2024-10754,2025-04-01,2025-04-02,Second Class,CUST-479,Home Office,Île-de-France,Furniture,Chairs,184.46,7,0.0,46.04
CMD-2024-10755,2024-01-01,2024-01-05,Same Day,CUST-123,Corporate,Hauts-de-France,Technology,Copiers,67.3,6,0.2,2.9
CMD-2024-10756,2024-02-20,2024-02-23,First Class,CUST-610,Corporate,Île-de-France,Furniture,Chairs,381.7,3,0.0,150.61
CMD-2024-10757,2025-11-15,2025-11-18,First Class,CUST-406,Home Office,Hauts-de-France,Furniture,Bookcases,341.84,3,0.3,-30.12
CMD-2024-10758,2025-12-17,2025-12-22,First Class,CUST-457,Corporate,Île-de-France,Technology,Phones,49.54,6,0.5,-7.62
CMD-2024-10759,2025-03-21,2025-03-23,Second Class,CUST-469,Consumer,Auvergne-Rhône-Alpes,Technology,Accessories,152.13,8,0.2,24.39
CMD-2024-10760,2025-03-24,2025-03-28,First Class,CUST-270,Home Office,Auvergne-Rhône-Alpes,Office Supplies,Storage,343.0,2,0.2,0.38
CMD-2024-10761,2025-05-02,2025-05-07,Standard Class,CUST-680,Consumer,Île-de-France,Office Supplies,Storage,105.53,4,0.5,-15.21
CMD-2024-10762,2024-02-03,2024-02-08,First Class,CUST-321,Home Office,Occitanie,Furniture,Bookcases,235.59,8,0.0,76.16
CMD-2024-10763,2024-12-13,2024-12-16,Second Class,CUST-542,Corporate,Île-de-France,Technology,Phones,26.33,4,0.7,-6.77
CMD-2024-10764,2024-04-04,2024-04-06,First Class,CUST-252,Consumer,Nouvelle-Aquitaine,Technology,Phones,221.42,2,0.2,8.96
CMD-2024-10765,2024-03-12,2024-03-15,Same Day,CUST-475,Home Office,Occitanie,Office Supplies,Envelopes,51.44,2,0.2,2.98
CMD-2024-10766,2025-07-04,2025-07-06,Same Day,CUST-380,Consumer,Auvergne-Rhône-Alpes,Technology,Accessories,405.59,1,0.0,130.14
CMD-2024-10767,2024-06-02,2024-06-07,Second Class,CUST-318,Home Office,Île-de-France,Office Supplies,Paper,111.62,8,0.1,39.62
CMD-2024-10768,2024-09-06,2024-09-07,Second Class,CUST-715,Home Office,Occitanie,Technology,Accessories,87.75,6,0.2,3.09
CMD-2024-10769,2025-11-04,2025-11-08,Same Day,CUST-585,Consumer,Nouvelle-Aquitaine,Furniture,Bookcases,419.39,5,0.1,149.21
CMD-2024-10770,2025-03-13,2025-03-18,First Class,CUST-609,Consumer,Hauts-de-France,Furniture,Tables,26.32,4,0.2,4.85
CMD-2024-10771,2024-04-27,2024-04-30,Standard Class,CUST-434,Consumer,Auvergne-Rhône-Alpes,Office Supplies,Storage,126.14,2,0.0,50.18
CMD-2024-10772,2024-11-01,2024-11-05,Second Class,CUST-509,Consumer,Occitanie,Furniture,Tables,116.65,2,0.0,20.63
CMD-2024-10773,2024-09-24,2024-09-29,Same Day,CUST-153,Home Office,Occitanie,Furniture,Tables,88.74,6,0.0,21.31
CMD-2024-10774,2024-02-23,2024-02-25,First Class,CUST-174,Consumer,Occitanie,Office Supplies,Paper,549.08,7,0.0,91.87
CMD-2024-10775,2024-08-23,2024-08-26,Second Class,CUST-448,Consumer,Île-de-France,Technology,Copiers,320.8,5,0.0,83.88
CMD-2024-10776,2025-01-23,2025-01-28,First Class,CUST-783,Consumer,Auvergne-Rhône-Alpes,Office Supplies,Binders,29.53,2,0.0,13.12
CMD-2024-10777,2025-02-04,2025-02-06,Standard Class,CUST-492,Consumer,Auvergne-Rhône-Alpes,Technology,Copiers,290.92,7,0.0,52.83
CMD-2024-10778,2025-09-15,2025-09-17,Second Class,CUST-653,Consumer,Île-de-France,Office Supplies,Paper,179.84,1,0.1,41.13
CMD-2024-10779,2024-10-29,2024-10-31,Standard Class,CUST-256,Consumer,Île-de-France,Furniture,Bookcases,523.49,5,0.0,79.48
CMD-2024-10780,2024-07-25,2024-07-29,Standard Class,CUST-180,Corporate,Île-de-France,Technology,Machines,97.58,7,0.5,-8.41
CMD-2024-10781,2024-08-16,2024-08-19,Standard Class,CUST-307,Corporate,Nouvelle-Aquitaine,Office Supplies,Art,202.81,1,0.2,5.91
CMD-2024-10782,2025-07-31,2025-08-02,Same Day,CUST-185,Home Office,Occitanie,Technology,Machines,167.82,3,0.2,1.49
CMD-2024-10783,2024-03-15,2024-03-20,Standard Class,CUST-546,Consumer,Nouvelle-Aquitaine,Technology,Copiers,162.95,4,0.0,40.92
CMD-2024-10784,2025-03-10,2025-03-12,Standard Class,CUST-276,Consumer,Auvergne-Rhône-Alpes,Furniture,Tables,148.98,2,0.1,43.4
CMD-2024-10785,2024-04-12,2024-04-15,First Class,CUST-610,Home Office,Île-de-France,Furniture,Bookcases,65.65,7,0.1,6.04
CMD-2024-10786,2025-02-25,2025-03-01,Same Day,CUST-718,Consumer,Occitanie,Furniture,Chairs,325.07,5,0.7,-133.62
CMD-2024-10787,2025-12-04,2025-12-06,Same Day,CUST-238,Consumer,Hauts-de-France,Technology,Accessories,147.06,1,0.2,-4.04
CMD-2024-10788,2024-11-01,2024-11-06,Same Day,CUST-201,Consumer,Occitanie,Technology,Machines,715.14,4,0.1,250.67
CMD-2024-10789,2024-04-07,2024-04-10,Same Day,CUST-572,Corporate,Hauts-de-France,Technology,Machines,81.48,8,0.3,4.7
CMD-2024-10790,2024-11-30,2024-12-02,Standard Class,CUST-641,Consumer,Occitanie,Technology,Accessories,267.57,4,0.0,97.92
CMD-2024-10791,2025-03-10,2025-03-14,First Class,CUST-293,Corporate,Île-de-France,Furniture,Tables,636.6,8,0.0,219.89
CMD-2024-10792,2025-03-22,2025-03-23,Standard Class,CUST-585,Consumer,Hauts-de-France,Office Supplies,Envelopes,254.59,8,0.2,3.39
CMD-2024-10793,2024-11-03,2024-11-08,Standard Class,CUST-413,Consumer,Hauts-de-France,Office Supplies,Binders,466.01,2,0.0,153.08
CMD-2024-10794,2024-09-05,2024-09-07,Same Day,CUST-796,Home Office,Auvergne-Rhône-Alpes,Office Supplies,Art,401.59,7,0.0,76.07
CMD-2024-10795,2024-06-14,2024-06-16,Same Day,CUST-346,Home Office,Occitanie,Technology,Accessories,113.22,8,0.2,10.23
CMD-2024-10796,2025-04-25,2025-04-26,Second Class,CUST-729,Consumer,Nouvelle-Aquitaine,Furniture,Tables,216.65,4,0.0,69.48
CMD-2024-10797,2024-11-30,2024-12-03,First Class,CUST-537,Consumer,Nouvelle-Aquitaine,Technology,Accessories,52.38,2,0.1,11.93
CMD-2024-10798,2025-06-25,2025-06-26,Same Day,CUST-172,Consumer,Auvergne-Rhône-Alpes,Technology,Copiers,183.71,7,0.5,-48.55
CMD-2024-10799,2024-04-15,2024-04-18,Same Day,CUST-168,Corporate,Auvergne-Rhône-Alpes,Furniture,Chairs,72.62,8,0.0,11.64
CMD-2024-10800,2025-07-16,2025-07-18,Standard Class,CUST-251,Consumer,Auvergne-Rhône-Alpes,Technology,Phones,314.54,7,0.0,122.5
CMD-2024-10801,2024-03-21,2024-03-22,Standard Class,CUST-193,Home Office,Île-de-France,Technology,Machines,180.2,3,0.0,66.27
CMD-2024-10802,2024-05-12,2024-05-14,Standard Class,CUST-534,Corporate,Île-de-France,Office Supplies,Binders,131.54,2,0.0,22.96
CMD-2024-10803,2024-05-17,2024-05-18,Same Day,CUST-530,Consumer,Île-de-France,Furniture,Chairs,83.87,6,0.0,15.79
CMD-2024-10804,2024-07-02,2024-07-04,First Class,CUST-556,Corporate,Île-de-France,Furniture,Tables,1476.73,8,0.0,616.94
CMD-2024-10805,2025-02-04,2025-02-06,Same Day,CUST-529,Corporate,Auvergne-Rhône-Alpes,Technology,Machines,31.37,1,0.0,11.94
CMD-2024-10806,2024-11-25,2024-11-27,Same Day,CUST-328,Corporate,Auvergne-Rhône-Alpes,Technology,Accessories,24.8,6,0.0,11.13
CMD-2024-10807,2025-05-22,2025-05-26,First Class,CUST-129,Corporate,Île-de-France,Office Supplies,Storage,68.89,7,0.2,3.18
CMD-2024-10808,2024-03-09,2024-03-10,Same Day,CUST-724,Consumer,Île-de-France,Technology,Accessories,794.45,7,0.3,20.93
CMD-2024-10809,2025-06-29,2025-07-03,Same Day,CUST-434,Home Office,Hauts-de-France,Furniture,Chairs,867.42,4,0.2,35.51
CMD-2024-10810,2024-02-22,2024-02-24,First Class,CUST-759,Corporate,Occitanie,Technology,Machines,249.08,4,0.1,61.48
CMD-2024-10811,2025-03-25,2025-03-30,Same Day,CUST-668,Home Office,Hauts-de-France,Furniture,Tables,481.65,4,0.0,88.92
CMD-2024-10812,2024-07-23,2024-07-26,Second Class,CUST-276,Corporate,Occitanie,Technology,Phones,67.96,7,0.2,0.56
CMD-2024-10813,2024-05-05,2024-05-06,Second Class,CUST-667,Home Office,Île-de-France,Office Supplies,Envelopes,801.95,2,0.0,137.59
CMD-2024-10814,2024-02-12,2024-02-13,Standard Class,CUST-508,Corporate,Île-de-France,Office Supplies,Binders,48.89,5,0.0,17.51
CMD-2024-10815,2024-04-20,2024-04-23,Same Day,CUST-336,Corporate,Île-de-France,Office Supplies,Binders,38.45,2,0.3,1.09
CMD-2024-10816,2025-10-24,2025-10-28,First Class,CUST-377,Consumer,Hauts-de-France,Technology,Machines,41.18,1,0.0,13.81
CMD-2024-10817,2024-07-01,2024-07-04,First Class,CUST-176,Consumer,Auvergne-Rhône-Alpes,Office Supplies,Art,202.28,2,0.0,83.7
CMD-2024-10818,2024-04-04,2024-04-09,Second Class,CUST-735,Corporate,Occitanie,Furniture,Chairs,349.08,4,0.3,35.64
CMD-2024-10819,2025-01-08,2025-01-10,Standard Class,CUST-639,Home Office,Hauts-de-France,Furniture,Bookcases,115.49,3,0.5,-18.65
CMD-2024-10820,2025-06-03,2025-06-06,Same Day,CUST-753,Consumer,Île-de-France,Furniture,Tables,853.64,1,0.0,380.13
CMD-2024-10821,2024-12-25,2024-12-28,First Class,CUST-257,Consumer,Auvergne-Rhône-Alpes,Technology,Accessories,140.38,6,0.0,40.27
CMD-2024-10822,2025-11-26,2025-11-28,First Class,CUST-266,Consumer,Hauts-de-France,Technology,Phones,50.87,3,0.1,4.77
CMD-2024-10823,2024-10-07,2024-10-08,Same Day,CUST-284,Consumer,Occitanie,Office Supplies,Art,153.01,1,0.2,40.98
CMD-2024-10824,2024-07-13,2024-07-18,Standard Class,CUST-488,Corporate,Île-de-France,Technology,Machines,265.01,1,0.0,41.57
CMD-2024-10825,2024-07-13,2024-07-16,Second Class,CUST-111,Home Office,Occitanie,Furniture,Tables,407.73,7,0.1,91.73
CMD-2024-10826,2025-10-28,2025-10-31,Same Day,CUST-268,Consumer,Île-de-France,Furniture,Tables,150.06,4,0.5,-31.1
CMD-2024-10827,2024-04-02,2024-04-03,Same Day,CUST-525,Consumer,Île-de-France,Office Supplies,Binders,213.1,7,0.0,64.16
CMD-2024-10828,2025-11-02,2025-11-07,Same Day,CUST-548,Home Office,Nouvelle-Aquitaine,Office Supplies,Paper,83.44,8,0.5,-11.05
CMD-2024-10829,2024-03-01,2024-03-03,Second Class,CUST-593,Consumer,Occitanie,Office Supplies,Binders,243.41,6,0.5,-55.49
CMD-2024-10830,2025-09-25,2025-09-27,First Class,CUST-548,Home Office,Auvergne-Rhône-Alpes,Technology,Accessories,953.67,2,0.0,302.37
CMD-2024-10831,2024-02-20,2024-02-24,Same Day,CUST-205,Corporate,Île-de-France,Technology,Accessories,26.07,7,0.2,5.13
CMD-2024-10832,2025-02-06,2025-02-11,Same Day,CUST-526,Consumer,Auvergne-Rhône-Alpes,Furniture,Furnishings,493.77,8,0.0,113.54
CMD-2024-10833,2024-01-05,2024-01-10,Same Day,CUST-197,Home Office,Hauts-de-France,Technology,Copiers,196.76,6,0.2,16.73
CMD-2024-10834,2025-04-10,2025-04-13,Same Day,CUST-730,Consumer,Île-de-France,Technology,Copiers,78.91,4,0.2,3.98
CMD-2024-10835,2025-08-26,2025-08-30,Standard Class,CUST-325,Corporate,Île-de-France,Furniture,Chairs,696.7,4,0.0,276.01
CMD-2024-10836,2025-11-12,2025-11-14,Standard Class,CUST-546,Home Office,Île-de-France,Furniture,Chairs,160.29,8,0.2,30.05
CMD-2024-10837,2025-06-17,2025-06-22,Standard Class,CUST-763,Home Office,Auvergne-Rhône-Alpes,Office Supplies,Binders,103.66,7,0.3,14.65
CMD-2024-10838,2025-02-08,2025-02-13,First Class,CUST-575,Home Office,Nouvelle-Aquitaine,Technology,Machines,59.06,4,0.0,11.87
CMD-2024-10839,2025-05-27,2025-05-28,Same Day,CUST-302,Consumer,Occitanie,Technology,Accessories,76.67,3,0.0,13.19
CMD-2024-10840,2025-10-06,2025-10-08,Same Day,CUST-774,Home Office,Île-de-France,Technology,Copiers,408.55,6,0.0,75.91
CMD-2024-10841,2024-08-20,2024-08-21,Same Day,CUST-396,Home Office,Occitanie,Office Supplies,Paper,224.66,6,0.1,24.33
CMD-2024-10842,2025-06-07,2025-06-11,Same Day,CUST-733,Home Office,Occitanie,Office Supplies,Envelopes,552.83,1,0.7,-176.95
CMD-2024-10843,2024-12-11,2024-12-16,Second Class,CUST-115,Corporate,Occitanie,Office Supplies,Art,73.06,5,0.3,12.51
CMD-2024-10844,2024-02-15,2024-02-19,Second Class,CUST-477,Home Office,Auvergne-Rhône-Alpes,Office Supplies,Binders,43.41,2,0.0,11.16
CMD-2024-10845,2025-06-29,2025-06-30,Second Class,CUST-435,Home Office,Occitanie,Furniture,Tables,16.34,8,0.1,5.68
CMD-2024-10846,2024-03-18,2024-03-20,Same Day,CUST-717,Home Office,Hauts-de-France,Furniture,Chairs,170.98,4,0.0,27.61
CMD-2024-10847,2025-12-30,2026-01-04,Second Class,CUST-119,Corporate,Auvergne-Rhône-Alpes,Technology,Machines,1418.87,6,0.0,607.36
CMD-2024-10848,2024-03-13,2024-03-15,Second Class,CUST-539,Home Office,Auvergne-Rhône-Alpes,Furniture,Bookcases,276.21,6,0.1,31.58
CMD-2024-10849,2024-09-05,2024-09-09,First Class,CUST-343,Consumer,Hauts-de-France,Furniture,Bookcases,96.12,1,0.1,32.08
CMD-2024-10850,2024-02-16,2024-02-19,First Class,CUST-343,Home Office,Nouvelle-Aquitaine,Furniture,Chairs,475.77,8,0.1,36.57
CMD-2024-10851,2024-04-30,2024-05-02,Second Class,CUST-491,Consumer,Nouvelle-Aquitaine,Office Supplies,Binders,349.84,2,0.5,-5.43
CMD-2024-10852,2024-08-01,2024-08-03,Second Class,CUST-361,Corporate,Île-de-France,Office Supplies,Storage,18.42,5,0.1,2.21
CMD-2024-10853,2024-08-26,2024-08-28,First Class,CUST-319,Corporate,Nouvelle-Aquitaine,Office Supplies,Paper,388.45,5,0.1,58.58
CMD-2024-10854,2024-02-25,2024-03-01,Second Class,CUST-107,Home Office,Île-de-France,Office Supplies,Envelopes,93.63,4,0.0,27.83
CMD-2024-10855,2024-12-15,2024-12-19,Same Day,CUST-545,Home Office,Occitanie,Office Supplies,Envelopes,50.67,5,0.7,-18.53
CMD-2024-10856,2024-04-16,2024-04-20,Second Class,CUST-113,Corporate,Île-de-France,Technology,Copiers,71.45,5,0.2,12.16
CMD-2024-10857,2024-02-17,2024-02-22,Same Day,CUST-486,Corporate,Nouvelle-Aquitaine,Technology,Accessories,154.08,7,0.3,26.57
CMD-2024-10858,2025-07-26,2025-07-28,Second Class,CUST-741,Corporate,Île-de-France,Office Supplies,Paper,136.69,2,0.0,45.37
CMD-2024-10859,2024-12-02,2024-12-04,Standard Class,CUST-121,Consumer,Auvergne-Rhône-Alpes,Office Supplies,Binders,90.0,8,0.1,24.88
CMD-2024-10860,2024-01-26,2024-01-29,Second Class,CUST-324,Consumer,Nouvelle-Aquitaine,Technology,Machines,56.58,2,0.1,4.89
CMD-2024-10861,2024-09-13,2024-09-15,Standard Class,CUST-334,Home Office,Île-de-France,Office Supplies,Art,331.02,7,0.0,112.0
CMD-2024-10862,2024-01-08,2024-01-09,Second Class,CUST-440,Consumer,Nouvelle-Aquitaine,Technology,Copiers,1030.57,4,0.2,109.4
CMD-2024-10863,2025-09-16,2025-09-18,Second Class,CUST-233,Corporate,Hauts-de-France,Technology,Copiers,345.91,6,0.5,-11.85
CMD-2024-10864,2024-09-09,2024-09-12,Same Day,CUST-277,Home Office,Nouvelle-Aquitaine,Office Supplies,Storage,92.2,1,0.0,24.57
CMD-2024-10865,2025-11-22,2025-11-23,First Class,CUST-655,Consumer,Hauts-de-France,Technology,Phones,76.77,4,0.0,27.16
CMD-2024-10866,2025-12-19,2025-12-22,First Class,CUST-619,Home Office,Île-de-France,Technology,Phones,69.0,3,0.2,2.65
CMD-2024-10867,2024-10-29,2024-11-01,Same Day,CUST-638,Consumer,Hauts-de-France,Technology,Copiers,47.34,5,0.0,10.78
CMD-2024-10868,2025-09-30,2025-10-04,First Class,CUST-536,Home Office,Nouvelle-Aquitaine,Office Supplies,Envelopes,191.32,7,0.1,33.07
CMD-2024-10869,2024-02-25,2024-03-01,Standard Class,CUST-150,Corporate,Auvergne-Rhône-Alpes,Furniture,Tables,219.57,1,0.2,13.44
CMD-2024-10870,2025-12-26,2025-12-29,Standard Class,CUST-542,Corporate,Hauts-de-France,Office Supplies,Paper,283.95,6,0.0,64.22
CMD-2024-10871,2025-06-09,2025-06-11,Second Class,CUST-680,Corporate,Nouvelle-Aquitaine,Furniture,Chairs,265.82,6,0.3,-27.94
CMD-2024-10872,2025-04-18,2025-04-22,Standard Class,CUST-380,Consumer,Auvergne-Rhône-Alpes,Technology,Copiers,91.07,2,0.1,28.32
CMD-2024-10873,2024-01-28,2024-01-29,First Class,CUST-143,Home Office,Occitanie,Office Supplies,Binders,103.21,3,0.3,-10.39
CMD-2024-10874,2024-03-18,2024-03-23,Standard Class,CUST-786,Home Office,Hauts-de-France,Technology,Phones,266.72,8,0.2,63.0
CMD-2024-10875,2024-08-03,2024-08-07,Second Class,CUST-730,Home Office,Hauts-de-France,Office Supplies,Envelopes,109.59,6,0.3,-9.03
CMD-2024-10876,2025-01-20,2025-01-23,Standard Class,CUST-464,Consumer,Île-de-France,Furniture,Chairs,67.59,3,0.0,11.46
CMD-2024-10877,2024-12-30,2025-01-03,First Class,CUST-368,Corporate,Occitanie,Office Supplies,Envelopes,118.17,5,0.0,37.68
CMD-2024-10878,2025-10-27,2025-10-29,Same Day,CUST-792,Corporate,Île-de-France,Technology,Accessories,84.87,2,0.0,25.52
CMD-2024-10879,2025-06-09,2025-06-11,Second Class,CUST-664,Home Office,Île-de-France,Furniture,Chairs,35.34,1,0.0,10.51
CMD-2024-10880,2025-11-29,2025-12-01,Same Day,CUST-392,Home Office,Nouvelle-Aquitaine,Technology,Machines,405.01,2,0.3,21.2
CMD-2024-10881,2024-11-07,2024-11-12,Standard Class,CUST-293,Consumer,Île-de-France,Technology,Machines,436.98,5,0.1,63.85
CMD-2024-10882,2024-01-07,2024-01-11,Second Class,CUST-470,Home Office,Hauts-de-France,Furniture,Bookcases,69.59,7,0.3,5.49
CMD-2024-10883,2024-01-03,2024-01-07,Second Class,CUST-651,Home Office,Île-de-France,Technology,Phones,29.73,6,0.0,8.94
CMD-2024-10884,2025-09-14,2025-09-17,Standard Class,CUST-177,Consumer,Auvergne-Rhône-Alpes,Furniture,Furnishings,310.37,3,0.0,77.72
CMD-2024-10885,2024-12-28,2024-12-29,Second Class,CUST-288,Home Office,Hauts-de-France,Technology,Machines,67.29,7,0.3,8.61
CMD-2024-10886,2025-05-22,2025-05-24,Standard Class,CUST-706,Corporate,Nouvelle-Aquitaine,Technology,Machines,124.99,5,0.0,46.04
CMD-2024-10887,2024-09-30,2024-10-01,Same Day,CUST-489,Consumer,Île-de-France,Office Supplies,Binders,29.58,6,0.2,2.61
CMD-2024-10888,2025-05-20,2025-05-21,Same Day,CUST-124,Corporate,Auvergne-Rhône-Alpes,Furniture,Chairs,71.44,4,0.0,28.88
CMD-2024-10889,2024-01-15,2024-01-17,First Class,CUST-714,Home Office,Auvergne-Rhône-Alpes,Furniture,Tables,361.4,8,0.5,-8.65
CMD-2024-10890,2024-07-10,2024-07-12,First Class,CUST-401,Home Office,Hauts-de-France,Furniture,Tables,373.97,3,0.1,82.67
CMD-2024-10891,2025-09-22,2025-09-25,Standard Class,CUST-770,Consumer,Île-de-France,Office Supplies,Envelopes,66.05,5,0.2,2.28
CMD-2024-10892,2025-04-29,2025-05-04,Standard Class,CUST-457,Consumer,Auvergne-Rhône-Alpes,Technology,Phones,105.06,1,0.0,44.62
CMD-2024-10893,2024-01-28,2024-01-30,Same Day,CUST-193,Consumer,Île-de-France,Office Supplies,Art,46.71,1,0.1,5.46
CMD-2024-10894,2025-12-14,2025-12-15,Second Class,CUST-650,Consumer,Hauts-de-France,Office Supplies,Art,31.95,6,0.5,-9.12
CMD-2024-10895,2024-02-08,2024-02-11,Standard Class,CUST-435,Home Office,Occitanie,Office Supplies,Storage,1082.0,6,0.3,-23.54
CMD-2024-10896,2024-09-29,2024-10-03,Second Class,CUST-263,Home Office,Auvergne-Rhône-Alpes,Furniture,Bookcases,249.51,1,0.0,91.84
CMD-2024-10897,2024-08-18,2024-08-21,First Class,CUST-440,Corporate,Nouvelle-Aquitaine,Furniture,Furnishings,186.84,8,0.0,79.78
CMD-2024-10898,2024-03-26,2024-03-28,Same Day,CUST-666,Corporate,Île-de-France,Office Supplies,Art,334.06,4,0.0,113.98
CMD-2024-10899,2025-04-18,2025-04-20,Standard Class,CUST-171,Consumer,Hauts-de-France,Furniture,Tables,418.27,2,0.0,182.18
CMD-2024-10900,2024-05-05,2024-05-10,First Class,CUST-141,Home Office,Hauts-de-France,Technology,Machines,376.59,1,0.2,-0.86
CMD-2024-10901,2025-06-20,2025-06-23,Standard Class,CUST-510,Consumer,Nouvelle-Aquitaine,Technology,Accessories,18.67,8,0.0,3.14
CMD-2024-10902,2024-05-24,2024-05-26,First Class,CUST-743,Consumer,Occitanie,Office Supplies,Art,60.49,8,0.0,20.04
CMD-2024-10903,2025-06-08,2025-06-09,Same Day,CUST-120,Consumer,Île-de-France,Technology,Copiers,249.07,6,0.2,64.72
CMD-2024-10904,2024-07-30,2024-07-31,Standard Class,CUST-100,Consumer,Occitanie,Office Supplies,Paper,118.67,6,0.1,25.02
CMD-2024-10905,2024-01-25,2024-01-28,Standard Class,CUST-777,Consumer,Hauts-de-France,Furniture,Bookcases,904.8,4,0.2,-13.16
CMD-2024-10906,2025-08-02,2025-08-07,Second Class,CUST-671,Home Office,Auvergne-Rhône-Alpes,Furniture,Tables,255.86,1,0.5,-59.78
CMD-2024-10907,2025-01-28,2025-01-31,Second Class,CUST-175,Corporate,Occitanie,Technology,Copiers,704.95,4,0.0,157.51
CMD-2024-10908,2024-03-07,2024-03-12,Standard Class,CUST-702,Consumer,Auvergne-Rhône-Alpes,Technology,Accessories,64.49,8,0.2,4.6
CMD-2024-10909,2024-08-20,2024-08-21,Same Day,CUST-497,Home Office,Nouvelle-Aquitaine,Office Supplies,Binders,453.85,1,0.0,74.01
CMD-2024-10910,2024-04-18,2024-04-20,Second Class,CUST-187,Consumer,Hauts-de-France,Office Supplies,Storage,100.28,2,0.0,42.26
CMD-2024-10911,2024-05-25,2024-05-29,Standard Class,CUST-693,Home Office,Auvergne-Rhône-Alpes,Office Supplies,Envelopes,1018.77,5,0.0,310.39
CMD-2024-10912,2024-04-20,2024-04-22,Standard Class,CUST-116,Corporate,Île-de-France,Furniture,Chairs,52.75,1,0.0,18.53
CMD-2024-10913,2024-08-15,2024-08-16,First Class,CUST-428,Corporate,Hauts-de-France,Office Supplies,Envelopes,174.8,5,0.0,29.74
CMD-2024-10914,2024-04-20,2024-04-21,Same Day,CUST-309,Home Office,Nouvelle-Aquitaine,Furniture,Chairs,361.34,1,0.0,60.07
CMD-2024-10915,2025-04-14,2025-04-16,Second Class,CUST-482,Consumer,Île-de-France,Furniture,Chairs,139.69,2,0.3,7.81
CMD-2024-10916,2024-02-03,2024-02-05,Second Class,CUST-664,Corporate,Hauts-de-France,Technology,Machines,153.88,8,0.2,36.34
CMD-2024-10917,2025-09-14,2025-09-15,First Class,CUST-739,Consumer,Occitanie,Furniture,Bookcases,959.78,7,0.7,-308.53
CMD-2024-10918,2025-01-03,2025-01-05,Standard Class,CUST-245,Consumer,Hauts-de-France,Office Supplies,Binders,136.86,6,0.1,44.25
CMD-2024-10919,2025-08-17,2025-08-21,Second Class,CUST-552,Home Office,Île-de-France,Office Supplies,Envelopes,218.84,5,0.0,86.07
CMD-2024-10920,2025-07-07,2025-07-11,Standard Class,CUST-492,Consumer,Auvergne-Rhône-Alpes,Technology,Machines,27.34,8,0.0,4.72
CMD-2024-10921,2025-02-28,2025-03-03,Second Class,CUST-409,Home Office,Auvergne-Rhône-Alpes,Office Supplies,Paper,421.23,4,0.0,88.71
CMD-2024-10922,2025-09-04,2025-09-08,Second Class,CUST-591,Home Office,Hauts-de-France,Furniture,Furnishings,244.81,1,0.0,85.03
CMD-2024-10923,2025-06-01,2025-06-02,Standard Class,CUST-529,Home Office,Hauts-de-France,Furniture,Chairs,128.86,6,0.2,13.28
CMD-2024-10924,2025-11-22,2025-11-23,Standard Class,CUST-100,Corporate,Nouvelle-Aquitaine,Technology,Copiers,18.59,1,0.1,2.74
CMD-2024-10925,2024-10-08,2024-10-11,Second Class,CUST-140,Consumer,Occitanie,Furniture,Furnishings,212.05,4,0.0,58.44
CMD-2024-10926,2024-11-15,2024-11-20,First Class,CUST-684,Home Office,Nouvelle-Aquitaine,Furniture,Furnishings,17.8,8,0.0,5.05
CMD-2024-10927,2025-03-18,2025-03-21,First Class,CUST-771,Home Office,Nouvelle-Aquitaine,Technology,Accessories,15.26,2,0.0,6.46
CMD-2024-10928,2024-11-10,2024-11-15,First Class,CUST-311,Consumer,Auvergne-Rhône-Alpes,Office Supplies,Art,225.62,3,0.0,40.85
CMD-2024-10929,2025-01-11,2025-01-16,First Class,CUST-432,Corporate,Auvergne-Rhône-Alpes,Office Supplies,Paper,61.09,1,0.0,14.29
CMD-2024-10930,2024-10-15,2024-10-17,First Class,CUST-750,Home Office,Île-de-France,Furniture,Bookcases,61.87,7,0.2,8.12
CMD-2024-10931,2025-03-12,2025-03-16,Standard Class,CUST-545,Home Office,Nouvelle-Aquitaine,Office Supplies,Art,248.03,4,0.0,89.16
CMD-2024-10932,2025-10-23,2025-10-28,Second Class,CUST-403,Home Office,Île-de-France,Technology,Copiers,27.14,3,0.2,4.32
CMD-2024-10933,2024-10-03,2024-10-05,First Class,CUST-654,Home Office,Hauts-de-France,Technology,Accessories,97.72,1,0.0,42.26
CMD-2024-10934,2025-12-10,2025-12-13,Same Day,CUST-790,Consumer,Île-de-France,Office Supplies,Envelopes,50.61,5,0.0,19.67
CMD-2024-10935,2025-08-04,2025-08-07,Second Class,CUST-253,Home Office,Auvergne-Rhône-Alpes,Technology,Accessories,205.94,8,0.3,9.7
CMD-2024-10936,2025-05-17,2025-05-22,Same Day,CUST-715,Corporate,Nouvelle-Aquitaine,Technology,Accessories,253.48,6,0.1,31.53
CMD-2024-10937,2025-09-15,2025-09-17,Standard Class,CUST-622,Consumer,Auvergne-Rhône-Alpes,Technology,Phones,295.95,6,0.0,84.42
CMD-2024-10938,2025-05-30,2025-05-31,Second Class,CUST-124,Corporate,Hauts-de-France,Technology,Copiers,79.83,4,0.3,7.03
CMD-2024-10939,2024-12-15,2024-12-19,Standard Class,CUST-124,Consumer,Occitanie,Office Supplies,Envelopes,35.57,5,0.0,14.28
CMD-2024-10940,2025-03-21,2025-03-26,Same Day,CUST-695,Consumer,Nouvelle-Aquitaine,Technology,Machines,33.03,2,0.0,14.46
CMD-2024-10941,2024-12-15,2024-12-16,Second Class,CUST-205,Consumer,Auvergne-Rhône-Alpes,Furniture,Chairs,137.19,3,0.2,20.8
CMD-2024-10942,2025-08-29,2025-09-02,Second Class,CUST-218,Corporate,Occitanie,Technology,Accessories,656.5,4,0.2,84.08
CMD-2024-10943,2025-10-25,2025-10-26,Standard Class,CUST-207,Corporate,Hauts-de-France,Office Supplies,Envelopes,69.02,7,0.0,10.72
CMD-2024-10944,2024-05-16,2024-05-18,Second Class,CUST-429,Home Office,Occitanie,Technology,Copiers,80.28,1,0.0,13.78
CMD-2024-10945,2024-08-30,2024-09-04,Same Day,CUST-279,Corporate,Auvergne-Rhône-Alpes,Office Supplies,Binders,38.4,6,0.3,-2.81
CMD-2024-10946,2025-06-26,2025-06-27,Standard Class,CUST-230,Home Office,Auvergne-Rhône-Alpes,Furniture,Furnishings,219.67,1,0.0,36.56
CMD-2024-10947,2024-02-09,2024-02-10,Same Day,CUST-702,Consumer,Hauts-de-France,Technology,Copiers,265.59,3,0.0,71.78
CMD-2024-10948,2024-08-16,2024-08-17,Second Class,CUST-267,Home Office,Hauts-de-France,Furniture,Tables,241.56,5,0.1,38.91
CMD-2024-10949,2025-07-01,2025-07-06,Same Day,CUST-322,Corporate,Occitanie,Technology,Machines,449.33,5,0.5,-48.88
CMD-2024-10950,2024-08-10,2024-08-12,Second Class,CUST-568,Consumer,Occitanie,Furniture,Bookcases,161.6,4,0.0,50.21
CMD-2024-10951,2024-01-06,2024-01-08,Same Day,CUST-377,Consumer,Auvergne-Rhône-Alpes,Technology,Machines,46.77,4,0.2,6.96
CMD-2024-10952,2024-11-17,2024-11-18,Same Day,CUST-289,Home Office,Hauts-de-France,Office Supplies,Storage,90.16,5,0.1,18.18
CMD-2024-10953,2025-04-12,2025-04-14,First Class,CUST-630,Home Office,Île-de-France,Technology,Phones,253.92,4,0.0,59.24
CMD-2024-10954,2024-03-15,2024-03-19,Second Class,CUST-625,Corporate,Hauts-de-France,Office Supplies,Art,223.92,5,0.2,57.29
CMD-2024-10955,2024-01-04,2024-01-06,First Class,CUST-720,Consumer,Nouvelle-Aquitaine,Technology,Phones,181.58,3,0.5,-49.77
CMD-2024-10956,2025-10-07,2025-10-08,First Class,CUST-289,Home Office,Nouvelle-Aquitaine,Technology,Machines,267.72,4,0.0,115.57
CMD-2024-10957,2024-04-27,2024-05-01,Standard Class,CUST-317,Consumer,Hauts-de-France,Furniture,Bookcases,238.17,5,0.0,57.96
CMD-2024-10958,2025-08-28,2025-09-02,Standard Class,CUST-398,Corporate,Occitanie,Office Supplies,Art,483.9,4,0.5,-70.75
CMD-2024-10959,2025-05-18,2025-05-21,Same Day,CUST-410,Consumer,Nouvelle-Aquitaine,Technology,Accessories,209.02,1,0.2,0.55
CMD-2024-10960,2025-07-27,2025-07-29,Second Class,CUST-335,Home Office,Auvergne-Rhône-Alpes,Technology,Accessories,346.71,8,0.0,59.38
CMD-2024-10961,2025-03-16,2025-03-20,Standard Class,CUST-267,Corporate,Auvergne-Rhône-Alpes,Technology,Machines,77.91,6,0.1,14.71
CMD-2024-10962,2024-07-12,2024-07-15,First Class,CUST-292,Corporate,Auvergne-Rhône-Alpes,Technology,Phones,264.43,1,0.2,50.91
CMD-2024-10963,2025-12-15,2025-12-20,Second Class,CUST-341,Consumer,Hauts-de-France,Technology,Copiers,526.45,2,0.2,26.75
CMD-2024-10964,2025-01-26,2025-01-29,Same Day,CUST-261,Home Office,Nouvelle-Aquitaine,Furniture,Tables,122.21,5,0.5,-16.05
CMD-2024-10965,2024-01-26,2024-01-31,Same Day,CUST-438,Consumer,Occitanie,Technology,Copiers,347.21,2,0.0,81.11
CMD-2024-10966,2025-03-10,2025-03-11,Standard Class,CUST-554,Consumer,Auvergne-Rhône-Alpes,Technology,Accessories,298.85,5,0.0,79.67
CMD-2024-10967,2024-06-21,2024-06-22,Standard Class,CUST-234,Consumer,Occitanie,Office Supplies,Envelopes,28.5,8,0.1,9.46
CMD-2024-10968,2024-10-26,2024-10-31,Standard Class,CUST-292,Home Office,Auvergne-Rhône-Alpes,Furniture,Bookcases,206.64,6,0.0,84.05
CMD-2024-10969,2025-10-06,2025-10-09,Same Day,CUST-501,Consumer,Hauts-de-France,Technology,Accessories,45.69,4,0.1,9.81
CMD-2024-10970,2024-11-21,2024-11-23,First Class,CUST-491,Consumer,Auvergne-Rhône-Alpes,Technology,Machines,767.61,5,0.0,169.97
CMD-2024-10971,2025-02-13,2025-02-16,Standard Class,CUST-700,Corporate,Hauts-de-France,Furniture,Furnishings,382.0,8,0.0,79.44
CMD-2024-10972,2024-04-27,2024-04-30,Same Day,CUST-141,Corporate,Nouvelle-Aquitaine,Technology,Accessories,40.57,1,0.1,14.05
CMD-2024-10973,2025-12-24,2025-12-26,Second Class,CUST-192,Corporate,Nouvelle-Aquitaine,Furniture,Tables,43.56,4,0.2,1.34
CMD-2024-10974,2024-08-12,2024-08-15,Same Day,CUST-314,Home Office,Occitanie,Technology,Accessories,213.57,6,0.2,45.37
CMD-2024-10975,2025-06-15,2025-06-18,Second Class,CUST-448,Consumer,Auvergne-Rhône-Alpes,Furniture,Chairs,108.05,1,0.1,18.44
CMD-2024-10976,2024-04-22,2024-04-26,Second Class,CUST-612,Consumer,Nouvelle-Aquitaine,Technology,Accessories,22.82,4,0.0,10.17
CMD-2024-10977,2024-05-19,2024-05-24,First Class,CUST-434,Corporate,Île-de-France,Furniture,Tables,186.62,5,0.0,48.6
CMD-2024-10978,2025-07-12,2025-07-13,Standard Class,CUST-498,Consumer,Île-de-France,Office Supplies,Envelopes,122.97,5,0.2,9.28
CMD-2024-10979,2024-01-01,2024-01-06,Second Class,CUST-263,Home Office,Occitanie,Furniture,Furnishings,38.44,1,0.0,13.12
CMD-2024-10980,2024-03-30,2024-04-02,Standard Class,CUST-205,Consumer,Nouvelle-Aquitaine,Technology,Accessories,371.2,3,0.2,95.94
CMD-2024-10981,2025-10-15,2025-10-17,Same Day,CUST-331,Corporate,Hauts-de-France,Technology,Copiers,557.52,5,0.1,196.73
CMD-2024-10982,2024-11-15,2024-11-17,Standard Class,CUST-657,Home Office,Île-de-France,Technology,Machines,325.87,8,0.0,118.02
CMD-2024-10983,2025-07-03,2025-07-04,Same Day,CUST-632,Consumer,Nouvelle-Aquitaine,Technology,Copiers,395.24,3,0.2,77.62
CMD-2024-10984,2024-05-18,2024-05-19,Second Class,CUST-276,Consumer,Hauts-de-France,Technology,Accessories,68.67,4,0.0,21.91
CMD-2024-10985,2025-05-25,2025-05-26,First Class,CUST-778,Consumer,Auvergne-Rhône-Alpes,Office Supplies,Storage,82.31,3,0.1,23.6
CMD-2024-10986,2024-09-15,2024-09-17,Second Class,CUST-393,Home Office,Nouvelle-Aquitaine,Furniture,Chairs,66.45,1,0.0,27.11
CMD-2024-10987,2025-11-03,2025-11-06,Same Day,CUST-364,Consumer,Auvergne-Rhône-Alpes,Furniture,Chairs,333.66,2,0.0,98.71
CMD-2024-10988,2025-11-20,2025-11-21,Second Class,CUST-619,Corporate,Île-de-France,Furniture,Tables,665.08,2,0.1,163.58
CMD-2024-10989,2024-01-10,2024-01-11,First Class,CUST-369,Corporate,Auvergne-Rhône-Alpes,Furniture,Tables,292.58,1,0.1,64.72
CMD-2024-10990,2024-09-17,2024-09-19,Standard Class,CUST-311,Corporate,Île-de-France,Technology,Copiers,484.16,7,0.2,67.17
CMD-2024-10991,2025-10-11,2025-10-14,Same Day,CUST-262,Corporate,Occitanie,Office Supplies,Storage,238.97,8,0.2,56.64
CMD-2024-10992,2024-06-20,2024-06-21,Standard Class,CUST-656,Home Office,Occitanie,Technology,Accessories,122.9,2,0.2,9.42
CMD-2024-10993,2024-01-13,2024-01-16,First Class,CUST-152,Corporate,Île-de-France,Office Supplies,Art,137.04,1,0.0,29.11
CMD-2024-10994,2024-06-16,2024-06-20,Second Class,CUST-332,Corporate,Hauts-de-France,Office Supplies,Binders,32.23,5,0.1,6.35
CMD-2024-10995,2025-10-03,2025-10-04,First Class,CUST-537,Corporate,Occitanie,Office Supplies,Binders,22.03,3,0.1,2.7
CMD-2024-10996,2025-08-18,2025-08-19,Same Day,CUST-782,Home Office,Hauts-de-France,Furniture,Furnishings,276.58,2,0.0,82.84
CMD-2024-10997,2024-11-16,2024-11-18,Same Day,CUST-617,Home Office,Hauts-de-France,Technology,Phones,141.94,5,0.1,46.99
CMD-2024-10998,2024-11-14,2024-11-18,Second Class,CUST-143,Consumer,Hauts-de-France,Furniture,Furnishings,191.76,2,0.5,-22.01
CMD-2024-10999,2025-09-04,2025-09-08,Same Day,CUST-702,Corporate,Nouvelle-Aquitaine,Furniture,Chairs,194.45,4,0.0,79.07
CMD-2024-11000,2024-11-24,2024-11-28,First Class,CUST-615,Consumer,Nouvelle-Aquitaine,Furniture,Furnishings,86.47,1,0.5,-21.63
CMD-2024-11001,2025-07-03,2025-07-08,Same Day,CUST-732,Home Office,Hauts-de-France,Office Supplies,Paper,157.13,1,0.0,66.04
CMD-2024-11002,2025-02-22,2025-02-24,Standard Class,CUST-674,Consumer,Île-de-France,Technology,Phones,154.99,8,0.0,51.23
CMD-2024-11003,2025-08-28,2025-08-30,First Class,CUST-191,Home Office,Occitanie,Technology,Accessories,123.18,5,0.0,19.65
CMD-2024-11004,2024-04-04,2024-04-05,First Class,CUST-537,Consumer,Auvergne-Rhône-Alpes,Technology,Copiers,393.08,7,0.1,98.24
CMD-2024-11005,2025-08-03,2025-08-05,Same Day,CUST-436,Corporate,Nouvelle-Aquitaine,Technology,Phones,146.99,4,0.0,64.0
CMD-2024-11006,2024-11-13,2024-11-14,Second Class,CUST-393,Home Office,Nouvelle-Aquitaine,Furniture,Chairs,218.6,3,0.3,-21.04
CMD-2024-11007,2024-08-23,2024-08-24,Second Class,CUST-799,Home Office,Auvergne-Rhône-Alpes,Office Supplies,Storage,511.93,8,0.3,28.02
CMD-2024-11008,2024-11-29,2024-12-04,Second Class,CUST-779,Home Office,Hauts-de-France,Office Supplies,Art,457.57,4,0.2,111.94
CMD-2024-11009,2025-01-10,2025-01-12,Same Day,CUST-363,Corporate,Auvergne-Rhône-Alpes,Office Supplies,Envelopes,501.45,7,0.1,31.55
CMD-2024-11010,2025-04-03,2025-04-05,Same Day,CUST-204,Corporate,Hauts-de-France,Office Supplies,Binders,84.24,4,0.5,-9.33
CMD-2024-11011,2024-05-16,2024-05-21,Same Day,CUST-323,Home Office,Nouvelle-Aquitaine,Office Supplies,Storage,22.83,6,0.3,0.51
CMD-2024-11012,2025-08-10,2025-08-15,First Class,CUST-518,Home Office,Auvergne-Rhône-Alpes,Technology,Accessories,81.56,3,0.1,13.38
CMD-2024-11013,2025-06-30,2025-07-02,First Class,CUST-214,Corporate,Île-de-France,Office Supplies,Binders,86.88,8,0.2,13.75
CMD-2024-11014,2025-05-27,2025-05-29,Same Day,CUST-334,Corporate,Occitanie,Technology,Accessories,543.19,3,0.1,41.18
CMD-2024-11015,2024-10-22,2024-10-23,Second Class,CUST-373,Corporate,Occitanie,Technology,Copiers,245.49,4,0.1,70.19
CMD-2024-11016,2024-11-15,2024-11-18,Standard Class,CUST-329,Corporate,Occitanie,Furniture,Tables,33.75,8,0.0,5.11
CMD-2024-11017,2025-07-25,2025-07-26,Second Class,CUST-133,Corporate,Auvergne-Rhône-Alpes,Technology,Machines,47.0,2,0.1,7.15
CMD-2024-11018,2024-12-14,2024-12-18,First Class,CUST-487,Corporate,Hauts-de-France,Technology,Phones,52.23,6,0.0,15.73
CMD-2024-11019,2024-08-16,2024-08-20,First Class,CUST-600,Consumer,Nouvelle-Aquitaine,Technology,Machines,233.99,2,0.0,61.56
CMD-2024-11020,2024-09-26,2024-09-29,Second Class,CUST-561,Corporate,Occitanie,Technology,Copiers,307.51,4,0.2,19.14
CMD-2024-11021,2024-10-17,2024-10-22,Second Class,CUST-548,Corporate,Auvergne-Rhône-Alpes,Office Supplies,Envelopes,446.99,2,0.5,-22.68
CMD-2024-11022,2025-12-25,2025-12-29,First Class,CUST-313,Home Office,Occitanie,Technology,Accessories,636.3,3,0.5,-12.44
CMD-2024-11023,2024-06-13,2024-06-18,First Class,CUST-145,Home Office,Hauts-de-France,Technology,Phones,64.56,8,0.1,20.8
CMD-2024-11024,2024-01-05,2024-01-10,Same Day,CUST-504,Consumer,Île-de-France,Furniture,Bookcases,96.56,3,0.1,20.93
CMD-2024-11025,2025-01-13,2025-01-14,Standard Class,CUST-432,Corporate,Île-de-France,Furniture,Bookcases,75.47,2,0.0,31.34
CMD-2024-11026,2024-03-18,2024-03-23,Same Day,CUST-339,Home Office,Nouvelle-Aquitaine,Office Supplies,Storage,112.76,8,0.2,27.77
CMD-2024-11027,2025-02-13,2025-02-16,Same Day,CUST-353,Home Office,Île-de-France,Technology,Phones,556.46,3,0.0,151.79
CMD-2024-11028,2025-07-27,2025-07-28,Second Class,CUST-327,Consumer,Île-de-France,Furniture,Chairs,203.3,1,0.0,47.78
CMD-2024-11029,2024-05-11,2024-05-14,Second Class,CUST-265,Corporate,Auvergne-Rhône-Alpes,Office Supplies,Art,309.83,3,0.2,-0.16
CMD-2024-11030,2025-08-23,2025-08-28,Standard Class,CUST-684,Home Office,Auvergne-Rhône-Alpes,Office Supplies,Envelopes,163.19,4,0.0,47.93
CMD-2024-11031,2024-02-11,2024-02-15,Same Day,CUST-610,Corporate,Nouvelle-Aquitaine,Furniture,Furnishings,21.44,5,0.0,9.3
CMD-2024-11032,2024-03-29,2024-04-03,Same Day,CUST-697,Consumer,Nouvelle-Aquitaine,Office Supplies,Art,29.6,2,0.3,1.43
CMD-2024-11033,2025-02-05,2025-02-08,First Class,CUST-692,Consumer,Auvergne-Rhône-Alpes,Technology,Accessories,184.85,6,0.0,64.75
CMD-2024-11034,2024-10-22,2024-10-24,First Class,CUST-775,Corporate,Île-de-France,Furniture,Bookcases,294.1,7,0.0,54.07
CMD-2024-11035,2024-10-21,2024-10-23,Standard Class,CUST-489,Consumer,Hauts-de-France,Furniture,Chairs,68.35,2,0.0,13.2
CMD-2024-11036,2025-09-07,2025-09-11,Second Class,CUST-522,Home Office,Île-de-France,Office Supplies,Envelopes,296.56,7,0.0,85.81
CMD-2024-11037,2025-06-09,2025-06-12,First Class,CUST-510,Consumer,Île-de-France,Technology,Machines,381.13,7,0.0,165.94
CMD-2024-11038,2025-11-21,2025-11-25,Standard Class,CUST-680,Consumer,Hauts-de-France,Technology,Copiers,131.79,3,0.2,10.31
CMD-2024-11039,2025-09-28,2025-09-29,Same Day,CUST-748,Corporate,Nouvelle-Aquitaine,Technology,Phones,316.86,3,0.0,130.94
CMD-2024-11040,2025-02-25,2025-03-02,Standard Class,CUST-763,Home Office,Auvergne-Rhône-Alpes,Technology,Accessories,128.86,8,0.3,-10.81
CMD-2024-11041,2024-01-23,2024-01-24,Standard Class,CUST-546,Corporate,Nouvelle-Aquitaine,Technology,Copiers,264.54,8,0.0,88.65
CMD-2024-11042,2025-07-28,2025-07-30,First Class,CUST-502,Corporate,Nouvelle-Aquitaine,Office Supplies,Paper,332.66,5,0.1,79.9
CMD-2024-11043,2024-05-22,2024-05-27,First Class,CUST-196,Corporate,Nouvelle-Aquitaine,Furniture,Furnishings,1075.22,5,0.2,245.11
CMD-2024-11044,2025-10-26,2025-10-27,Same Day,CUST-478,Consumer,Auvergne-Rhône-Alpes,Furniture,Furnishings,108.22,6,0.2,-3.14
CMD-2024-11045,2024-05-24,2024-05-26,Same Day,CUST-769,Consumer,Nouvelle-Aquitaine,Office Supplies,Envelopes,131.47,4,0.1,15.38
CMD-2024-11046,2024-08-12,2024-08-13,Same Day,CUST-285,Corporate,Nouvelle-Aquitaine,Furniture,Furnishings,54.83,1,0.5,-12.84
CMD-2024-11047,2025-05-17,2025-05-22,Standard Class,CUST-779,Consumer,Occitanie,Technology,Copiers,65.21,4,0.0,28.37
CMD-2024-11048,2025-09-07,2025-09-08,Standard Class,CUST-343,Consumer,Île-de-France,Technology,Phones,275.08,8,0.1,29.19
CMD-2024-11049,2024-04-13,2024-04-18,First Class,CUST-730,Corporate,Occitanie,Technology,Phones,562.68,6,0.3,-61.28
CMD-2024-11050,2024-02-08,2024-02-09,Same Day,CUST-602,Home Office,Auvergne-Rhône-Alpes,Furniture,Bookcases,125.41,2,0.0,38.92
CMD-2024-11051,2024-07-16,2024-07-20,First Class,CUST-387,Home Office,Hauts-de-France,Furniture,Chairs,58.62,3,0.0,18.09
CMD-2024-11052,2025-10-07,2025-10-08,Same Day,CUST-468,Consumer,Hauts-de-France,Technology,Accessories,88.83,4,0.0,35.82
CMD-2024-11053,2025-08-01,2025-08-02,Same Day,CUST-164,Home Office,Occitanie,Furniture,Tables,148.55,7,0.1,51.2
CMD-2024-11054,2025-01-25,2025-01-29,First Class,CUST-261,Home Office,Occitanie,Office Supplies,Storage,90.55,3,0.0,28.21
CMD-2024-11055,2024-06-27,2024-06-29,First Class,CUST-696,Consumer,Occitanie,Office Supplies,Binders,73.53,3,0.0,31.54
CMD-2024-11056,2025-07-07,2025-07-12,First Class,CUST-670,Home Office,Île-de-France,Office Supplies,Storage,307.98,4,0.1,85.48
CMD-2024-11057,2025-03-23,2025-03-26,Same Day,CUST-761,Consumer,Auvergne-Rhône-Alpes,Office Supplies,Paper,16.73,4,0.1,2.33
CMD-2024-11058,2025-05-14,2025-05-16,Standard Class,CUST-517,Corporate,Nouvelle-Aquitaine,Technology,Phones,185.47,7,0.0,79.48
CMD-2024-11059,2024-01-15,2024-01-20,First Class,CUST-580,Home Office,Occitanie,Office Supplies,Envelopes,362.32,8,0.0,126.9
CMD-2024-11060,2025-09-14,2025-09-15,First Class,CUST-732,Corporate,Île-de-France,Technology,Phones,83.1,7,0.1,15.31
CMD-2024-11061,2025-10-30,2025-11-01,Standard Class,CUST-368,Corporate,Hauts-de-France,Office Supplies,Envelopes,218.4,5,0.5,-20.95
CMD-2024-11062,2024-10-15,2024-10-16,Standard Class,CUST-666,Consumer,Hauts-de-France,Furniture,Chairs,258.17,8,0.2,23.34
CMD-2024-11063,2025-04-22,2025-04-24,Second Class,CUST-747,Home Office,Hauts-de-France,Technology,Phones,249.14,6,0.2,1.06
CMD-2024-11064,2024-08-18,2024-08-20,First Class,CUST-289,Home Office,Occitanie,Office Supplies,Art,144.87,6,0.0,52.98
CMD-2024-11065,2025-02-23,2025-02-26,Second Class,CUST-505,Home Office,Hauts-de-France,Office Supplies,Art,108.62,7,0.0,43.15
CMD-2024-11066,2024-06-05,2024-06-09,Second Class,CUST-588,Home Office,Hauts-de-France,Technology,Copiers,412.63,1,0.1,114.98
CMD-2024-11067,2025-07-03,2025-07-05,Standard Class,CUST-411,Consumer,Hauts-de-France,Office Supplies,Art,327.55,8,0.3,-16.79
CMD-2024-11068,2025-03-16,2025-03-17,Same Day,CUST-695,Corporate,Nouvelle-Aquitaine,Technology,Accessories,100.25,7,0.1,34.79
CMD-2024-11069,2024-04-06,2024-04-09,Same Day,CUST-788,Home Office,Hauts-de-France,Furniture,Furnishings,38.92,5,0.3,-4.38
CMD-2024-11070,2025-02-14,2025-02-16,Standard Class,CUST-193,Home Office,Île-de-France,Furniture,Chairs,31.39,1,0.7,-11.93
CMD-2024-11071,2024-10-15,2024-10-19,Second Class,CUST-489,Consumer,Occitanie,Furniture,Tables,36.78,4,0.0,8.39
CMD-2024-11072,2024-09-10,2024-09-11,Second Class,CUST-646,Home Office,Nouvelle-Aquitaine,Office Supplies,Paper,207.36,6,0.0,34.1
CMD-2024-11073,2024-07-14,2024-07-17,Second Class,CUST-510,Home Office,Nouvelle-Aquitaine,Office Supplies,Art,26.67,6,0.0,7.25
CMD-2024-11074,2025-08-20,2025-08-25,Second Class,CUST-311,Corporate,Occitanie,Office Supplies,Art,105.39,1,0.0,35.51
CMD-2024-11075,2025-06-05,2025-06-09,First Class,CUST-737,Home Office,Hauts-de-France,Technology,Machines,322.82,2,0.0,133.89
CMD-2024-11076,2025-05-31,2025-06-05,Second Class,CUST-468,Home Office,Hauts-de-France,Office Supplies,Paper,91.7,5,0.3,16.22
CMD-2024-11077,2025-09-26,2025-10-01,Standard Class,CUST-267,Corporate,Auvergne-Rhône-Alpes,Technology,Accessories,332.02,5,0.0,130.29
CMD-2024-11078,2024-04-27,2024-04-30,Second Class,CUST-113,Home Office,Hauts-de-France,Office Supplies,Storage,316.03,5,0.0,91.84
CMD-2024-11079,2024-06-07,2024-06-10,Second Class,CUST-685,Corporate,Île-de-France,Technology,Accessories,77.07,6,0.0,28.29
CMD-2024-11080,2024-08-15,2024-08-18,Standard Class,CUST-663,Consumer,Hauts-de-France,Technology,Copiers,302.1,3,0.5,-14.17
CMD-2024-11081,2024-08-03,2024-08-08,Second Class,CUST-306,Corporate,Occitanie,Office Supplies,Art,318.04,6,0.2,34.85
CMD-2024-11082,2025-11-26,2025-11-27,Same Day,CUST-142,Corporate,Hauts-de-France,Technology,Accessories,126.45,3,0.5,-8.15
CMD-2024-11083,2024-01-15,2024-01-18,Standard Class,CUST-541,Home Office,Occitanie,Technology,Machines,66.98,6,0.7,-22.45
CMD-2024-11084,2024-06-05,2024-06-09,First Class,CUST-614,Home Office,Nouvelle-Aquitaine,Technology,Machines,177.06,8,0.1,31.15
CMD-2024-11085,2025-10-09,2025-10-12,First Class,CUST-706,Home Office,Auvergne-Rhône-Alpes,Technology,Accessories,574.54,4,0.0,176.86
CMD-2024-11086,2024-09-17,2024-09-20,Standard Class,CUST-494,Home Office,Nouvelle-Aquitaine,Technology,Copiers,239.53,6,0.0,84.5
CMD-2024-11087,2024-06-05,2024-06-08,First Class,CUST-337,Corporate,Occitanie,Technology,Phones,56.77,8,0.0,20.9
CMD-2024-11088,2024-02-16,2024-02-21,First Class,CUST-778,Consumer,Auvergne-Rhône-Alpes,Furniture,Chairs,267.58,8,0.2,20.61
CMD-2024-11089,2024-11-19,2024-11-20,First Class,CUST-630,Home Office,Nouvelle-Aquitaine,Technology,Accessories,137.59,4,0.0,44.22
CMD-2024-11090,2025-11-15,2025-11-18,Standard Class,CUST-503,Corporate,Hauts-de-France,Office Supplies,Binders,211.97,8,0.0,89.66
CMD-2024-11091,2024-05-09,2024-05-14,Second Class,CUST-313,Consumer,Hauts-de-France,Technology,Copiers,306.39,3,0.1,108.12
CMD-2024-11092,2025-02-14,2025-02-18,First Class,CUST-667,Consumer,Auvergne-Rhône-Alpes,Office Supplies,Paper,174.17,5,0.1,22.32
CMD-2024-11093,2024-04-04,2024-04-05,Same Day,CUST-473,Consumer,Nouvelle-Aquitaine,Office Supplies,Paper,385.02,3,0.2,10.72
CMD-2024-11094,2025-09-18,2025-09-23,Second Class,CUST-231,Corporate,Île-de-France,Technology,Machines,296.75,1,0.0,104.75
CMD-2024-11095,2024-10-18,2024-10-20,Second Class,CUST-108,Home Office,Île-de-France,Office Supplies,Envelopes,225.03,5,0.3,0.99
CMD-2024-11096,2024-10-09,2024-10-13,First Class,CUST-252,Corporate,Île-de-France,Office Supplies,Binders,50.96,6,0.1,3.43
CMD-2024-11097,2024-03-09,2024-03-13,First Class,CUST-530,Home Office,Nouvelle-Aquitaine,Office Supplies,Storage,412.67,6,0.0,104.84
CMD-2024-11098,2025-10-21,2025-10-23,Second Class,CUST-582,Consumer,Nouvelle-Aquitaine,Furniture,Chairs,619.43,6,0.2,131.33
CMD-2024-11099,2024-01-11,2024-01-16,First Class,CUST-404,Consumer,Nouvelle-Aquitaine,Technology,Phones,47.41,6,0.5,-2.88
CMD-2024-11100,2024-09-10,2024-09-15,Standard Class,CUST-383,Corporate,Occitanie,Furniture,Furnishings,162.38,6,0.0,48.46
CMD-2024-11101,2025-07-03,2025-07-07,Standard Class,CUST-571,Consumer,Île-de-France,Furniture,Bookcases,80.91,3,0.0,23.61
CMD-2024-11102,2024-05-13,2024-05-18,First Class,CUST-289,Corporate,Île-de-France,Furniture,Bookcases,324.0,7,0.1,75.77
CMD-2024-11103,2025-12-12,2025-12-14,Second Class,CUST-627,Home Office,Île-de-France,Technology,Machines,296.34,4,0.0,63.96
CMD-2024-11104,2024-01-23,2024-01-28,First Class,CUST-611,Consumer,Occitanie,Office Supplies,Paper,48.41,7,0.3,1.83
CMD-2024-11105,2024-12-11,2024-12-15,Same Day,CUST-442,Home Office,Occitanie,Office Supplies,Paper,476.07,3,0.0,72.99
CMD-2024-11106,2024-10-28,2024-11-02,Standard Class,CUST-529,Consumer,Nouvelle-Aquitaine,Technology,Copiers,58.92,2,0.2,6.64
CMD-2024-11107,2024-12-28,2024-12-29,Second Class,CUST-785,Home Office,Île-de-France,Technology,Accessories,366.08,8,0.2,25.92
CMD-2024-11108,2025-01-30,2025-02-01,Same Day,CUST-779,Consumer,Île-de-France,Technology,Machines,149.33,7,0.1,39.19
CMD-2024-11109,2024-08-05,2024-08-07,First Class,CUST-133,Home Office,Hauts-de-France,Office Supplies,Envelopes,102.54,3,0.0,35.02
CMD-2024-11110,2024-05-20,2024-05-23,Standard Class,CUST-570,Consumer,Hauts-de-France,Office Supplies,Art,52.9,8,0.0,13.98
CMD-2024-11111,2025-09-07,2025-09-12,Same Day,CUST-493,Corporate,Hauts-de-France,Furniture,Tables,55.36,5,0.0,8.42
CMD-2024-11112,2024-07-28,2024-07-30,Second Class,CUST-594,Home Office,Occitanie,Furniture,Tables,253.56,6,0.0,57.22
CMD-2024-11113,2025-09-14,2025-09-19,Standard Class,CUST-612,Home Office,Nouvelle-Aquitaine,Furniture,Bookcases,190.88,3,0.0,64.9
CMD-2024-11114,2025-09-07,2025-09-08,First Class,CUST-421,Corporate,Auvergne-Rhône-Alpes,Technology,Machines,43.65,7,0.3,-4.29
CMD-2024-11115,2025-11-13,2025-11-17,First Class,CUST-214,Corporate,Île-de-France,Furniture,Chairs,41.31,4,0.0,7.53
CMD-2024-11116,2025-04-04,2025-04-08,Standard Class,CUST-313,Corporate,Hauts-de-France,Office Supplies,Envelopes,31.51,7,0.2,5.17
CMD-2024-11117,2024-12-21,2024-12-24,Same Day,CUST-244,Consumer,Île-de-France,Office Supplies,Art,314.57,6,0.0,118.51
CMD-2024-11118,2024-11-19,2024-11-22,Standard Class,CUST-658,Corporate,Île-de-France,Office Supplies,Paper,288.76,7,0.2,19.19
CMD-2024-11119,2024-05-12,2024-05-14,Standard Class,CUST-277,Consumer,Île-de-France,Office Supplies,Paper,28.25,1,0.7,-9.41
CMD-2024-11120,2024-05-06,2024-05-08,Standard Class,CUST-459,Consumer,Nouvelle-Aquitaine,Furniture,Bookcases,195.75,2,0.0,84.9
CMD-2024-11121,2024-04-15,2024-04-17,Same Day,CUST-384,Corporate,Île-de-France,Furniture,Furnishings,34.47,5,0.3,5.64
CMD-2024-11122,2025-08-26,2025-08-27,Standard Class,CUST-344,Corporate,Nouvelle-Aquitaine,Office Supplies,Paper,529.97,4,0.1,80.69
CMD-2024-11123,2025-01-12,2025-01-15,Second Class,CUST-305,Consumer,Auvergne-Rhône-Alpes,Office Supplies,Art,537.81,2,0.3,66.15
CMD-2024-11124,2024-02-20,2024-02-23,First Class,CUST-683,Home Office,Auvergne-Rhône-Alpes,Technology,Copiers,278.58,3,0.2,41.28
CMD-2024-11125,2024-01-29,2024-02-02,Same Day,CUST-441,Home Office,Occitanie,Technology,Phones,588.37,2,0.0,260.44
CMD-2024-11126,2025-04-06,2025-04-09,Second Class,CUST-459,Corporate,Île-de-France,Technology,Phones,382.05,6,0.0,112.05
CMD-2024-11127,2024-10-22,2024-10-25,Standard Class,CUST-598,Home Office,Hauts-de-France,Furniture,Tables,402.95,6,0.0,154.09
CMD-2024-11128,2024-10-23,2024-10-24,Second Class,CUST-240,Consumer,Occitanie,Technology,Copiers,200.52,1,0.1,58.24
CMD-2024-11129,2025-12-26,2025-12-28,Same Day,CUST-767,Home Office,Occitanie,Technology,Copiers,95.38,8,0.7,-31.55
CMD-2024-11130,2025-02-10,2025-02-11,First Class,CUST-321,Consumer,Auvergne-Rhône-Alpes,Technology,Machines,69.04,2,0.2,14.41
CMD-2024-11131,2025-09-04,2025-09-09,Same Day,CUST-488,Corporate,Hauts-de-France,Technology,Machines,102.19,7,0.0,23.33
CMD-2024-11132,2025-02-08,2025-02-12,Standard Class,CUST-429,Corporate,Île-de-France,Office Supplies,Paper,232.84,2,0.3,-19.4
CMD-2024-11133,2024-12-11,2024-12-15,Standard Class,CUST-492,Home Office,Île-de-France,Technology,Accessories,56.7,6,0.2,5.53
CMD-2024-11134,2025-09-13,2025-09-17,First Class,CUST-753,Corporate,Auvergne-Rhône-Alpes,Office Supplies,Paper,80.84,8,0.0,35.01
CMD-2024-11135,2025-02-23,2025-02-25,Same Day,CUST-457,Corporate,Nouvelle-Aquitaine,Furniture,Furnishings,153.87,3,0.0,46.2
CMD-2024-11136,2024-06-30,2024-07-02,Same Day,CUST-493,Consumer,Auvergne-Rhône-Alpes,Office Supplies,Art,73.37,3,0.0,24.99
CMD-2024-11137,2024-01-01,2024-01-03,Same Day,CUST-686,Consumer,Hauts-de-France,Technology,Copiers,210.43,5,0.3,14.15
CMD-2024-11138,2025-07-20,2025-07-24,Second Class,CUST-139,Consumer,Nouvelle-Aquitaine,Office Supplies,Art,579.57,7,0.3,-46.5
CMD-2024-11139,2025-01-05,2025-01-09,First Class,CUST-372,Consumer,Hauts-de-France,Furniture,Bookcases,318.31,7,0.0,85.02
CMD-2024-11140,2025-10-22,2025-10-26,Same Day,CUST-519,Corporate,Île-de-France,Office Supplies,Envelopes,256.54,3,0.0,92.89
CMD-2024-11141,2025-03-06,2025-03-11,First Class,CUST-169,Consumer,Nouvelle-Aquitaine,Office Supplies,Art,207.28,2,0.2,54.22
CMD-2024-11142,2024-11-04,2024-11-09,Second Class,CUST-722,Consumer,Hauts-de-France,Technology,Machines,162.25,1,0.5,-40.5
CMD-2024-11143,2024-05-16,2024-05-20,Same Day,CUST-557,Consumer,Île-de-France,Technology,Accessories,60.43,3,0.2,5.63
CMD-2024-11144,2024-07-20,2024-07-22,Second Class,CUST-333,Home Office,Hauts-de-France,Technology,Phones,510.23,7,0.1,45.17
CMD-2024-11145,2025-03-11,2025-03-13,Standard Class,CUST-296,Consumer,Nouvelle-Aquitaine,Furniture,Tables,77.86,7,0.0,17.34
CMD-2024-11146,2024-11-08,2024-11-13,Standard Class,CUST-608,Corporate,Île-de-France,Technology,Copiers,36.07,6,0.1,6.24
CMD-2024-11147,2024-04-26,2024-05-01,Standard Class,CUST-635,Corporate,Hauts-de-France,Technology,Copiers,320.0,6,0.0,99.9
CMD-2024-11148,2025-10-27,2025-10-31,First Class,CUST-246,Consumer,Occitanie,Furniture,Tables,57.49,5,0.3,-2.92
CMD-2024-11149,2025-07-28,2025-08-01,Same Day,CUST-673,Home Office,Nouvelle-Aquitaine,Technology,Machines,117.31,8,0.0,25.61
CMD-2024-11150,2024-08-31,2024-09-02,Same Day,CUST-558,Home Office,Nouvelle-Aquitaine,Technology,Phones,21.31,5,0.3,2.42
CMD-2024-11151,2025-06-20,2025-06-23,Second Class,CUST-166,Home Office,Nouvelle-Aquitaine,Furniture,Tables,47.43,2,0.0,20.81
CMD-2024-11152,2025-08-24,2025-08-26,Second Class,CUST-129,Home Office,Île-de-France,Technology,Accessories,56.84,3,0.3,-1.3
CMD-2024-11153,2024-03-15,2024-03-17,Standard Class,CUST-206,Consumer,Nouvelle-Aquitaine,Furniture,Bookcases,27.31,3,0.0,9.73
CMD-2024-11154,2025-01-20,2025-01-24,First Class,CUST-777,Consumer,Hauts-de-France,Furniture,Furnishings,250.19,5,0.0,56.9
CMD-2024-11155,2024-07-28,2024-07-31,First Class,CUST-489,Corporate,Occitanie,Furniture,Chairs,414.09,3,0.1,140.12
CMD-2024-11156,2025-04-19,2025-04-22,Second Class,CUST-505,Corporate,Hauts-de-France,Office Supplies,Envelopes,117.81,2,0.0,41.45
CMD-2024-11157,2025-02-21,2025-02-25,Second Class,CUST-220,Home Office,Hauts-de-France,Furniture,Chairs,471.73,1,0.5,-27.92
CMD-2024-11158,2024-12-12,2024-12-13,Same Day,CUST-110,Home Office,Nouvelle-Aquitaine,Furniture,Tables,67.79,8,0.1,5.07
CMD-2024-11159,2025-06-12,2025-06-16,Same Day,CUST-683,Corporate,Occitanie,Furniture,Chairs,101.6,6,0.1,24.34
CMD-2024-11160,2025-10-01,2025-10-06,Second Class,CUST-446,Corporate,Occitanie,Office Supplies,Paper,50.94,2,0.3,1.95
CMD-2024-11161,2024-06-27,2024-06-30,Same Day,CUST-352,Home Office,Occitanie,Office Supplies,Art,228.19,3,0.3,-7.33
CMD-2024-11162,2024-06-30,2024-07-04,Second Class,CUST-218,Corporate,Occitanie,Office Supplies,Art,134.79,2,0.1,18.7
CMD-2024-11163,2025-10-25,2025-10-27,First Class,CUST-619,Home Office,Auvergne-Rhône-Alpes,Office Supplies,Art,224.01,6,0.5,-28.22
CMD-2024-11164,2024-01-25,2024-01-27,Standard Class,CUST-314,Consumer,Occitanie,Technology,Phones,330.51,4,0.0,119.63
CMD-2024-11165,2024-06-28,2024-06-30,Second Class,CUST-179,Home Office,Nouvelle-Aquitaine,Technology,Copiers,188.58,7,0.0,30.16
CMD-2024-11166,2025-12-10,2025-12-14,Second Class,CUST-518,Consumer,Occitanie,Technology,Accessories,232.33,6,0.1,53.49
CMD-2024-11167,2025-05-15,2025-05-16,Same Day,CUST-683,Consumer,Hauts-de-France,Office Supplies,Paper,617.19,7,0.0,124.14
CMD-2024-11168,2024-06-09,2024-06-14,Second Class,CUST-784,Consumer,Auvergne-Rhône-Alpes,Office Supplies,Binders,93.17,6,0.1,9.51
CMD-2024-11169,2024-06-25,2024-06-27,First Class,CUST-388,Corporate,Hauts-de-France,Office Supplies,Art,112.9,4,0.0,38.04
CMD-2024-11170,2024-10-11,2024-10-15,Standard Class,CUST-333,Corporate,Nouvelle-Aquitaine,Technology,Accessories,293.26,3,0.0,71.34
CMD-2024-11171,2024-03-03,2024-03-04,Same Day,CUST-360,Home Office,Nouvelle-Aquitaine,Office Supplies,Paper,222.89,3,0.3,2.73
CMD-2024-11172,2025-10-23,2025-10-26,First Class,CUST-756,Consumer,Occitanie,Technology,Copiers,58.27,8,0.1,9.79
CMD-2024-11173,2025-10-27,2025-10-30,Standard Class,CUST-121,Home Office,Nouvelle-Aquitaine,Technology,Phones,118.81,1,0.7,-33.92
CMD-2024-11174,2024-06-04,2024-06-09,Same Day,CUST-177,Consumer,Auvergne-Rhône-Alpes,Furniture,Furnishings,153.78,6,0.2,17.08
CMD-2024-11175,2025-04-13,2025-04-17,First Class,CUST-771,Consumer,Hauts-de-France,Furniture,Tables,134.61,2,0.0,59.1
CMD-2024-11176,2024-02-18,2024-02-22,Second Class,CUST-113,Home Office,Nouvelle-Aquitaine,Furniture,Furnishings,58.2,1,0.0,14.88
CMD-2024-11177,2024-03-24,2024-03-26,Same Day,CUST-247,Home Office,Nouvelle-Aquitaine,Office Supplies,Envelopes,583.19,3,0.0,217.0
CMD-2024-11178,2024-12-26,2024-12-27,Second Class,CUST-761,Home Office,Auvergne-Rhône-Alpes,Technology,Copiers,331.1,3,0.3,-14.18
CMD-2024-11179,2025-11-19,2025-11-24,Same Day,CUST-129,Home Office,Île-de-France,Furniture,Bookcases,159.44,8,0.0,48.25
CMD-2024-11180,2024-05-27,2024-05-28,Standard Class,CUST-537,Corporate,Île-de-France,Furniture,Bookcases,265.72,8,0.0,83.91
CMD-2024-11181,2025-09-21,2025-09-26,Same Day,CUST-772,Consumer,Auvergne-Rhône-Alpes,Technology,Accessories,515.67,8,0.5,-103.79
CMD-2024-11182,2024-12-07,2024-12-11,Same Day,CUST-629,Consumer,Nouvelle-Aquitaine,Office Supplies,Storage,47.2,5,0.1,9.51
CMD-2024-11183,2025-04-20,2025-04-24,First Class,CUST-162,Corporate,Auvergne-Rhône-Alpes,Office Supplies,Paper,78.4,1,0.0,18.33
CMD-2024-11184,2024-03-03,2024-03-08,Same Day,CUST-529,Consumer,Auvergne-Rhône-Alpes,Office Supplies,Paper,187.13,3,0.0,28.41
CMD-2024-11185,2025-12-01,2025-12-02,Standard Class,CUST-234,Corporate,Île-de-France,Office Supplies,Envelopes,367.99,4,0.3,-20.35
CMD-2024-11186,2024-12-25,2024-12-28,First Class,CUST-256,Consumer,Occitanie,Office Supplies,Envelopes,23.12,7,0.3,2.08
CMD-2024-11187,2025-07-14,2025-07-17,Second Class,CUST-668,Corporate,Nouvelle-Aquitaine,Technology,Machines,924.99,5,0.0,352.69
CMD-2024-11188,2024-11-22,2024-11-24,Same Day,CUST-353,Corporate,Hauts-de-France,Office Supplies,Binders,148.5,2,0.0,34.76
CMD-2024-11189,2024-05-20,2024-05-22,Standard Class,CUST-286,Consumer,Auvergne-Rhône-Alpes,Technology,Accessories,112.92,7,0.3,0.27
CMD-2024-11190,2024-08-02,2024-08-03,Standard Class,CUST-478,Consumer,Île-de-France,Technology,Accessories,91.19,5,0.2,-1.71
CMD-2024-11191,2025-03-10,2025-03-14,Same Day,CUST-426,Consumer,Occitanie,Technology,Accessories,57.15,8,0.3,-2.79
CMD-2024-11192,2025-12-23,2025-12-24,Same Day,CUST-298,Home Office,Nouvelle-Aquitaine,Office Supplies,Envelopes,360.0,6,0.1,105.76
CMD-2024-11193,2024-11-13,2024-11-18,Second Class,CUST-270,Consumer,Auvergne-Rhône-Alpes,Office Supplies,Envelopes,699.27,6,0.5,-82.66
CMD-2024-11194,2024-02-01,2024-02-04,Second Class,CUST-414,Consumer,Île-de-France,Technology,Machines,132.44,2,0.0,28.04
CMD-2024-11195,2025-10-31,2025-11-02,Second Class,CUST-105,Consumer,Auvergne-Rhône-Alpes,Office Supplies,Storage,684.98,4,0.0,155.65
CMD-2024-11196,2024-10-11,2024-10-12,Second Class,CUST-355,Home Office,Hauts-de-France,Office Supplies,Art,396.95,2,0.2,85.36
CMD-2024-11197,2024-10-31,2024-11-01,Second Class,CUST-419,Consumer,Nouvelle-Aquitaine,Technology,Machines,159.31,1,0.1,19.55
CMD-2024-11198,2025-03-04,2025-03-09,Second Class,CUST-347,Corporate,Nouvelle-Aquitaine,Technology,Machines,261.61,7,0.3,-5.17
CMD-2024-11199,2025-04-21,2025-04-25,First Class,CUST-103,Corporate,Nouvelle-Aquitaine,Office Supplies,Storage,140.6,2,0.0,49.11
CMD-2024-11200,2024-10-12,2024-10-16,First Class,CUST-612,Home Office,Nouvelle-Aquitaine,Technology,Copiers,194.98,2,0.3,9.42
CMD-2024-11201,2024-05-23,2024-05-26,Standard Class,CUST-605,Home Office,Île-de-France,Furniture,Furnishings,28.16,5,0.0,8.12
CMD-2024-11202,2025-02-27,2025-03-01,First Class,CUST-130,Home Office,Hauts-de-France,Technology,Accessories,277.15,4,0.2,66.49
CMD-2024-11203,2024-01-19,2024-01-23,Same Day,CUST-728,Home Office,Auvergne-Rhône-Alpes,Furniture,Furnishings,26.94,2,0.0,5.82
CMD-2024-11204,2024-01-18,2024-01-22,Same Day,CUST-374,Home Office,Île-de-France,Office Supplies,Envelopes,388.72,1,0.1,109.78
CMD-2024-11205,2025-08-12,2025-08-16,Same Day,CUST-424,Consumer,Occitanie,Office Supplies,Art,398.39,5,0.2,7.06
CMD-2024-11206,2025-01-05,2025-01-06,Standard Class,CUST-276,Corporate,Nouvelle-Aquitaine,Office Supplies,Envelopes,74.53,4,0.0,24.95
CMD-2024-11207,2024-06-23,2024-06-27,First Class,CUST-386,Corporate,Nouvelle-Aquitaine,Office Supplies,Storage,101.03,4,0.0,41.54
CMD-2024-11208,2024-07-12,2024-07-17,Same Day,CUST-178,Consumer,Auvergne-Rhône-Alpes,Office Supplies,Binders,159.42,3,0.1,31.46
CMD-2024-11209,2025-05-16,2025-05-19,First Class,CUST-342,Home Office,Nouvelle-Aquitaine,Office Supplies,Storage,214.76,6,0.3,20.89
CMD-2024-11210,2024-04-22,2024-04-26,Same Day,CUST-600,Consumer,Nouvelle-Aquitaine,Technology,Machines,89.53,7,0.0,35.46
CMD-2024-11211,2024-04-23,2024-04-25,Second Class,CUST-304,Home Office,Auvergne-Rhône-Alpes,Furniture,Chairs,212.49,1,0.0,40.54
CMD-2024-11212,2024-08-09,2024-08-10,First Class,CUST-559,Corporate,Hauts-de-France,Technology,Accessories,92.77,6,0.0,33.56
CMD-2024-11213,2025-11-08,2025-11-13,First Class,CUST-482,Corporate,Île-de-France,Office Supplies,Art,27.56,5,0.5,-0.66
CMD-2024-11214,2025-10-05,2025-10-08,Same Day,CUST-432,Home Office,Hauts-de-France,Technology,Machines,15.56,5,0.0,5.02
CMD-2024-11215,2024-09-20,2024-09-21,First Class,CUST-702,Consumer,Auvergne-Rhône-Alpes,Furniture,Furnishings,38.46,1,0.0,7.92
CMD-2024-11216,2024-02-24,2024-02-29,Second Class,CUST-265,Home Office,Nouvelle-Aquitaine,Technology,Accessories,360.71,4,0.2,2.92
CMD-2024-11217,2025-10-04,2025-10-05,Same Day,CUST-260,Home Office,Nouvelle-Aquitaine,Office Supplies,Art,731.17,8,0.2,35.04
CMD-2024-11218,2025-04-02,2025-04-05,Second Class,CUST-105,Corporate,Hauts-de-France,Office Supplies,Binders,137.5,2,0.0,24.89
CMD-2024-11219,2024-06-10,2024-06-13,Same Day,CUST-752,Home Office,Occitanie,Furniture,Chairs,173.15,1,0.7,-56.44
CMD-2024-11220,2025-01-14,2025-01-18,First Class,CUST-304,Consumer,Île-de-France,Office Supplies,Envelopes,49.94,5,0.1,4.04
CMD-2024-11221,2024-03-27,2024-03-29,Same Day,CUST-631,Home Office,Nouvelle-Aquitaine,Technology,Accessories,191.18,6,0.1,24.28
CMD-2024-11222,2024-02-24,2024-02-28,Standard Class,CUST-199,Corporate,Auvergne-Rhône-Alpes,Furniture,Bookcases,49.38,7,0.0,13.92
CMD-2024-11223,2025-04-20,2025-04-21,Same Day,CUST-776,Consumer,Hauts-de-France,Office Supplies,Binders,222.84,1,0.3,4.94
CMD-2024-11224,2024-06-26,2024-06-30,First Class,CUST-144,Consumer,Île-de-France,Technology,Phones,610.52,4,0.0,195.13
CMD-2024-11225,2025-01-25,2025-01-28,Second Class,CUST-556,Corporate,Occitanie,Office Supplies,Envelopes,62.91,7,0.0,22.75
CMD-2024-11226,2024-12-14,2024-12-17,Second Class,CUST-326,Corporate,Nouvelle-Aquitaine,Technology,Machines,333.19,7,0.0,54.7
CMD-2024-11227,2024-01-08,2024-01-11,Standard Class,CUST-414,Home Office,Hauts-de-France,Technology,Copiers,20.23,7,0.2,-0.12
CMD-2024-11228,2024-11-08,2024-11-12,Same Day,CUST-151,Corporate,Nouvelle-Aquitaine,Office Supplies,Storage,118.58,3,0.1,9.28
CMD-2024-11229,2025-03-18,2025-03-23,Same Day,CUST-245,Corporate,Hauts-de-France,Technology,Phones,40.82,7,0.1,7.63
CMD-2024-11230,2024-11-23,2024-11-27,Second Class,CUST-380,Corporate,Occitanie,Office Supplies,Envelopes,110.61,3,0.0,17.98
CMD-2024-11231,2024-02-23,2024-02-27,Second Class,CUST-222,Corporate,Auvergne-Rhône-Alpes,Office Supplies,Paper,56.93,2,0.2,11.03
CMD-2024-11232,2024-08-26,2024-08-30,First Class,CUST-570,Consumer,Auvergne-Rhône-Alpes,Technology,Machines,117.8,2,0.2,4.35
CMD-2024-11233,2024-08-16,2024-08-20,Standard Class,CUST-396,Consumer,Île-de-France,Furniture,Furnishings,133.9,7,0.0,57.81
CMD-2024-11234,2025-08-01,2025-08-04,Second Class,CUST-713,Consumer,Nouvelle-Aquitaine,Technology,Machines,93.65,4,0.3,2.43
CMD-2024-11235,2024-02-20,2024-02-22,Same Day,CUST-611,Corporate,Nouvelle-Aquitaine,Furniture,Chairs,250.16,6,0.0,71.02
CMD-2024-11236,2025-08-31,2025-09-04,Second Class,CUST-740,Home Office,Nouvelle-Aquitaine,Technology,Machines,567.53,2,0.2,115.87
CMD-2024-11237,2025-08-26,2025-08-30,First Class,CUST-601,Home Office,Auvergne-Rhône-Alpes,Technology,Phones,127.6,3,0.0,46.44
CMD-2024-11238,2024-09-20,2024-09-22,Same Day,CUST-778,Home Office,Île-de-France,Furniture,Bookcases,62.0,4,0.1,15.02
CMD-2024-11239,2025-02-21,2025-02-25,First Class,CUST-301,Home Office,Auvergne-Rhône-Alpes,Furniture,Chairs,84.45,7,0.5,-1.64
CMD-2024-11240,2024-04-05,2024-04-07,First Class,CUST-514,Consumer,Hauts-de-France,Office Supplies,Paper,438.31,4,0.7,-154.86
CMD-2024-11241,2024-03-28,2024-03-31,First Class,CUST-713,Home Office,Nouvelle-Aquitaine,Office Supplies,Paper,201.51,4,0.0,79.1
CMD-2024-11242,2024-03-18,2024-03-23,Standard Class,CUST-682,Consumer,Hauts-de-France,Office Supplies,Envelopes,148.54,1,0.0,39.22
CMD-2024-11243,2024-10-14,2024-10-18,Same Day,CUST-521,Home Office,Occitanie,Furniture,Tables,50.66,6,0.0,20.34
CMD-2024-11244,2024-04-29,2024-05-04,Same Day,CUST-619,Home Office,Hauts-de-France,Office Supplies,Binders,146.42,7,0.3,-6.17
CMD-2024-11245,2025-05-05,2025-05-09,First Class,CUST-773,Consumer,Hauts-de-France,Technology,Accessories,86.81,6,0.1,12.74
CMD-2024-11246,2025-03-27,2025-03-28,Standard Class,CUST-172,Consumer,Hauts-de-France,Office Supplies,Art,645.87,2,0.0,228.23
CMD-2024-11247,2025-05-14,2025-05-15,Second Class,CUST-444,Home Office,Auvergne-Rhône-Alpes,Office Supplies,Storage,489.05,8,0.0,104.57
CMD-2024-11248,2024-06-13,2024-06-16,Same Day,CUST-126,Corporate,Hauts-de-France,Technology,Copiers,34.28,6,0.5,-7.93
CMD-2024-11249,2024-06-30,2024-07-05,Second Class,CUST-268,Home Office,Nouvelle-Aquitaine,Office Supplies,Paper,174.94,5,0.1,26.52
CMD-2024-11250,2025-04-13,2025-04-18,Same Day,CUST-684,Home Office,Île-de-France,Office Supplies,Art,71.09,3,0.0,25.14
CMD-2024-11251,2024-01-07,2024-01-09,First Class,CUST-308,Home Office,Occitanie,Office Supplies,Envelopes,131.37,2,0.0,54.76
CMD-2024-11252,2024-11-25,2024-11-27,Same Day,CUST-710,Consumer,Nouvelle-Aquitaine,Office Supplies,Paper,475.75,7,0.0,167.64
CMD-2024-11253,2025-11-03,2025-11-07,First Class,CUST-642,Home Office,Île-de-France,Technology,Phones,179.94,6,0.1,55.48
CMD-2024-11254,2024-05-30,2024-06-01,Same Day,CUST-644,Corporate,Nouvelle-Aquitaine,Technology,Phones,104.49,3,0.5,-14.31
CMD-2024-11255,2024-03-25,2024-03-27,First Class,CUST-756,Home Office,Hauts-de-France,Technology,Accessories,66.27,7,0.3,-6.58
CMD-2024-11256,2024-05-26,2024-05-31,Second Class,CUST-710,Corporate,Occitanie,Office Supplies,Art,369.43,7,0.1,33.3
CMD-2024-11257,2025-09-15,2025-09-16,Second Class,CUST-409,Corporate,Nouvelle-Aquitaine,Technology,Machines,230.5,2,0.3,10.68
CMD-2024-11258,2025-01-15,2025-01-20,Second Class,CUST-279,Corporate,Occitanie,Office Supplies,Envelopes,153.87,5,0.0,38.21
CMD-2024-11259,2025-07-01,2025-07-03,Same Day,CUST-746,Home Office,Auvergne-Rhône-Alpes,Technology,Copiers,68.95,3,0.0,14.9
CMD-2024-11260,2024-10-11,2024-10-15,Standard Class,CUST-537,Consumer,Auvergne-Rhône-Alpes,Technology,Machines,104.5,8,0.7,-35.54
CMD-2024-11261,2025-11-30,2025-12-01,Second Class,CUST-576,Consumer,Hauts-de-France,Furniture,Bookcases,722.29,8,0.0,252.76
CMD-2024-11262,2024-03-22,2024-03-24,Same Day,CUST-494,Home Office,Hauts-de-France,Office Supplies,Storage,176.51,8,0.0,46.86
CMD-2024-11263,2025-05-28,2025-05-30,First Class,CUST-641,Home Office,Auvergne-Rhône-Alpes,Technology,Machines,127.64,5,0.7,-30.54
CMD-2024-11264,2025-12-09,2025-12-13,Standard Class,CUST-693,Corporate,Nouvelle-Aquitaine,Furniture,Bookcases,177.13,3,0.0,65.81
CMD-2024-11265,2025-06-06,2025-06-10,Standard Class,CUST-156,Home Office,Île-de-France,Furniture,Chairs,347.1,1,0.2,66.11
CMD-2024-11266,2025-01-20,2025-01-22,Standard Class,CUST-273,Consumer,Île-de-France,Technology,Copiers,106.45,7,0.5,-0.47
CMD-2024-11267,2025-12-07,2025-12-09,Second Class,CUST-425,Home Office,Auvergne-Rhône-Alpes,Technology,Machines,58.31,1,0.1,8.66
CMD-2024-11268,2025-04-15,2025-04-20,Second Class,CUST-421,Home Office,Île-de-France,Office Supplies,Binders,208.45,3,0.0,71.59
CMD-2024-11269,2024-04-28,2024-05-01,Second Class,CUST-282,Home Office,Nouvelle-Aquitaine,Furniture,Bookcases,255.73,8,0.0,103.99
CMD-2024-11270,2025-01-30,2025-02-03,Second Class,CUST-334,Corporate,Île-de-France,Technology,Accessories,289.4,3,0.0,93.72
CMD-2024-11271,2025-06-15,2025-06-19,First Class,CUST-718,Home Office,Île-de-France,Office Supplies,Binders,485.13,5,0.0,187.67
CMD-2024-11272,2024-09-17,2024-09-22,Same Day,CUST-285,Home Office,Auvergne-Rhône-Alpes,Office Supplies,Envelopes,117.06,7,0.2,11.04
CMD-2024-11273,2024-09-12,2024-09-13,Standard Class,CUST-365,Home Office,Occitanie,Furniture,Tables,32.24,6,0.0,10.55
CMD-2024-11274,2024-08-13,2024-08-14,Same Day,CUST-743,Consumer,Occitanie,Furniture,Bookcases,714.25,7,0.0,119.07
CMD-2024-11275,2024-02-22,2024-02-23,Standard Class,CUST-428,Corporate,Nouvelle-Aquitaine,Office Supplies,Paper,140.61,4,0.1,50.02
CMD-2024-11276,2025-05-14,2025-05-18,Standard Class,CUST-464,Corporate,Occitanie,Office Supplies,Storage,229.76,3,0.1,68.93
CMD-2024-11277,2025-05-20,2025-05-23,Standard Class,CUST-782,Consumer,Hauts-de-France,Office Supplies,Paper,256.46,2,0.3,36.07
CMD-2024-11278,2024-12-29,2025-01-01,Standard Class,CUST-123,Corporate,Auvergne-Rhône-Alpes,Furniture,Bookcases,188.97,2,0.0,67.71
CMD-2024-11279,2024-10-06,2024-10-11,First Class,CUST-360,Consumer,Occitanie,Furniture,Tables,65.54,2,0.3,-4.21
CMD-2024-11280,2025-08-15,2025-08-16,First Class,CUST-454,Corporate,Île-de-France,Office Supplies,Storage,324.56,1,0.1,22.49
CMD-2024-11281,2025-12-14,2025-12-15,Standard Class,CUST-295,Corporate,Occitanie,Technology,Copiers,373.24,6,0.0,152.8
CMD-2024-11282,2024-06-06,2024-06-08,Standard Class,CUST-710,Corporate,Auvergne-Rhône-Alpes,Furniture,Bookcases,192.13,5,0.0,51.66
CMD-2024-11283,2025-09-23,2025-09-28,Second Class,CUST-589,Home Office,Île-de-France,Office Supplies,Envelopes,162.52,6,0.0,37.24
CMD-2024-11284,2024-02-28,2024-03-04,Standard Class,CUST-432,Corporate,Île-de-France,Office Supplies,Storage,41.61,1,0.1,9.51
CMD-2024-11285,2025-12-27,2025-12-31,Same Day,CUST-712,Home Office,Auvergne-Rhône-Alpes,Furniture,Chairs,34.29,6,0.0,9.47
CMD-2024-11286,2024-05-07,2024-05-11,First Class,CUST-731,Home Office,Nouvelle-Aquitaine,Office Supplies,Envelopes,106.27,6,0.5,-11.11
CMD-2024-11287,2025-12-21,2025-12-26,Same Day,CUST-420,Home Office,Nouvelle-Aquitaine,Technology,Phones,96.9,7,0.1,19.88
CMD-2024-11288,2024-04-24,2024-04-27,Second Class,CUST-546,Consumer,Auvergne-Rhône-Alpes,Furniture,Furnishings,690.77,2,0.5,-62.74
CMD-2024-11289,2024-07-27,2024-08-01,First Class,CUST-476,Corporate,Auvergne-Rhône-Alpes,Office Supplies,Art,351.76,3,0.0,142.82
CMD-2024-11290,2025-06-09,2025-06-12,Second Class,CUST-302,Corporate,Auvergne-Rhône-Alpes,Technology,Phones,252.29,2,0.0,52.64
CMD-2024-11291,2025-06-04,2025-06-08,Second Class,CUST-189,Corporate,Île-de-France,Technology,Accessories,175.4,6,0.0,43.64
CMD-2024-11292,2025-07-05,2025-07-10,Same Day,CUST-276,Home Office,Île-de-France,Office Supplies,Binders,55.3,3,0.0,15.54
CMD-2024-11293,2024-08-24,2024-08-27,Standard Class,CUST-726,Corporate,Auvergne-Rhône-Alpes,Technology,Accessories,859.29,7,0.3,144.89
CMD-2024-11294,2024-10-07,2024-10-09,First Class,CUST-131,Home Office,Île-de-France,Technology,Accessories,118.42,5,0.0,30.74
CMD-2024-11295,2024-12-24,2024-12-26,First Class,CUST-342,Home Office,Hauts-de-France,Office Supplies,Paper,39.88,4,0.0,10.54
CMD-2024-11296,2024-07-19,2024-07-24,Standard Class,CUST-169,Home Office,Auvergne-Rhône-Alpes,Office Supplies,Art,164.78,3,0.0,57.02
CMD-2024-11297,2024-10-04,2024-10-05,Same Day,CUST-170,Home Office,Île-de-France,Office Supplies,Envelopes,470.72,1,0.0,129.81
CMD-2024-11298,2024-08-22,2024-08-27,Second Class,CUST-722,Corporate,Nouvelle-Aquitaine,Office Supplies,Paper,495.25,2,0.3,81.9
CMD-2024-11299,2025-05-08,2025-05-12,Same Day,CUST-257,Home Office,Auvergne-Rhône-Alpes,Technology,Phones,17.43,7,0.1,5.72
CMD-2024-11300,2024-01-04,2024-01-08,Second Class,CUST-648,Consumer,Auvergne-Rhône-Alpes,Office Supplies,Storage,493.31,7,0.2,61.18
CMD-2024-11301,2025-10-27,2025-10-29,First Class,CUST-425,Consumer,Auvergne-Rhône-Alpes,Furniture,Furnishings,84.68,2,0.0,29.08
CMD-2024-11302,2025-03-17,2025-03-20,Standard Class,CUST-134,Consumer,Occitanie,Office Supplies,Paper,23.75,6,0.5,-6.71
CMD-2024-11303,2024-01-29,2024-01-31,Standard Class,CUST-579,Home Office,Auvergne-Rhône-Alpes,Furniture,Tables,429.15,6,0.2,76.7
CMD-2024-11304,2024-04-18,2024-04-21,First Class,CUST-559,Corporate,Nouvelle-Aquitaine,Furniture,Furnishings,453.71,6,0.0,164.32
CMD-2024-11305,2025-09-01,2025-09-06,Second Class,CUST-515,Corporate,Île-de-France,Furniture,Bookcases,214.52,8,0.0,55.29
CMD-2024-11306,2025-12-27,2025-12-28,Same Day,CUST-670,Home Office,Auvergne-Rhône-Alpes,Furniture,Bookcases,202.95,7,0.5,-47.51
CMD-2024-11307,2024-03-15,2024-03-19,Second Class,CUST-518,Home Office,Hauts-de-France,Office Supplies,Art,384.0,6,0.1,128.46
CMD-2024-11308,2024-05-25,2024-05-30,Standard Class,CUST-610,Home Office,Île-de-France,Furniture,Furnishings,354.51,2,0.2,34.75
CMD-2024-11309,2024-05-07,2024-05-09,Same Day,CUST-467,Consumer,Nouvelle-Aquitaine,Furniture,Chairs,500.81,8,0.0,173.34
CMD-2024-11310,2024-02-11,2024-02-16,Same Day,CUST-306,Home Office,Occitanie,Furniture,Chairs,192.02,3,0.0,30.72
CMD-2024-11311,2024-12-21,2024-12-22,Second Class,CUST-460,Home Office,Nouvelle-Aquitaine,Furniture,Chairs,769.83,5,0.2,72.53
CMD-2024-11312,2024-02-10,2024-02-13,Second Class,CUST-535,Corporate,Occitanie,Office Supplies,Paper,1237.95,3,0.1,377.79
CMD-2024-11313,2024-02-03,2024-02-04,Second Class,CUST-677,Corporate,Île-de-France,Office Supplies,Paper,42.26,1,0.1,7.45
CMD-2024-11314,2024-01-17,2024-01-19,Same Day,CUST-369,Consumer,Occitanie,Office Supplies,Binders,431.7,8,0.1,104.02
CMD-2024-11315,2025-11-07,2025-11-08,First Class,CUST-332,Consumer,Île-de-France,Office Supplies,Storage,167.41,2,0.0,35.65
CMD-2024-11316,2024-06-01,2024-06-05,Same Day,CUST-768,Consumer,Nouvelle-Aquitaine,Office Supplies,Binders,122.87,8,0.2,11.67
CMD-2024-11317,2025-01-12,2025-01-13,Standard Class,CUST-205,Consumer,Nouvelle-Aquitaine,Furniture,Furnishings,223.89,3,0.5,-4.86
CMD-2024-11318,2025-08-10,2025-08-15,First Class,CUST-765,Home Office,Occitanie,Office Supplies,Envelopes,27.67,2,0.3,1.38
CMD-2024-11319,2025-08-21,2025-08-24,First Class,CUST-117,Home Office,Hauts-de-France,Office Supplies,Binders,170.35,7,0.0,71.65
CMD-2024-11320,2025-09-20,2025-09-24,Second Class,CUST-594,Consumer,Nouvelle-Aquitaine,Furniture,Chairs,465.36,1,0.0,195.73
CMD-2024-11321,2024-12-07,2024-12-11,Same Day,CUST-359,Consumer,Occitanie,Office Supplies,Art,67.82,7,0.3,11.07
CMD-2024-11322,2024-01-27,2024-01-31,Standard Class,CUST-584,Corporate,Auvergne-Rhône-Alpes,Office Supplies,Paper,137.28,4,0.1,45.11
CMD-2024-11323,2024-10-13,2024-10-15,Same Day,CUST-412,Corporate,Île-de-France,Furniture,Furnishings,632.06,4,0.1,38.55
CMD-2024-11324,2025-10-07,2025-10-09,Second Class,CUST-730,Corporate,Auvergne-Rhône-Alpes,Technology,Accessories,138.11,4,0.5,-2.73
CMD-2024-11325,2024-06-16,2024-06-21,Same Day,CUST-201,Consumer,Auvergne-Rhône-Alpes,Furniture,Furnishings,112.62,2,0.1,11.4
CMD-2024-11326,2025-09-01,2025-09-04,Standard Class,CUST-636,Corporate,Auvergne-Rhône-Alpes,Office Supplies,Binders,142.77,3,0.1,10.28
CMD-2024-11327,2024-09-24,2024-09-25,Second Class,CUST-279,Consumer,Occitanie,Office Supplies,Storage,176.22,2,0.0,29.36
CMD-2024-11328,2025-03-30,2025-04-04,Same Day,CUST-609,Home Office,Nouvelle-Aquitaine,Furniture,Tables,234.92,7,0.0,59.83
CMD-2024-11329,2025-11-15,2025-11-17,Standard Class,CUST-576,Consumer,Auvergne-Rhône-Alpes,Office Supplies,Paper,369.84,5,0.0,124.36
CMD-2024-11330,2025-02-04,2025-02-09,Standard Class,CUST-773,Home Office,Occitanie,Furniture,Bookcases,147.37,7,0.5,-26.42
CMD-2024-11331,2025-04-20,2025-04-23,Second Class,CUST-499,Home Office,Nouvelle-Aquitaine,Furniture,Bookcases,389.2,3,0.0,61.36
CMD-2024-11332,2025-12-02,2025-12-07,Second Class,CUST-449,Consumer,Île-de-France,Office Supplies,Storage,182.85,7,0.1,37.11
CMD-2024-11333,2025-09-25,2025-09-29,First Class,CUST-314,Corporate,Nouvelle-Aquitaine,Office Supplies,Envelopes,105.91,7,0.3,1.34
CMD-2024-11334,2025-07-11,2025-07-12,First Class,CUST-482,Consumer,Nouvelle-Aquitaine,Technology,Machines,251.02,1,0.1,72.06
CMD-2024-11335,2025-07-29,2025-07-31,Standard Class,CUST-223,Corporate,Auvergne-Rhône-Alpes,Furniture,Furnishings,293.27,6,0.1,42.2
CMD-2024-11336,2024-05-09,2024-05-11,Second Class,CUST-391,Home Office,Occitanie,Furniture,Furnishings,194.64,4,0.0,41.9
CMD-2024-11337,2024-12-28,2024-12-31,Second Class,CUST-767,Home Office,Hauts-de-France,Furniture,Furnishings,27.82,3,0.3,-1.2
CMD-2024-11338,2025-12-05,2025-12-08,Same Day,CUST-427,Home Office,Île-de-France,Furniture,Bookcases,55.96,8,0.0,13.49
CMD-2024-11339,2025-11-23,2025-11-26,Same Day,CUST-664,Home Office,Occitanie,Furniture,Tables,88.9,8,0.0,29.31
CMD-2024-11340,2024-10-18,2024-10-20,Same Day,CUST-781,Consumer,Auvergne-Rhône-Alpes,Technology,Copiers,88.07,8,0.0,25.67
CMD-2024-11341,2025-01-05,2025-01-09,Same Day,CUST-197,Home Office,Occitanie,Furniture,Tables,261.2,8,0.0,65.58
CMD-2024-11342,2024-01-29,2024-01-30,First Class,CUST-758,Corporate,Hauts-de-France,Technology,Accessories,19.07,3,0.0,5.0
CMD-2024-11343,2024-05-28,2024-05-31,Same Day,CUST-399,Corporate,Île-de-France,Furniture,Chairs,325.04,4,0.2,26.42
CMD-2024-11344,2024-10-22,2024-10-24,Second Class,CUST-129,Home Office,Nouvelle-Aquitaine,Office Supplies,Binders,82.84,7,0.0,36.59
CMD-2024-11345,2024-01-11,2024-01-15,Standard Class,CUST-173,Consumer,Île-de-France,Office Supplies,Art,96.64,1,0.2,3.86
CMD-2024-11346,2025-05-26,2025-05-29,Standard Class,CUST-271,Home Office,Hauts-de-France,Furniture,Furnishings,180.13,2,0.0,71.23
CMD-2024-11347,2025-11-06,2025-11-09,Standard Class,CUST-183,Home Office,Île-de-France,Technology,Copiers,68.52,2,0.0,24.84
CMD-2024-11348,2024-04-22,2024-04-23,First Class,CUST-684,Corporate,Île-de-France,Technology,Machines,489.81,7,0.1,30.21
CMD-2024-11349,2024-07-05,2024-07-06,Standard Class,CUST-389,Consumer,Auvergne-Rhône-Alpes,Furniture,Tables,34.63,7,0.5,-0.07
CMD-2024-11350,2024-08-14,2024-08-19,First Class,CUST-738,Consumer,Nouvelle-Aquitaine,Technology,Copiers,144.29,6,0.3,15.43
CMD-2024-11351,2024-11-05,2024-11-08,First Class,CUST-184,Corporate,Hauts-de-France,Furniture,Furnishings,431.52,8,0.5,-41.11
CMD-2024-11352,2024-04-07,2024-04-12,Standard Class,CUST-353,Corporate,Auvergne-Rhône-Alpes,Technology,Phones,225.48,3,0.2,20.65
CMD-2024-11353,2024-02-24,2024-02-26,First Class,CUST-763,Corporate,Île-de-France,Office Supplies,Art,91.07,4,0.2,12.44
CMD-2024-11354,2025-09-14,2025-09-15,Same Day,CUST-618,Consumer,Île-de-France,Furniture,Furnishings,135.13,7,0.1,18.38
CMD-2024-11355,2025-10-25,2025-10-29,Same Day,CUST-551,Corporate,Occitanie,Technology,Copiers,284.84,7,0.1,20.12
CMD-2024-11356,2025-02-09,2025-02-12,Same Day,CUST-406,Corporate,Auvergne-Rhône-Alpes,Office Supplies,Binders,811.76,5,0.0,325.36
CMD-2024-11357,2024-03-09,2024-03-12,First Class,CUST-747,Corporate,Hauts-de-France,Technology,Machines,506.97,1,0.1,166.77
CMD-2024-11358,2024-11-07,2024-11-12,Same Day,CUST-283,Home Office,Hauts-de-France,Technology,Copiers,107.23,2,0.0,21.31
CMD-2024-11359,2024-10-15,2024-10-16,Standard Class,CUST-413,Consumer,Hauts-de-France,Furniture,Bookcases,1405.13,1,0.0,542.54
CMD-2024-11360,2025-07-01,2025-07-06,Standard Class,CUST-440,Consumer,Hauts-de-France,Furniture,Tables,15.77,1,0.1,4.45
CMD-2024-11361,2024-05-27,2024-05-30,First Class,CUST-326,Home Office,Île-de-France,Office Supplies,Paper,21.16,6,0.0,4.31
CMD-2024-11362,2025-04-11,2025-04-12,First Class,CUST-363,Consumer,Île-de-France,Technology,Accessories,397.0,8,0.0,109.79
CMD-2024-11363,2024-08-31,2024-09-03,Same Day,CUST-549,Corporate,Auvergne-Rhône-Alpes,Furniture,Chairs,63.94,1,0.0,17.7
CMD-2024-11364,2025-05-05,2025-05-06,Second Class,CUST-350,Home Office,Nouvelle-Aquitaine,Technology,Machines,28.79,4,0.7,-7.26
CMD-2024-11365,2025-05-21,2025-05-24,Standard Class,CUST-507,Corporate,Hauts-de-France,Technology,Copiers,74.55,6,0.0,29.92
CMD-2024-11366,2024-12-30,2025-01-03,Second Class,CUST-269,Corporate,Île-de-France,Office Supplies,Storage,137.17,7,0.0,24.48
CMD-2024-11367,2025-04-26,2025-05-01,Same Day,CUST-665,Corporate,Auvergne-Rhône-Alpes,Office Supplies,Paper,303.52,4,0.3,14.84
CMD-2024-11368,2024-07-19,2024-07-20,First Class,CUST-231,Corporate,Hauts-de-France,Technology,Copiers,230.39,6,0.1,66.47
CMD-2024-11369,2024-06-02,2024-06-07,Same Day,CUST-705,Consumer,Nouvelle-Aquitaine,Furniture,Chairs,74.69,4,0.0,28.82
CMD-2024-11370,2025-03-25,2025-03-26,Second Class,CUST-145,Home Office,Hauts-de-France,Technology,Copiers,168.94,6,0.0,32.84
CMD-2024-11371,2025-05-15,2025-05-16,Same Day,CUST-449,Home Office,Occitanie,Office Supplies,Storage,588.45,6,0.0,181.04
CMD-2024-11372,2024-03-13,2024-03-14,First Class,CUST-198,Corporate,Hauts-de-France,Technology,Copiers,386.24,3,0.0,157.3
CMD-2024-11373,2025-12-13,2025-12-16,Second Class,CUST-136,Home Office,Occitanie,Technology,Accessories,100.88,4,0.0,24.77
CMD-2024-11374,2024-10-22,2024-10-24,Same Day,CUST-537,Home Office,Nouvelle-Aquitaine,Furniture,Bookcases,902.08,3,0.0,250.36
CMD-2024-11375,2024-01-17,2024-01-20,First Class,CUST-174,Corporate,Occitanie,Furniture,Furnishings,286.29,7,0.3,34.73
CMD-2024-11376,2025-10-02,2025-10-04,Same Day,CUST-157,Corporate,Nouvelle-Aquitaine,Furniture,Bookcases,29.19,8,0.1,2.53
CMD-2024-11377,2024-08-04,2024-08-07,Same Day,CUST-118,Consumer,Auvergne-Rhône-Alpes,Technology,Machines,22.87,8,0.1,7.27
CMD-2024-11378,2024-03-01,2024-03-03,First Class,CUST-501,Consumer,Occitanie,Technology,Machines,55.57,6,0.0,13.52
CMD-2024-11379,2025-09-07,2025-09-08,First Class,CUST-287,Corporate,Hauts-de-France,Furniture,Bookcases,301.31,8,0.0,45.33
CMD-2024-11380,2024-02-11,2024-02-12,Same Day,CUST-238,Consumer,Hauts-de-France,Technology,Phones,59.66,2,0.3,-2.97
CMD-2024-11381,2024-01-25,2024-01-27,Standard Class,CUST-242,Consumer,Auvergne-Rhône-Alpes,Office Supplies,Binders,172.61,6,0.0,30.53
CMD-2024-11382,2024-02-08,2024-02-10,Same Day,CUST-207,Home Office,Île-de-France,Technology,Accessories,36.54,2,0.3,-3.37
CMD-2024-11383,2024-05-10,2024-05-15,First Class,CUST-320,Corporate,Nouvelle-Aquitaine,Furniture,Bookcases,573.11,2,0.1,153.51
CMD-2024-11384,2025-05-12,2025-05-13,Standard Class,CUST-244,Home Office,Île-de-France,Office Supplies,Envelopes,107.74,2,0.3,-6.01
CMD-2024-11385,2024-08-16,2024-08-19,First Class,CUST-609,Home Office,Île-de-France,Technology,Phones,540.23,2,0.0,232.53
CMD-2024-11386,2024-04-17,2024-04-22,Same Day,CUST-475,Corporate,Auvergne-Rhône-Alpes,Furniture,Tables,652.6,8,0.0,199.0
CMD-2024-11387,2024-06-20,2024-06-22,Second Class,CUST-104,Home Office,Auvergne-Rhône-Alpes,Office Supplies,Envelopes,16.35,4,0.2,1.77
CMD-2024-11388,2025-03-10,2025-03-13,First Class,CUST-487,Consumer,Occitanie,Technology,Copiers,152.25,5,0.2,15.27
CMD-2024-11389,2025-04-22,2025-04-26,First Class,CUST-667,Consumer,Occitanie,Office Supplies,Storage,20.49,4,0.0,7.33
CMD-2024-11390,2024-04-11,2024-04-15,Second Class,CUST-659,Consumer,Occitanie,Furniture,Bookcases,541.58,7,0.7,-186.48
CMD-2024-11391,2025-06-07,2025-06-11,First Class,CUST-262,Consumer,Occitanie,Technology,Machines,175.74,5,0.0,33.14
CMD-2024-11392,2024-10-01,2024-10-04,First Class,CUST-464,Consumer,Occitanie,Furniture,Tables,32.14,4,0.0,13.31
CMD-2024-11393,2025-09-04,2025-09-06,First Class,CUST-516,Home Office,Hauts-de-France,Technology,Copiers,40.71,7,0.1,7.67
CMD-2024-11394,2024-02-13,2024-02-16,Second Class,CUST-608,Corporate,Auvergne-Rhône-Alpes,Office Supplies,Storage,121.42,8,0.2,-0.95
CMD-2024-11395,2024-01-17,2024-01-22,Same Day,CUST-711,Home Office,Nouvelle-Aquitaine,Office Supplies,Paper,634.81,2,0.5,-89.63
CMD-2024-11396,2024-11-25,2024-11-30,First Class,CUST-120,Home Office,Nouvelle-Aquitaine,Office Supplies,Storage,274.73,1,0.0,94.56
CMD-2024-11397,2025-07-22,2025-07-26,Standard Class,CUST-713,Consumer,Nouvelle-Aquitaine,Office Supplies,Art,459.86,6,0.0,107.0
CMD-2024-11398,2025-05-11,2025-05-13,Same Day,CUST-616,Consumer,Nouvelle-Aquitaine,Office Supplies,Paper,115.41,5,0.1,34.63
CMD-2024-11399,2024-01-12,2024-01-17,Same Day,CUST-296,Home Office,Nouvelle-Aquitaine,Furniture,Tables,24.72,1,0.0,8.68
CMD-2024-11400,2024-11-13,2024-11-14,Standard Class,CUST-760,Home Office,Hauts-de-France,Technology,Copiers,820.63,2,0.0,283.2
CMD-2024-11401,2025-08-14,2025-08-15,Standard Class,CUST-444,Corporate,Auvergne-Rhône-Alpes,Furniture,Bookcases,18.81,5,0.1,3.5
CMD-2024-11402,2024-08-03,2024-08-07,Standard Class,CUST-429,Corporate,Occitanie,Technology,Copiers,663.96,1,0.0,291.2
CMD-2024-11403,2024-12-04,2024-12-08,Second Class,CUST-477,Corporate,Occitanie,Office Supplies,Art,116.19,4,0.1,16.53
CMD-2024-11404,2025-10-22,2025-10-26,First Class,CUST-310,Corporate,Occitanie,Furniture,Bookcases,17.23,7,0.0,5.57
CMD-2024-11405,2024-03-21,2024-03-26,Same Day,CUST-259,Corporate,Auvergne-Rhône-Alpes,Technology,Phones,272.06,2,0.2,17.06
CMD-2024-11406,2025-12-27,2025-12-29,Standard Class,CUST-757,Consumer,Auvergne-Rhône-Alpes,Technology,Copiers,881.67,4,0.1,249.9
CMD-2024-11407,2025-04-29,2025-05-03,First Class,CUST-669,Corporate,Hauts-de-France,Furniture,Tables,756.5,4,0.0,124.32
CMD-2024-11408,2025-01-08,2025-01-11,First Class,CUST-453,Home Office,Hauts-de-France,Furniture,Chairs,53.6,2,0.0,8.78
CMD-2024-11409,2025-12-10,2025-12-14,Second Class,CUST-339,Consumer,Occitanie,Furniture,Tables,58.99,5,0.0,23.2
CMD-2024-11410,2024-07-18,2024-07-23,Same Day,CUST-178,Home Office,Auvergne-Rhône-Alpes,Furniture,Tables,198.4,6,0.0,55.61
CMD-2024-11411,2025-06-20,2025-06-22,First Class,CUST-251,Consumer,Occitanie,Furniture,Tables,238.12,3,0.2,17.23
CMD-2024-11412,2025-04-10,2025-04-14,Standard Class,CUST-616,Consumer,Hauts-de-France,Office Supplies,Storage,310.86,3,0.7,-92.56
CMD-2024-11413,2024-03-29,2024-03-30,Standard Class,CUST-482,Corporate,Occitanie,Technology,Phones,58.94,6,0.2,10.64
CMD-2024-11414,2024-09-24,2024-09-28,Second Class,CUST-792,Home Office,Hauts-de-France,Technology,Machines,717.76,8,0.1,86.39
CMD-2024-11415,2025-10-16,2025-10-20,Standard Class,CUST-451,Corporate,Île-de-France,Furniture,Chairs,238.99,2,0.0,49.14
CMD-2024-11416,2025-07-24,2025-07-26,Standard Class,CUST-300,Home Office,Nouvelle-Aquitaine,Furniture,Bookcases,428.08,3,0.0,187.26
CMD-2024-11417,2025-05-03,2025-05-06,Second Class,CUST-232,Home Office,Île-de-France,Technology,Accessories,185.87,6,0.5,-22.88
CMD-2024-11418,2025-06-21,2025-06-25,Second Class,CUST-733,Corporate,Occitanie,Furniture,Furnishings,132.68,1,0.5,-24.28
CMD-2024-11419,2024-02-16,2024-02-20,Standard Class,CUST-268,Corporate,Occitanie,Technology,Phones,846.65,6,0.1,254.36
CMD-2024-11420,2024-10-14,2024-10-19,Same Day,CUST-490,Consumer,Auvergne-Rhône-Alpes,Furniture,Tables,206.96,8,0.0,63.65
CMD-2024-11421,2024-01-16,2024-01-18,Same Day,CUST-484,Consumer,Nouvelle-Aquitaine,Furniture,Chairs,458.62,5,0.2,19.49
CMD-2024-11422,2025-12-11,2025-12-16,Second Class,CUST-197,Consumer,Hauts-de-France,Furniture,Furnishings,689.05,7,0.0,146.09
CMD-2024-11423,2025-02-04,2025-02-08,Same Day,CUST-476,Home Office,Occitanie,Office Supplies,Storage,262.5,6,0.2,23.38
CMD-2024-11424,2024-03-26,2024-03-30,Same Day,CUST-439,Corporate,Hauts-de-France,Technology,Phones,190.15,4,0.3,26.23
CMD-2024-11425,2024-09-06,2024-09-07,Same Day,CUST-630,Consumer,Hauts-de-France,Office Supplies,Binders,15.77,4,0.0,2.66
CMD-2024-11426,2025-01-25,2025-01-30,Second Class,CUST-231,Corporate,Hauts-de-France,Furniture,Bookcases,23.99,7,0.7,-9.94
CMD-2024-11427,2024-11-30,2024-12-02,Same Day,CUST-707,Consumer,Île-de-France,Furniture,Chairs,64.33,2,0.7,-13.64
CMD-2024-11428,2025-09-20,2025-09-24,Standard Class,CUST-309,Consumer,Hauts-de-France,Office Supplies,Envelopes,60.28,4,0.5,-15.88
CMD-2024-11429,2025-06-02,2025-06-03,Standard Class,CUST-104,Corporate,Auvergne-Rhône-Alpes,Office Supplies,Envelopes,79.69,1,0.1,19.83
CMD-2024-11430,2024-05-16,2024-05-17,Second Class,CUST-476,Consumer,Île-de-France,Furniture,Bookcases,95.02,6,0.0,20.34
CMD-2024-11431,2025-11-18,2025-11-21,Same Day,CUST-739,Corporate,Île-de-France,Furniture,Tables,113.21,7,0.1,27.37
CMD-2024-11432,2025-05-12,2025-05-14,First Class,CUST-153,Consumer,Occitanie,Technology,Machines,135.04,1,0.0,35.78
CMD-2024-11433,2025-12-27,2025-12-28,First Class,CUST-597,Corporate,Nouvelle-Aquitaine,Technology,Accessories,37.9,2,0.0,6.84
CMD-2024-11434,2025-04-21,2025-04-23,Standard Class,CUST-297,Consumer,Nouvelle-Aquitaine,Furniture,Tables,24.52,4,0.0,7.96
CMD-2024-11435,2025-08-16,2025-08-20,Standard Class,CUST-540,Consumer,Occitanie,Technology,Accessories,261.55,7,0.2,45.75
CMD-2024-11436,2024-08-10,2024-08-13,First Class,CUST-279,Home Office,Nouvelle-Aquitaine,Furniture,Chairs,184.57,3,0.0,65.35
CMD-2024-11437,2025-01-06,2025-01-08,Second Class,CUST-340,Corporate,Hauts-de-France,Technology,Copiers,144.19,6,0.0,49.18
CMD-2024-11438,2025-02-05,2025-02-08,Same Day,CUST-419,Consumer,Auvergne-Rhône-Alpes,Office Supplies,Envelopes,236.39,3,0.0,70.93
CMD-2024-11439,2025-03-18,2025-03-20,First Class,CUST-600,Home Office,Hauts-de-France,Office Supplies,Binders,401.85,5,0.2,50.57
CMD-2024-11440,2025-05-04,2025-05-06,Same Day,CUST-749,Corporate,Nouvelle-Aquitaine,Office Supplies,Storage,137.78,2,0.1,34.54
CMD-2024-11441,2025-09-06,2025-09-11,First Class,CUST-122,Consumer,Nouvelle-Aquitaine,Furniture,Chairs,240.45,5,0.0,85.86
CMD-2024-11442,2024-09-29,2024-10-02,Standard Class,CUST-731,Consumer,Auvergne-Rhône-Alpes,Office Supplies,Storage,690.37,3,0.5,-71.48
CMD-2024-11443,2025-06-09,2025-06-11,Same Day,CUST-726,Consumer,Île-de-France,Office Supplies,Envelopes,417.65,3,0.0,136.19
CMD-2024-11444,2024-06-07,2024-06-12,Second Class,CUST-693,Corporate,Île-de-France,Furniture,Furnishings,137.13,3,0.1,14.64
CMD-2024-11445,2024-05-31,2024-06-05,Same Day,CUST-279,Home Office,Auvergne-Rhône-Alpes,Technology,Copiers,242.66,5,0.2,8.05
CMD-2024-11446,2025-09-11,2025-09-14,Same Day,CUST-274,Consumer,Île-de-France,Office Supplies,Envelopes,57.87,7,0.2,2.78
CMD-2024-11447,2024-07-06,2024-07-10,First Class,CUST-297,Home Office,Nouvelle-Aquitaine,Furniture,Furnishings,195.88,2,0.0,83.42
CMD-2024-11448,2024-04-07,2024-04-10,Second Class,CUST-637,Corporate,Île-de-France,Furniture,Furnishings,890.76,8,0.5,-64.3
CMD-2024-11449,2024-05-10,2024-05-12,Standard Class,CUST-553,Corporate,Nouvelle-Aquitaine,Technology,Accessories,175.7,6,0.5,-23.57
CMD-2024-11450,2024-06-19,2024-06-23,Same Day,CUST-198,Consumer,Occitanie,Technology,Machines,592.74,8,0.1,80.39
CMD-2024-11451,2024-07-01,2024-07-04,Same Day,CUST-526,Consumer,Hauts-de-France,Office Supplies,Binders,130.09,7,0.1,12.13
CMD-2024-11452,2024-12-29,2025-01-01,First Class,CUST-552,Consumer,Île-de-France,Furniture,Chairs,1502.97,6,0.0,630.69
CMD-2024-11453,2024-02-08,2024-02-11,Standard Class,CUST-290,Home Office,Occitanie,Technology,Accessories,205.44,1,0.1,67.34
CMD-2024-11454,2025-06-10,2025-06-13,First Class,CUST-677,Home Office,Île-de-France,Technology,Machines,24.5,8,0.0,4.49
CMD-2024-11455,2025-05-11,2025-05-15,Second Class,CUST-598,Consumer,Occitanie,Furniture,Bookcases,209.42,1,0.2,43.8
CMD-2024-11456,2025-05-30,2025-06-01,Standard Class,CUST-715,Corporate,Auvergne-Rhône-Alpes,Furniture,Bookcases,85.62,8,0.0,24.32
CMD-2024-11457,2024-12-14,2024-12-19,Second Class,CUST-290,Corporate,Occitanie,Technology,Phones,22.26,3,0.2,1.5
CMD-2024-11458,2025-01-31,2025-02-03,First Class,CUST-240,Consumer,Nouvelle-Aquitaine,Office Supplies,Storage,393.3,2,0.0,146.2
CMD-2024-11459,2025-12-22,2025-12-27,Standard Class,CUST-790,Home Office,Auvergne-Rhône-Alpes,Technology,Copiers,85.97,8,0.0,28.74
CMD-2024-11460,2024-06-09,2024-06-14,Second Class,CUST-274,Corporate,Auvergne-Rhône-Alpes,Furniture,Tables,365.31,2,0.0,140.28
CMD-2024-11461,2024-01-16,2024-01-21,Second Class,CUST-519,Home Office,Nouvelle-Aquitaine,Office Supplies,Storage,89.8,4,0.0,15.47
CMD-2024-11462,2025-05-07,2025-05-10,First Class,CUST-775,Consumer,Île-de-France,Technology,Machines,62.54,4,0.1,9.73
CMD-2024-11463,2025-03-01,2025-03-04,Standard Class,CUST-533,Home Office,Auvergne-Rhône-Alpes,Office Supplies,Envelopes,817.38,7,0.2,53.78
CMD-2024-11464,2024-04-17,2024-04-20,Second Class,CUST-539,Home Office,Île-de-France,Office Supplies,Envelopes,113.75,8,0.1,18.08
CMD-2024-11465,2025-03-25,2025-03-28,Same Day,CUST-630,Home Office,Hauts-de-France,Office Supplies,Art,217.34,5,0.1,45.8
CMD-2024-11466,2024-11-06,2024-11-07,Standard Class,CUST-631,Corporate,Occitanie,Technology,Machines,222.14,8,0.2,12.2
CMD-2024-11467,2024-06-18,2024-06-20,Standard Class,CUST-460,Home Office,Occitanie,Technology,Machines,195.85,8,0.0,55.49
CMD-2024-11468,2025-06-29,2025-06-30,Same Day,CUST-545,Home Office,Nouvelle-Aquitaine,Technology,Accessories,556.54,4,0.0,144.89
CMD-2024-11469,2025-02-17,2025-02-21,Standard Class,CUST-655,Home Office,Nouvelle-Aquitaine,Furniture,Tables,261.89,7,0.0,97.05
CMD-2024-11470,2024-09-07,2024-09-08,Standard Class,CUST-456,Consumer,Occitanie,Office Supplies,Binders,128.75,6,0.2,19.45
CMD-2024-11471,2024-05-20,2024-05-21,Same Day,CUST-660,Home Office,Hauts-de-France,Office Supplies,Art,451.32,6,0.0,156.2
CMD-2024-11472,2024-09-30,2024-10-01,First Class,CUST-158,Home Office,Nouvelle-Aquitaine,Office Supplies,Envelopes,58.94,7,0.0,12.56
CMD-2024-11473,2025-02-19,2025-02-21,Second Class,CUST-743,Corporate,Hauts-de-France,Office Supplies,Art,187.87,5,0.1,29.62
CMD-2024-11474,2025-08-30,2025-09-04,Same Day,CUST-266,Consumer,Nouvelle-Aquitaine,Office Supplies,Storage,676.5,1,0.5,-198.65
CMD-2024-11475,2024-02-08,2024-02-12,Standard Class,CUST-746,Home Office,Auvergne-Rhône-Alpes,Technology,Machines,231.02,3,0.1,21.37
CMD-2024-11476,2024-01-29,2024-02-02,Second Class,CUST-700,Corporate,Île-de-France,Technology,Accessories,388.58,2,0.2,19.24
CMD-2024-11477,2025-04-21,2025-04-23,Second Class,CUST-362,Corporate,Occitanie,Office Supplies,Binders,248.21,1,0.2,-2.57
CMD-2024-11478,2024-11-13,2024-11-14,Second Class,CUST-530,Home Office,Île-de-France,Technology,Phones,417.3,7,0.1,100.48
CMD-2024-11479,2024-09-01,2024-09-06,First Class,CUST-727,Corporate,Occitanie,Technology,Accessories,651.05,6,0.2,175.42
CMD-2024-11480,2025-11-27,2025-11-30,Standard Class,CUST-295,Corporate,Nouvelle-Aquitaine,Furniture,Furnishings,85.12,1,0.3,-7.64
CMD-2024-11481,2024-09-28,2024-09-30,Standard Class,CUST-453,Corporate,Île-de-France,Office Supplies,Storage,55.9,5,0.0,22.16
CMD-2024-11482,2025-03-15,2025-03-20,Second Class,CUST-719,Corporate,Hauts-de-France,Technology,Machines,160.56,3,0.0,29.81
CMD-2024-11483,2024-08-26,2024-08-28,Second Class,CUST-146,Home Office,Nouvelle-Aquitaine,Office Supplies,Paper,281.24,6,0.0,98.71
CMD-2024-11484,2025-01-11,2025-01-13,First Class,CUST-408,Home Office,Auvergne-Rhône-Alpes,Office Supplies,Art,71.7,5,0.1,18.14
CMD-2024-11485,2024-09-22,2024-09-25,First Class,CUST-329,Corporate,Île-de-France,Furniture,Chairs,15.9,7,0.3,2.4
CMD-2024-11486,2024-12-24,2024-12-29,Second Class,CUST-510,Home Office,Île-de-France,Technology,Machines,107.39,1,0.0,19.78
CMD-2024-11487,2024-12-05,2024-12-06,Standard Class,CUST-415,Home Office,Auvergne-Rhône-Alpes,Technology,Accessories,778.23,2,0.0,190.38
CMD-2024-11488,2025-01-23,2025-01-28,Same Day,CUST-176,Corporate,Occitanie,Office Supplies,Storage,276.21,4,0.3,-25.62
CMD-2024-11489,2025-07-30,2025-08-04,First Class,CUST-161,Corporate,Nouvelle-Aquitaine,Office Supplies,Envelopes,127.87,5,0.1,23.3
CMD-2024-11490,2025-11-19,2025-11-20,Standard Class,CUST-670,Corporate,Auvergne-Rhône-Alpes,Office Supplies,Paper,62.06,6,0.1,20.7
CMD-2024-11491,2024-01-03,2024-01-06,First Class,CUST-337,Home Office,Hauts-de-France,Furniture,Chairs,111.84,1,0.3,12.8
CMD-2024-11492,2025-03-04,2025-03-09,Standard Class,CUST-667,Home Office,Nouvelle-Aquitaine,Technology,Phones,55.95,4,0.1,15.49
CMD-2024-11493,2024-05-21,2024-05-22,Second Class,CUST-177,Consumer,Auvergne-Rhône-Alpes,Technology,Copiers,39.73,4,0.2,5.16
CMD-2024-11494,2025-01-10,2025-01-12,First Class,CUST-658,Consumer,Auvergne-Rhône-Alpes,Office Supplies,Binders,536.93,1,0.0,222.85
CMD-2024-11495,2025-10-31,2025-11-02,Same Day,CUST-749,Corporate,Île-de-France,Technology,Accessories,1346.77,3,0.0,383.6
CMD-2024-11496,2024-11-19,2024-11-20,Second Class,CUST-515,Consumer,Île-de-France,Technology,Accessories,54.44,1,0.0,10.61
CMD-2024-11497,2024-05-25,2024-05-27,First Class,CUST-123,Home Office,Île-de-France,Furniture,Chairs,27.33,6,0.1,8.51
CMD-2024-11498,2024-10-19,2024-10-24,Second Class,CUST-128,Consumer,Nouvelle-Aquitaine,Technology,Machines,103.02,7,0.5,-22.26
CMD-2024-11499,2025-10-26,2025-10-27,Same Day,CUST-590,Consumer,Occitanie,Technology,Phones,151.24,2,0.7,-70.16
CMD-2024-11500,2025-03-07,2025-03-12,First Class,CUST-234,Corporate,Nouvelle-Aquitaine,Furniture,Furnishings,65.42,6,0.3,-5.38
CMD-2024-11501,2025-12-05,2025-12-09,First Class,CUST-450,Home Office,Île-de-France,Technology,Machines,93.92,7,0.0,31.25
CMD-2024-11502,2025-08-07,2025-08-10,First Class,CUST-449,Home Office,Île-de-France,Technology,Accessories,64.33,4,0.5,-7.58
CMD-2024-11503,2025-02-02,2025-02-05,Standard Class,CUST-380,Home Office,Nouvelle-Aquitaine,Office Supplies,Art,342.44,2,0.2,16.46
CMD-2024-11504,2024-12-09,2024-12-12,Standard Class,CUST-575,Home Office,Auvergne-Rhône-Alpes,Office Supplies,Storage,289.3,5,0.0,106.51
CMD-2024-11505,2024-05-19,2024-05-20,First Class,CUST-391,Consumer,Auvergne-Rhône-Alpes,Technology,Phones,236.7,4,0.2,47.84
CMD-2024-11506,2024-07-05,2024-07-09,Second Class,CUST-288,Corporate,Île-de-France,Office Supplies,Paper,122.74,8,0.0,52.31
CMD-2024-11507,2024-03-01,2024-03-04,Second Class,CUST-682,Consumer,Île-de-France,Furniture,Chairs,542.42,3,0.0,176.55
CMD-2024-11508,2025-01-14,2025-01-19,First Class,CUST-518,Home Office,Occitanie,Furniture,Furnishings,783.04,1,0.3,89.13
CMD-2024-11509,2025-12-10,2025-12-13,Same Day,CUST-567,Corporate,Auvergne-Rhône-Alpes,Office Supplies,Envelopes,56.96,5,0.1,16.29
CMD-2024-11510,2025-03-15,2025-03-19,Same Day,CUST-305,Corporate,Occitanie,Office Supplies,Envelopes,70.51,8,0.0,16.03
CMD-2024-11511,2024-11-14,2024-11-19,Same Day,CUST-341,Home Office,Île-de-France,Office Supplies,Envelopes,179.07,6,0.1,27.41
CMD-2024-11512,2024-10-28,2024-11-02,Standard Class,CUST-405,Home Office,Île-de-France,Technology,Copiers,36.05,2,0.5,-5.64
CMD-2024-11513,2024-12-09,2024-12-10,Standard Class,CUST-283,Corporate,Occitanie,Technology,Machines,141.17,5,0.1,9.28
CMD-2024-11514,2024-01-11,2024-01-12,Standard Class,CUST-577,Home Office,Occitanie,Office Supplies,Envelopes,206.79,8,0.0,49.47
CMD-2024-11515,2024-03-02,2024-03-04,Standard Class,CUST-603,Home Office,Île-de-France,Furniture,Furnishings,177.43,8,0.0,51.84
CMD-2024-11516,2024-08-13,2024-08-17,Second Class,CUST-227,Home Office,Hauts-de-France,Technology,Machines,103.4,8,0.0,18.86
CMD-2024-11517,2024-06-01,2024-06-06,First Class,CUST-548,Home Office,Île-de-France,Office Supplies,Storage,187.01,3,0.7,-82.68
CMD-2024-11518,2025-12-11,2025-12-15,First Class,CUST-329,Corporate,Auvergne-Rhône-Alpes,Office Supplies,Art,716.65,1,0.0,207.09
CMD-2024-11519,2025-07-17,2025-07-20,First Class,CUST-140,Corporate,Île-de-France,Office Supplies,Paper,65.75,5,0.1,18.36
CMD-2024-11520,2025-07-24,2025-07-27,Second Class,CUST-773,Consumer,Nouvelle-Aquitaine,Technology,Machines,249.02,6,0.1,77.23
CMD-2024-11521,2025-08-06,2025-08-08,Same Day,CUST-491,Consumer,Île-de-France,Office Supplies,Envelopes,24.76,2,0.3,1.09
CMD-2024-11522,2025-10-21,2025-10-26,Same Day,CUST-439,Corporate,Hauts-de-France,Technology,Machines,30.12,5,0.1,6.1
CMD-2024-11523,2025-07-28,2025-08-02,Standard Class,CUST-769,Consumer,Auvergne-Rhône-Alpes,Technology,Copiers,191.57,1,0.2,16.34
CMD-2024-11524,2024-11-05,2024-11-07,Standard Class,CUST-120,Home Office,Île-de-France,Furniture,Bookcases,39.39,6,0.0,8.19
CMD-2024-11525,2024-08-30,2024-09-02,Second Class,CUST-446,Home Office,Occitanie,Technology,Phones,19.97,5,0.0,3.87
CMD-2024-11526,2025-05-07,2025-05-12,Second Class,CUST-109,Corporate,Auvergne-Rhône-Alpes,Technology,Phones,56.39,2,0.5,-3.52
CMD-2024-11527,2024-12-31,2025-01-04,Same Day,CUST-186,Consumer,Auvergne-Rhône-Alpes,Office Supplies,Binders,198.05,1,0.5,-31.79
CMD-2024-11528,2024-11-25,2024-11-30,First Class,CUST-644,Home Office,Hauts-de-France,Technology,Phones,282.34,3,0.5,-17.76
CMD-2024-11529,2024-04-16,2024-04-19,First Class,CUST-438,Consumer,Occitanie,Technology,Accessories,64.77,3,0.5,-5.75
CMD-2024-11530,2024-08-13,2024-08-18,Second Class,CUST-103,Corporate,Nouvelle-Aquitaine,Technology,Copiers,257.75,4,0.3,-15.94
CMD-2024-11531,2024-08-05,2024-08-10,Second Class,CUST-122,Corporate,Île-de-France,Furniture,Bookcases,59.32,5,0.2,7.3
CMD-2024-11532,2025-05-20,2025-05-21,Second Class,CUST-296,Consumer,Nouvelle-Aquitaine,Furniture,Furnishings,224.11,2,0.3,2.96
CMD-2024-11533,2024-09-15,2024-09-20,Standard Class,CUST-597,Corporate,Occitanie,Office Supplies,Art,131.81,5,0.1,24.67
CMD-2024-11534,2025-05-31,2025-06-02,First Class,CUST-372,Home Office,Auvergne-Rhône-Alpes,Office Supplies,Binders,248.36,1,0.0,77.68
CMD-2024-11535,2024-02-23,2024-02-25,Second Class,CUST-550,Home Office,Hauts-de-France,Furniture,Chairs,1182.96,4,0.0,525.97
CMD-2024-11536,2024-02-16,2024-02-20,Second Class,CUST-206,Consumer,Hauts-de-France,Office Supplies,Envelopes,626.09,2,0.7,-147.84
CMD-2024-11537,2025-12-27,2026-01-01,Standard Class,CUST-477,Consumer,Auvergne-Rhône-Alpes,Technology,Machines,15.94,5,0.0,6.71
CMD-2024-11538,2025-11-19,2025-11-23,Second Class,CUST-299,Corporate,Hauts-de-France,Technology,Copiers,491.66,2,0.3,-54.63
CMD-2024-11539,2025-06-04,2025-06-07,First Class,CUST-101,Corporate,Nouvelle-Aquitaine,Office Supplies,Storage,30.14,1,0.0,5.79
CMD-2024-11540,2024-04-08,2024-04-11,Standard Class,CUST-220,Consumer,Auvergne-Rhône-Alpes,Furniture,Tables,687.89,4,0.0,120.68
CMD-2024-11541,2024-01-20,2024-01-21,Second Class,CUST-714,Corporate,Île-de-France,Office Supplies,Art,87.83,2,0.0,20.11
CMD-2024-11542,2025-07-26,2025-07-27,First Class,CUST-248,Consumer,Île-de-France,Furniture,Furnishings,120.89,1,0.0,34.16
CMD-2024-11543,2025-05-04,2025-05-09,First Class,CUST-251,Consumer,Occitanie,Office Supplies,Envelopes,36.14,3,0.0,12.38
CMD-2024-11544,2025-02-22,2025-02-27,Standard Class,CUST-664,Home Office,Auvergne-Rhône-Alpes,Furniture,Furnishings,41.2,2,0.0,12.37
CMD-2024-11545,2025-11-20,2025-11-24,First Class,CUST-777,Corporate,Nouvelle-Aquitaine,Furniture,Furnishings,300.41,4,0.3,45.35
CMD-2024-11546,2024-03-02,2024-03-06,Standard Class,CUST-405,Consumer,Auvergne-Rhône-Alpes,Furniture,Bookcases,650.44,7,0.0,280.96
CMD-2024-11547,2024-05-24,2024-05-29,First Class,CUST-778,Home Office,Auvergne-Rhône-Alpes,Office Supplies,Art,222.58,6,0.0,44.31
CMD-2024-11548,2024-08-03,2024-08-08,Second Class,CUST-574,Consumer,Nouvelle-Aquitaine,Furniture,Furnishings,291.82,6,0.0,118.44
CMD-2024-11549,2024-01-03,2024-01-04,Standard Class,CUST-463,Corporate,Hauts-de-France,Office Supplies,Envelopes,330.78,2,0.2,37.88
CMD-2024-11550,2024-06-08,2024-06-09,First Class,CUST-170,Home Office,Nouvelle-Aquitaine,Technology,Phones,82.08,2,0.1,16.09
CMD-2024-11551,2024-04-29,2024-04-30,Standard Class,CUST-739,Corporate,Auvergne-Rhône-Alpes,Technology,Accessories,25.18,1,0.1,7.44
CMD-2024-11552,2024-03-29,2024-04-03,First Class,CUST-132,Home Office,Auvergne-Rhône-Alpes,Furniture,Furnishings,15.41,5,0.0,2.74
CMD-2024-11553,2024-11-24,2024-11-28,Standard Class,CUST-256,Corporate,Auvergne-Rhône-Alpes,Furniture,Bookcases,109.99,6,0.0,45.62
CMD-2024-11554,2025-08-02,2025-08-04,Second Class,CUST-429,Consumer,Auvergne-Rhône-Alpes,Office Supplies,Envelopes,75.8,8,0.2,12.98
CMD-2024-11555,2024-12-22,2024-12-24,Standard Class,CUST-486,Consumer,Occitanie,Technology,Phones,29.16,5,0.3,4.16
CMD-2024-11556,2025-09-01,2025-09-05,Standard Class,CUST-720,Consumer,Hauts-de-France,Office Supplies,Binders,58.53,6,0.0,26.24
CMD-2024-11557,2024-09-23,2024-09-27,Second Class,CUST-258,Corporate,Auvergne-Rhône-Alpes,Furniture,Bookcases,44.25,2,0.1,9.53
CMD-2024-11558,2025-09-08,2025-09-12,First Class,CUST-638,Home Office,Occitanie,Furniture,Bookcases,557.01,8,0.0,99.14
CMD-2024-11559,2024-11-18,2024-11-19,Same Day,CUST-326,Corporate,Auvergne-Rhône-Alpes,Office Supplies,Envelopes,48.25,4,0.0,9.65
CMD-2024-11560,2025-09-26,2025-09-29,Second Class,CUST-351,Consumer,Hauts-de-France,Technology,Machines,184.71,4,0.2,12.39
CMD-2024-11561,2025-06-24,2025-06-29,Standard Class,CUST-466,Corporate,Hauts-de-France,Furniture,Chairs,212.82,7,0.1,19.38
CMD-2024-11562,2025-10-10,2025-10-11,Second Class,CUST-361,Home Office,Nouvelle-Aquitaine,Office Supplies,Paper,187.51,6,0.0,73.99
CMD-2024-11563,2024-07-13,2024-07-15,Second Class,CUST-745,Consumer,Occitanie,Office Supplies,Binders,37.95,8,0.0,9.07
CMD-2024-11564,2024-11-27,2024-12-02,Standard Class,CUST-637,Corporate,Hauts-de-France,Furniture,Tables,99.46,6,0.5,-0.72
CMD-2024-11565,2024-06-18,2024-06-22,Standard Class,CUST-142,Consumer,Île-de-France,Furniture,Furnishings,26.58,1,0.3,2.41
CMD-2024-11566,2025-06-04,2025-06-06,Same Day,CUST-630,Corporate,Auvergne-Rhône-Alpes,Technology,Accessories,125.8,2,0.3,-8.55
CMD-2024-11567,2025-04-07,2025-04-11,Second Class,CUST-115,Corporate,Hauts-de-France,Furniture,Furnishings,60.98,2,0.1,12.37
CMD-2024-11568,2024-02-09,2024-02-13,Standard Class,CUST-204,Consumer,Occitanie,Office Supplies,Storage,196.43,7,0.1,39.3
CMD-2024-11569,2025-06-20,2025-06-24,First Class,CUST-302,Home Office,Occitanie,Office Supplies,Envelopes,274.66,5,0.0,81.78
CMD-2024-11570,2024-09-17,2024-09-22,First Class,CUST-777,Consumer,Occitanie,Technology,Accessories,182.1,1,0.0,56.58
CMD-2024-11571,2025-01-29,2025-01-31,First Class,CUST-158,Home Office,Nouvelle-Aquitaine,Technology,Accessories,140.31,3,0.0,22.36
CMD-2024-11572,2024-08-13,2024-08-15,First Class,CUST-147,Consumer,Auvergne-Rhône-Alpes,Technology,Copiers,122.79,4,0.1,32.65
CMD-2024-11573,2024-05-03,2024-05-07,Second Class,CUST-759,Consumer,Île-de-France,Technology,Copiers,420.51,4,0.0,124.54
CMD-2024-11574,2024-02-07,2024-02-08,Second Class,CUST-376,Consumer,Occitanie,Technology,Accessories,69.48,2,0.3,8.15
CMD-2024-11575,2024-11-23,2024-11-26,Same Day,CUST-511,Corporate,Auvergne-Rhône-Alpes,Furniture,Tables,306.52,7,0.0,120.95
CMD-2024-11576,2024-09-07,2024-09-08,Second Class,CUST-277,Corporate,Occitanie,Technology,Phones,326.67,8,0.0,71.59
CMD-2024-11577,2024-06-24,2024-06-29,Standard Class,CUST-213,Home Office,Occitanie,Technology,Accessories,134.54,1,0.0,22.14
CMD-2024-11578,2025-08-24,2025-08-27,Same Day,CUST-395,Consumer,Île-de-France,Furniture,Bookcases,92.62,3,0.0,33.43
CMD-2024-11579,2025-03-29,2025-03-30,Second Class,CUST-537,Corporate,Auvergne-Rhône-Alpes,Technology,Phones,154.9,4,0.0,68.67
CMD-2024-11580,2024-02-06,2024-02-08,Second Class,CUST-365,Corporate,Occitanie,Technology,Machines,36.53,1,0.0,10.37
CMD-2024-11581,2024-11-11,2024-11-12,Standard Class,CUST-261,Consumer,Nouvelle-Aquitaine,Technology,Copiers,25.34,3,0.0,5.77
CMD-2024-11582,2025-11-18,2025-11-22,Standard Class,CUST-603,Consumer,Occitanie,Technology,Copiers,41.03,6,0.1,4.39
CMD-2024-11583,2025-08-15,2025-08-20,Standard Class,CUST-135,Consumer,Auvergne-Rhône-Alpes,Furniture,Chairs,60.58,2,0.1,8.86
CMD-2024-11584,2024-04-23,2024-04-24,First Class,CUST-686,Home Office,Hauts-de-France,Technology,Machines,169.34,5,0.0,42.06
CMD-2024-11585,2024-02-09,2024-02-10,Second Class,CUST-557,Consumer,Occitanie,Office Supplies,Binders,431.1,4,0.1,80.69
CMD-2024-11586,2024-10-27,2024-10-30,Second Class,CUST-746,Corporate,Nouvelle-Aquitaine,Office Supplies,Storage,74.12,4,0.1,19.02
CMD-2024-11587,2024-08-11,2024-08-15,Second Class,CUST-470,Corporate,Nouvelle-Aquitaine,Office Supplies,Storage,616.89,3,0.0,143.09
CMD-2024-11588,2024-11-13,2024-11-16,Same Day,CUST-585,Consumer,Occitanie,Furniture,Chairs,696.79,5,0.3,-72.96
CMD-2024-11589,2024-12-14,2024-12-19,Same Day,CUST-371,Home Office,Auvergne-Rhône-Alpes,Office Supplies,Paper,717.21,8,0.1,123.35
CMD-2024-11590,2024-04-24,2024-04-29,Same Day,CUST-278,Home Office,Occitanie,Office Supplies,Art,414.84,6,0.0,168.71
CMD-2024-11591,2025-11-28,2025-12-02,Same Day,CUST-579,Corporate,Nouvelle-Aquitaine,Technology,Accessories,114.5,1,0.5,-17.23
CMD-2024-11592,2024-11-18,2024-11-21,Same Day,CUST-258,Home Office,Occitanie,Furniture,Chairs,31.6,2,0.3,5.35
CMD-2024-11593,2025-07-21,2025-07-25,Standard Class,CUST-303,Consumer,Nouvelle-Aquitaine,Office Supplies,Binders,200.07,1,0.7,-65.81
CMD-2024-11594,2024-02-09,2024-02-12,Same Day,CUST-377,Home Office,Hauts-de-France,Technology,Phones,194.96,3,0.2,10.29
CMD-2024-11595,2024-02-09,2024-02-11,Second Class,CUST-242,Home Office,Occitanie,Technology,Accessories,432.33,8,0.0,89.92
CMD-2024-11596,2024-10-15,2024-10-19,First Class,CUST-619,Corporate,Île-de-France,Office Supplies,Art,1229.23,8,0.0,440.5
CMD-2024-11597,2024-09-18,2024-09-23,Second Class,CUST-611,Corporate,Occitanie,Office Supplies,Binders,171.11,4,0.2,22.4
CMD-2024-11598,2024-08-03,2024-08-06,Second Class,CUST-215,Corporate,Nouvelle-Aquitaine,Technology,Phones,108.15,6,0.7,-32.32
CMD-2024-11599,2024-05-26,2024-05-28,Standard Class,CUST-491,Home Office,Auvergne-Rhône-Alpes,Furniture,Furnishings,60.25,4,0.1,17.26
CMD-2024-11600,2024-12-01,2024-12-06,First Class,CUST-442,Corporate,Nouvelle-Aquitaine,Technology,Copiers,16.06,1,0.3,1.57
CMD-2024-11601,2024-06-16,2024-06-19,Second Class,CUST-472,Corporate,Hauts-de-France,Office Supplies,Paper,171.54,6,0.0,27.96
CMD-2024-11602,2024-04-01,2024-04-03,Standard Class,CUST-787,Home Office,Auvergne-Rhône-Alpes,Technology,Accessories,193.39,7,0.0,75.57
CMD-2024-11603,2024-12-18,2024-12-23,First Class,CUST-468,Home Office,Île-de-France,Technology,Phones,398.38,2,0.5,-55.85
CMD-2024-11604,2025-07-24,2025-07-29,First Class,CUST-314,Home Office,Île-de-France,Office Supplies,Binders,169.52,3,0.2,14.84
CMD-2024-11605,2025-07-24,2025-07-26,Standard Class,CUST-610,Consumer,Hauts-de-France,Furniture,Furnishings,561.16,2,0.7,-178.87
CMD-2024-11606,2025-11-11,2025-11-16,Same Day,CUST-668,Consumer,Hauts-de-France,Office Supplies,Envelopes,232.6,8,0.2,35.76
CMD-2024-11607,2024-12-28,2024-12-31,Standard Class,CUST-426,Home Office,Hauts-de-France,Furniture,Furnishings,418.63,3,0.0,81.57
CMD-2024-11608,2025-07-10,2025-07-13,Standard Class,CUST-136,Corporate,Hauts-de-France,Technology,Machines,50.32,8,0.1,9.32
CMD-2024-11609,2024-12-10,2024-12-15,Same Day,CUST-479,Home Office,Occitanie,Furniture,Furnishings,440.34,2,0.5,-87.77
CMD-2024-11610,2025-11-23,2025-11-24,Standard Class,CUST-611,Consumer,Nouvelle-Aquitaine,Technology,Accessories,262.36,7,0.1,43.32
CMD-2024-11611,2024-06-18,2024-06-20,Standard Class,CUST-423,Corporate,Occitanie,Furniture,Chairs,56.05,1,0.0,9.94
CMD-2024-11612,2024-12-21,2024-12-22,Standard Class,CUST-468,Consumer,Auvergne-Rhône-Alpes,Technology,Phones,61.29,5,0.0,12.13
CMD-2024-11613,2024-07-09,2024-07-12,Second Class,CUST-323,Consumer,Île-de-France,Office Supplies,Storage,589.31,6,0.1,63.97
CMD-2024-11614,2025-10-28,2025-11-02,Standard Class,CUST-199,Consumer,Île-de-France,Office Supplies,Binders,22.2,3,0.0,5.82
CMD-2024-11615,2025-02-25,2025-03-01,Standard Class,CUST-174,Consumer,Auvergne-Rhône-Alpes,Office Supplies,Binders,151.6,1,0.2,36.13
CMD-2024-11616,2025-11-30,2025-12-04,First Class,CUST-536,Corporate,Île-de-France,Furniture,Tables,97.74,4,0.0,20.7
CMD-2024-11617,2024-01-07,2024-01-08,First Class,CUST-467,Home Office,Hauts-de-France,Technology,Machines,255.65,4,0.0,70.27
CMD-2024-11618,2024-05-12,2024-05-13,First Class,CUST-162,Corporate,Hauts-de-France,Furniture,Chairs,417.66,2,0.3,-11.08
CMD-2024-11619,2025-07-10,2025-07-11,Standard Class,CUST-723,Home Office,Hauts-de-France,Office Supplies,Envelopes,113.31,8,0.1,33.56
CMD-2024-11620,2024-01-31,2024-02-03,Same Day,CUST-754,Home Office,Auvergne-Rhône-Alpes,Technology,Copiers,137.47,4,0.3,-14.43
CMD-2024-11621,2025-06-18,2025-06-21,Standard Class,CUST-198,Corporate,Nouvelle-Aquitaine,Office Supplies,Paper,897.82,8,0.0,187.61
CMD-2024-11622,2025-03-01,2025-03-06,Second Class,CUST-324,Home Office,Auvergne-Rhône-Alpes,Technology,Machines,352.06,5,0.5,-83.37
CMD-2024-11623,2025-01-28,2025-01-31,Second Class,CUST-174,Corporate,Nouvelle-Aquitaine,Office Supplies,Storage,515.5,3,0.0,230.89
CMD-2024-11624,2025-11-02,2025-11-07,Second Class,CUST-283,Corporate,Île-de-France,Office Supplies,Paper,142.07,2,0.0,45.64
CMD-2024-11625,2024-12-28,2025-01-02,Second Class,CUST-392,Home Office,Île-de-France,Office Supplies,Paper,73.67,3,0.3,-5.77
CMD-2024-11626,2025-03-12,2025-03-13,Standard Class,CUST-156,Home Office,Île-de-France,Technology,Phones,131.78,3,0.2,6.81
CMD-2024-11627,2025-10-31,2025-11-04,First Class,CUST-348,Consumer,Nouvelle-Aquitaine,Technology,Accessories,292.0,7,0.0,58.5
CMD-2024-11628,2025-07-04,2025-07-05,Standard Class,CUST-725,Home Office,Île-de-France,Furniture,Bookcases,40.5,1,0.7,-17.93
CMD-2024-11629,2024-03-22,2024-03-25,Standard Class,CUST-568,Home Office,Auvergne-Rhône-Alpes,Technology,Phones,84.38,4,0.1,25.24
CMD-2024-11630,2024-12-21,2024-12-23,Standard Class,CUST-239,Home Office,Nouvelle-Aquitaine,Technology,Copiers,25.51,6,0.5,-3.86
CMD-2024-11631,2024-09-14,2024-09-17,Standard Class,CUST-458,Corporate,Hauts-de-France,Furniture,Furnishings,139.57,3,0.1,34.8
CMD-2024-11632,2025-12-18,2025-12-22,Same Day,CUST-652,Consumer,Nouvelle-Aquitaine,Furniture,Bookcases,401.55,8,0.1,64.0
CMD-2024-11633,2025-08-11,2025-08-14,First Class,CUST-507,Consumer,Auvergne-Rhône-Alpes,Furniture,Chairs,20.49,5,0.0,6.48
CMD-2024-11634,2025-06-07,2025-06-11,First Class,CUST-573,Corporate,Auvergne-Rhône-Alpes,Furniture,Bookcases,262.48,7,0.0,59.65
CMD-2024-11635,2024-10-21,2024-10-23,Second Class,CUST-764,Home Office,Auvergne-Rhône-Alpes,Technology,Machines,608.02,8,0.1,92.67
CMD-2024-11636,2024-08-11,2024-08-13,Standard Class,CUST-545,Home Office,Île-de-France,Office Supplies,Art,74.49,5,0.1,19.04
CMD-2024-11637,2025-06-08,2025-06-13,Second Class,CUST-331,Corporate,Hauts-de-France,Technology,Machines,275.26,8,0.0,53.7
CMD-2024-11638,2024-02-15,2024-02-18,First Class,CUST-716,Consumer,Hauts-de-France,Furniture,Tables,827.45,6,0.0,277.33
CMD-2024-11639,2025-10-28,2025-11-02,First Class,CUST-717,Corporate,Occitanie,Furniture,Tables,736.05,4,0.0,298.59
CMD-2024-11640,2024-04-22,2024-04-23,Second Class,CUST-399,Corporate,Auvergne-Rhône-Alpes,Office Supplies,Art,73.91,4,0.3,-6.2
CMD-2024-11641,2024-08-20,2024-08-21,First Class,CUST-741,Home Office,Île-de-France,Technology,Copiers,38.26,2,0.1,12.6
CMD-2024-11642,2024-01-17,2024-01-18,First Class,CUST-525,Corporate,Nouvelle-Aquitaine,Furniture,Chairs,50.31,2,0.2,-0.31
CMD-2024-11643,2024-12-25,2024-12-26,Same Day,CUST-260,Corporate,Île-de-France,Furniture,Bookcases,281.37,8,0.5,-54.96
CMD-2024-11644,2024-08-10,2024-08-11,Standard Class,CUST-500,Corporate,Auvergne-Rhône-Alpes,Technology,Copiers,299.62,2,0.1,72.85
CMD-2024-11645,2025-11-30,2025-12-03,Standard Class,CUST-477,Home Office,Île-de-France,Furniture,Tables,261.75,4,0.7,-81.71
CMD-2024-11646,2025-03-23,2025-03-28,First Class,CUST-356,Home Office,Auvergne-Rhône-Alpes,Office Supplies,Binders,105.11,3,0.0,18.81
CMD-2024-11647,2024-12-30,2025-01-04,First Class,CUST-593,Consumer,Nouvelle-Aquitaine,Office Supplies,Binders,55.93,8,0.0,21.79
CMD-2024-11648,2025-11-05,2025-11-09,Same Day,CUST-588,Consumer,Nouvelle-Aquitaine,Technology,Machines,206.25,1,0.0,91.15
CMD-2024-11649,2024-11-21,2024-11-22,Second Class,CUST-281,Consumer,Hauts-de-France,Technology,Machines,160.43,6,0.1,18.35
CMD-2024-11650,2025-04-11,2025-04-13,Same Day,CUST-625,Home Office,Occitanie,Technology,Copiers,302.11,7,0.3,44.88
CMD-2024-11651,2025-02-17,2025-02-21,Same Day,CUST-199,Consumer,Île-de-France,Furniture,Bookcases,143.1,6,0.1,32.49
CMD-2024-11652,2025-03-30,2025-04-03,Second Class,CUST-457,Corporate,Occitanie,Technology,Phones,105.96,6,0.0,45.65
CMD-2024-11653,2025-08-08,2025-08-11,First Class,CUST-330,Consumer,Île-de-France,Technology,Copiers,91.43,2,0.2,2.09
CMD-2024-11654,2024-08-20,2024-08-24,Standard Class,CUST-664,Corporate,Hauts-de-France,Office Supplies,Paper,67.27,1,0.1,20.02
CMD-2024-11655,2024-08-11,2024-08-13,Same Day,CUST-105,Consumer,Hauts-de-France,Office Supplies,Binders,82.96,5,0.0,13.93
CMD-2024-11656,2025-02-15,2025-02-20,Same Day,CUST-189,Home Office,Nouvelle-Aquitaine,Technology,Accessories,36.92,4,0.1,12.0
CMD-2024-11657,2025-07-25,2025-07-29,Standard Class,CUST-163,Corporate,Nouvelle-Aquitaine,Technology,Accessories,108.71,5,0.5,-10.63
CMD-2024-11658,2024-11-30,2024-12-03,Same Day,CUST-187,Corporate,Nouvelle-Aquitaine,Furniture,Tables,23.2,2,0.3,-0.21
CMD-2024-11659,2024-08-09,2024-08-10,Second Class,CUST-132,Home Office,Île-de-France,Technology,Accessories,60.39,3,0.1,7.07
CMD-2024-11660,2024-02-06,2024-02-08,Standard Class,CUST-171,Corporate,Occitanie,Furniture,Chairs,317.16,7,0.0,125.27
CMD-2024-11661,2024-10-04,2024-10-05,Standard Class,CUST-655,Consumer,Occitanie,Furniture,Chairs,101.62,7,0.0,33.63
CMD-2024-11662,2024-07-14,2024-07-18,Second Class,CUST-352,Home Office,Nouvelle-Aquitaine,Office Supplies,Storage,257.73,2,0.1,43.33
CMD-2024-11663,2025-04-28,2025-05-03,Second Class,CUST-206,Corporate,Hauts-de-France,Office Supplies,Binders,292.62,1,0.2,30.18
CMD-2024-11664,2024-08-29,2024-09-01,Standard Class,CUST-613,Home Office,Occitanie,Furniture,Furnishings,206.47,7,0.0,82.17
CMD-2024-11665,2024-11-19,2024-11-21,Second Class,CUST-235,Corporate,Hauts-de-France,Office Supplies,Binders,716.1,2,0.0,180.23
CMD-2024-11666,2024-07-10,2024-07-15,Same Day,CUST-728,Corporate,Nouvelle-Aquitaine,Technology,Phones,19.77,6,0.5,-5.4
CMD-2024-11667,2024-01-17,2024-01-19,First Class,CUST-508,Home Office,Île-de-France,Furniture,Tables,310.22,3,0.3,47.58
CMD-2024-11668,2025-06-07,2025-06-10,Same Day,CUST-220,Corporate,Auvergne-Rhône-Alpes,Furniture,Chairs,716.58,3,0.1,126.26
CMD-2024-11669,2025-02-04,2025-02-07,Second Class,CUST-577,Consumer,Occitanie,Technology,Accessories,451.14,4,0.0,114.82
CMD-2024-11670,2025-12-05,2025-12-09,Same Day,CUST-193,Consumer,Nouvelle-Aquitaine,Technology,Copiers,55.43,4,0.0,11.71
CMD-2024-11671,2024-01-22,2024-01-24,First Class,CUST-604,Corporate,Nouvelle-Aquitaine,Technology,Machines,102.06,6,0.0,42.79
CMD-2024-11672,2025-04-18,2025-04-22,First Class,CUST-106,Corporate,Occitanie,Office Supplies,Storage,56.64,8,0.1,7.09
CMD-2024-11673,2024-04-29,2024-05-01,First Class,CUST-699,Consumer,Auvergne-Rhône-Alpes,Technology,Copiers,217.3,8,0.0,74.1
CMD-2024-11674,2024-07-28,2024-07-30,Second Class,CUST-793,Corporate,Île-de-France,Technology,Machines,289.0,3,0.3,41.68
CMD-2024-11675,2024-11-01,2024-11-02,Second Class,CUST-290,Corporate,Occitanie,Furniture,Chairs,98.9,8,0.7,-46.44
CMD-2024-11676,2024-09-26,2024-09-30,Second Class,CUST-556,Home Office,Île-de-France,Office Supplies,Paper,185.6,6,0.0,73.99
CMD-2024-11677,2025-12-04,2025-12-06,First Class,CUST-485,Home Office,Nouvelle-Aquitaine,Technology,Machines,273.31,3,0.1,50.06
CMD-2024-11678,2025-11-17,2025-11-19,Second Class,CUST-377,Consumer,Occitanie,Office Supplies,Binders,135.35,8,0.2,22.66
CMD-2024-11679,2024-10-11,2024-10-14,Standard Class,CUST-547,Consumer,Île-de-France,Office Supplies,Storage,438.34,8,0.5,-82.53
CMD-2024-11680,2025-12-16,2025-12-17,Same Day,CUST-151,Home Office,Hauts-de-France,Furniture,Tables,339.82,8,0.3,30.13
CMD-2024-11681,2025-11-06,2025-11-09,Same Day,CUST-504,Home Office,Hauts-de-France,Office Supplies,Binders,29.71,1,0.0,6.72
CMD-2024-11682,2024-08-14,2024-08-18,Standard Class,CUST-495,Consumer,Hauts-de-France,Technology,Machines,228.52,8,0.0,35.78
CMD-2024-11683,2025-01-15,2025-01-19,Second Class,CUST-793,Consumer,Île-de-France,Technology,Machines,74.03,8,0.2,18.83
CMD-2024-11684,2025-04-04,2025-04-06,Same Day,CUST-310,Consumer,Hauts-de-France,Office Supplies,Storage,194.38,2,0.2,-4.88
CMD-2024-11685,2024-01-07,2024-01-12,First Class,CUST-369,Home Office,Nouvelle-Aquitaine,Technology,Copiers,706.67,4,0.0,280.71
CMD-2024-11686,2024-01-29,2024-02-01,Same Day,CUST-644,Home Office,Île-de-France,Technology,Copiers,479.75,1,0.1,53.13
CMD-2024-11687,2024-02-02,2024-02-06,Same Day,CUST-713,Corporate,Nouvelle-Aquitaine,Furniture,Tables,129.04,7,0.2,11.31
CMD-2024-11688,2025-10-07,2025-10-09,Same Day,CUST-381,Consumer,Auvergne-Rhône-Alpes,Technology,Phones,90.82,8,0.0,36.03
CMD-2024-11689,2024-03-19,2024-03-21,Second Class,CUST-497,Corporate,Île-de-France,Office Supplies,Paper,73.76,8,0.3,-4.29
CMD-2024-11690,2025-04-03,2025-04-06,Standard Class,CUST-315,Consumer,Hauts-de-France,Technology,Copiers,182.29,2,0.0,74.69
CMD-2024-11691,2025-07-23,2025-07-25,Same Day,CUST-531,Home Office,Hauts-de-France,Office Supplies,Binders,41.69,8,0.2,4.97
CMD-2024-11692,2025-06-21,2025-06-22,First Class,CUST-420,Consumer,Auvergne-Rhône-Alpes,Furniture,Chairs,190.32,8,0.1,32.33
CMD-2024-11693,2025-04-26,2025-05-01,Same Day,CUST-738,Consumer,Occitanie,Office Supplies,Art,15.29,8,0.0,5.33
CMD-2024-11694,2025-03-05,2025-03-08,Second Class,CUST-592,Home Office,Auvergne-Rhône-Alpes,Technology,Machines,101.09,4,0.2,7.32
CMD-2024-11695,2024-10-11,2024-10-14,Second Class,CUST-705,Home Office,Hauts-de-France,Furniture,Tables,69.64,7,0.2,5.17
CMD-2024-11696,2025-05-30,2025-06-02,First Class,CUST-685,Consumer,Hauts-de-France,Office Supplies,Binders,795.57,6,0.5,-63.6
CMD-2024-11697,2024-04-08,2024-04-10,Same Day,CUST-227,Consumer,Occitanie,Furniture,Tables,300.82,7,0.0,73.08
CMD-2024-11698,2025-01-31,2025-02-02,Same Day,CUST-173,Consumer,Auvergne-Rhône-Alpes,Furniture,Bookcases,109.65,1,0.2,3.31
CMD-2024-11699,2025-05-03,2025-05-06,First Class,CUST-575,Consumer,Nouvelle-Aquitaine,Furniture,Chairs,36.44,8,0.1,11.02
CMD-2024-11700,2024-02-08,2024-02-11,Standard Class,CUST-551,Consumer,Auvergne-Rhône-Alpes,Office Supplies,Binders,175.01,5,0.1,52.78
CMD-2024-11701,2024-09-27,2024-09-28,Second Class,CUST-561,Home Office,Nouvelle-Aquitaine,Furniture,Bookcases,67.82,7,0.3,1.99
CMD-2024-11702,2024-06-05,2024-06-09,Standard Class,CUST-537,Consumer,Hauts-de-France,Office Supplies,Binders,184.14,5,0.0,56.71
CMD-2024-11703,2024-03-15,2024-03-16,Standard Class,CUST-355,Home Office,Hauts-de-France,Technology,Accessories,411.88,4,0.0,147.79
CMD-2024-11704,2024-05-09,2024-05-12,Same Day,CUST-547,Corporate,Auvergne-Rhône-Alpes,Furniture,Chairs,225.45,1,0.1,47.97
CMD-2024-11705,2025-11-17,2025-11-19,First Class,CUST-201,Corporate,Hauts-de-France,Office Supplies,Paper,236.0,7,0.0,64.93
CMD-2024-11706,2024-03-24,2024-03-26,Second Class,CUST-658,Consumer,Occitanie,Office Supplies,Storage,186.33,8,0.5,-0.29
CMD-2024-11707,2024-01-22,2024-01-25,Standard Class,CUST-776,Corporate,Île-de-France,Office Supplies,Paper,591.61,2,0.1,61.7
CMD-2024-11708,2025-04-03,2025-04-07,Standard Class,CUST-382,Home Office,Nouvelle-Aquitaine,Office Supplies,Envelopes,606.1,7,0.1,144.14
CMD-2024-11709,2025-06-22,2025-06-27,Same Day,CUST-303,Corporate,Hauts-de-France,Furniture,Chairs,173.16,8,0.3,25.24
CMD-2024-11710,2025-12-07,2025-12-12,Same Day,CUST-185,Corporate,Nouvelle-Aquitaine,Technology,Accessories,95.29,2,0.1,25.36
CMD-2024-11711,2025-01-16,2025-01-17,Same Day,CUST-423,Home Office,Auvergne-Rhône-Alpes,Technology,Accessories,150.39,1,0.1,48.77
CMD-2024-11712,2025-03-15,2025-03-19,First Class,CUST-263,Consumer,Occitanie,Office Supplies,Art,60.43,5,0.0,15.16
CMD-2024-11713,2025-08-26,2025-08-31,Second Class,CUST-156,Home Office,Nouvelle-Aquitaine,Office Supplies,Paper,237.54,1,0.0,55.01
CMD-2024-11714,2024-01-21,2024-01-25,Second Class,CUST-305,Home Office,Hauts-de-France,Technology,Accessories,167.53,8,0.0,67.91
CMD-2024-11715,2024-10-29,2024-10-31,Same Day,CUST-528,Consumer,Île-de-France,Technology,Machines,38.99,5,0.2,3.44
CMD-2024-11716,2024-03-24,2024-03-26,Standard Class,CUST-247,Home Office,Occitanie,Technology,Accessories,63.45,5,0.1,17.32
CMD-2024-11717,2025-10-20,2025-10-24,Same Day,CUST-400,Consumer,Auvergne-Rhône-Alpes,Office Supplies,Envelopes,158.71,6,0.0,30.84
CMD-2024-11718,2025-03-28,2025-03-31,Same Day,CUST-389,Home Office,Hauts-de-France,Technology,Accessories,495.83,6,0.1,142.18
CMD-2024-11719,2025-01-21,2025-01-26,First Class,CUST-120,Corporate,Occitanie,Furniture,Tables,198.83,2,0.0,62.57
CMD-2024-11720,2025-05-21,2025-05-26,Same Day,CUST-236,Consumer,Hauts-de-France,Furniture,Furnishings,266.73,4,0.5,-58.52
CMD-2024-11721,2024-09-13,2024-09-15,Second Class,CUST-468,Consumer,Auvergne-Rhône-Alpes,Office Supplies,Binders,106.09,3,0.0,31.65
CMD-2024-11722,2025-07-23,2025-07-24,Same Day,CUST-621,Corporate,Auvergne-Rhône-Alpes,Office Supplies,Storage,201.4,1,0.3,17.94
CMD-2024-11723,2025-06-10,2025-06-15,Second Class,CUST-656,Corporate,Île-de-France,Furniture,Tables,145.48,5,0.1,9.25
CMD-2024-11724,2024-06-10,2024-06-12,Standard Class,CUST-535,Consumer,Occitanie,Technology,Phones,251.78,8,0.1,63.26
CMD-2024-11725,2024-06-11,2024-06-13,Second Class,CUST-129,Corporate,Île-de-France,Furniture,Bookcases,26.42,1,0.0,8.26
CMD-2024-11726,2025-06-07,2025-06-11,Second Class,CUST-547,Home Office,Île-de-France,Office Supplies,Binders,164.56,4,0.5,-38.49
CMD-2024-11727,2024-09-27,2024-10-01,Same Day,CUST-324,Home Office,Île-de-France,Office Supplies,Envelopes,92.21,8,0.0,34.66
CMD-2024-11728,2025-05-06,2025-05-10,Second Class,CUST-485,Home Office,Nouvelle-Aquitaine,Technology,Accessories,101.86,4,0.1,15.38
CMD-2024-11729,2024-07-26,2024-07-27,Second Class,CUST-788,Corporate,Auvergne-Rhône-Alpes,Technology,Accessories,728.26,3,0.7,-289.08
CMD-2024-11730,2025-06-22,2025-06-27,Standard Class,CUST-707,Corporate,Île-de-France,Technology,Machines,59.38,8,0.3,1.27
CMD-2024-11731,2025-08-06,2025-08-07,Second Class,CUST-528,Corporate,Nouvelle-Aquitaine,Furniture,Bookcases,97.03,7,0.1,25.5
CMD-2024-11732,2024-02-29,2024-03-01,Second Class,CUST-628,Consumer,Nouvelle-Aquitaine,Office Supplies,Envelopes,171.89,3,0.7,-34.61
CMD-2024-11733,2025-03-05,2025-03-09,Same Day,CUST-127,Home Office,Nouvelle-Aquitaine,Technology,Machines,452.35,5,0.2,5.61
CMD-2024-11734,2025-10-18,2025-10-20,First Class,CUST-225,Consumer,Île-de-France,Furniture,Chairs,133.58,6,0.0,35.93
CMD-2024-11735,2025-08-27,2025-08-30,Same Day,CUST-598,Consumer,Nouvelle-Aquitaine,Technology,Machines,314.65,7,0.0,53.52
CMD-2024-11736,2024-11-04,2024-11-06,Standard Class,CUST-286,Consumer,Île-de-France,Technology,Copiers,441.92,3,0.0,166.85
CMD-2024-11737,2025-06-03,2025-06-05,Same Day,CUST-753,Home Office,Occitanie,Furniture,Furnishings,96.64,6,0.0,27.48
CMD-2024-11738,2025-08-13,2025-08-15,Second Class,CUST-471,Home Office,Auvergne-Rhône-Alpes,Technology,Phones,124.74,7,0.2,22.71
CMD-2024-11739,2024-01-27,2024-01-29,First Class,CUST-237,Home Office,Hauts-de-France,Furniture,Tables,112.0,6,0.1,17.55
CMD-2024-11740,2025-11-16,2025-11-17,Same Day,CUST-436,Corporate,Île-de-France,Office Supplies,Binders,408.56,5,0.0,164.77
CMD-2024-11741,2025-07-15,2025-07-19,Same Day,CUST-313,Home Office,Auvergne-Rhône-Alpes,Furniture,Bookcases,24.98,8,0.3,1.01
CMD-2024-11742,2024-07-17,2024-07-21,Standard Class,CUST-390,Corporate,Île-de-France,Technology,Phones,96.13,2,0.0,41.63
CMD-2024-11743,2025-01-21,2025-01-23,Second Class,CUST-669,Corporate,Occitanie,Office Supplies,Storage,265.27,8,0.7,-121.06
CMD-2024-11744,2024-12-14,2024-12-17,Same Day,CUST-470,Corporate,Auvergne-Rhône-Alpes,Furniture,Chairs,198.35,6,0.5,-28.9
CMD-2024-11745,2025-11-23,2025-11-28,Same Day,CUST-629,Home Office,Auvergne-Rhône-Alpes,Office Supplies,Binders,141.11,8,0.5,-9.89
CMD-2024-11746,2025-06-19,2025-06-21,First Class,CUST-791,Home Office,Nouvelle-Aquitaine,Technology,Machines,185.81,5,0.3,11.16
CMD-2024-11747,2025-01-12,2025-01-14,Standard Class,CUST-769,Home Office,Île-de-France,Technology,Copiers,63.43,3,0.0,9.96
CMD-2024-11748,2025-07-11,2025-07-14,Second Class,CUST-648,Home Office,Île-de-France,Technology,Machines,138.94,1,0.1,48.87
CMD-2024-11749,2025-06-10,2025-06-11,Same Day,CUST-395,Consumer,Hauts-de-France,Technology,Accessories,168.24,3,0.0,40.29
CMD-2024-11750,2024-06-01,2024-06-03,First Class,CUST-690,Home Office,Nouvelle-Aquitaine,Furniture,Bookcases,524.2,8,0.0,117.83
CMD-2024-11751,2024-07-24,2024-07-27,Same Day,CUST-518,Home Office,Nouvelle-Aquitaine,Office Supplies,Binders,81.49,4,0.1,16.76
CMD-2024-11752,2025-03-30,2025-03-31,Same Day,CUST-765,Home Office,Hauts-de-France,Furniture,Furnishings,460.2,3,0.0,143.88
CMD-2024-11753,2024-09-29,2024-09-30,Standard Class,CUST-460,Home Office,Nouvelle-Aquitaine,Technology,Phones,242.37,2,0.5,-16.99
CMD-2024-11754,2024-08-23,2024-08-25,First Class,CUST-257,Home Office,Nouvelle-Aquitaine,Furniture,Chairs,19.52,5,0.5,-3.55
CMD-2024-11755,2025-06-04,2025-06-05,First Class,CUST-174,Consumer,Occitanie,Technology,Machines,298.72,6,0.0,84.24
CMD-2024-11756,2025-11-08,2025-11-10,Second Class,CUST-471,Consumer,Auvergne-Rhône-Alpes,Furniture,Chairs,22.96,4,0.1,5.06
CMD-2024-11757,2025-12-26,2025-12-28,Same Day,CUST-666,Corporate,Hauts-de-France,Furniture,Furnishings,1322.9,5,0.1,235.89
CMD-2024-11758,2025-05-15,2025-05-19,First Class,CUST-620,Corporate,Occitanie,Office Supplies,Paper,468.36,5,0.3,72.3
CMD-2024-11759,2024-04-26,2024-05-01,Same Day,CUST-205,Home Office,Occitanie,Office Supplies,Paper,92.64,6,0.2,20.88
CMD-2024-11760,2025-01-20,2025-01-25,Same Day,CUST-466,Corporate,Occitanie,Technology,Phones,80.47,7,0.0,23.05
CMD-2024-11761,2024-12-09,2024-12-13,Second Class,CUST-501,Consumer,Nouvelle-Aquitaine,Furniture,Tables,120.68,3,0.0,18.11
CMD-2024-11762,2025-08-06,2025-08-08,Second Class,CUST-202,Home Office,Hauts-de-France,Office Supplies,Storage,111.87,1,0.0,47.02
CMD-2024-11763,2025-01-29,2025-02-01,First Class,CUST-424,Corporate,Nouvelle-Aquitaine,Office Supplies,Envelopes,117.47,7,0.5,-30.86
CMD-2024-11764,2024-03-04,2024-03-05,Same Day,CUST-472,Corporate,Nouvelle-Aquitaine,Furniture,Tables,99.29,4,0.0,22.18
CMD-2024-11765,2025-12-17,2025-12-21,First Class,CUST-437,Consumer,Occitanie,Office Supplies,Binders,228.53,6,0.0,44.73
CMD-2024-11766,2025-12-21,2025-12-25,Same Day,CUST-132,Home Office,Île-de-France,Technology,Phones,54.48,2,0.3,-3.6
CMD-2024-11767,2024-03-12,2024-03-16,First Class,CUST-207,Corporate,Hauts-de-France,Office Supplies,Art,426.55,2,0.3,51.55
CMD-2024-11768,2024-09-30,2024-10-04,First Class,CUST-521,Consumer,Hauts-de-France,Technology,Phones,383.16,1,0.3,20.63
CMD-2024-11769,2024-11-15,2024-11-20,Same Day,CUST-368,Home Office,Occitanie,Furniture,Tables,157.38,1,0.1,54.58
CMD-2024-11770,2024-12-03,2024-12-05,Standard Class,CUST-172,Consumer,Occitanie,Office Supplies,Paper,436.41,3,0.2,17.21
CMD-2024-11771,2024-12-31,2025-01-04,Second Class,CUST-280,Home Office,Auvergne-Rhône-Alpes,Technology,Machines,77.45,2,0.1,15.93
CMD-2024-11772,2025-05-09,2025-05-13,Same Day,CUST-251,Home Office,Occitanie,Furniture,Chairs,18.9,4,0.0,8.38
CMD-2024-11773,2025-08-29,2025-09-02,First Class,CUST-611,Home Office,Nouvelle-Aquitaine,Technology,Phones,227.41,8,0.1,70.03
CMD-2024-11774,2024-06-14,2024-06-17,Standard Class,CUST-167,Consumer,Occitanie,Office Supplies,Envelopes,149.71,6,0.0,55.18
CMD-2024-11775,2025-06-27,2025-06-30,First Class,CUST-471,Home Office,Hauts-de-France,Office Supplies,Paper,199.23,1,0.0,41.18
CMD-2024-11776,2024-01-11,2024-01-12,Standard Class,CUST-447,Corporate,Île-de-France,Office Supplies,Paper,520.12,1,0.5,-35.98
CMD-2024-11777,2024-10-27,2024-10-29,Same Day,CUST-131,Home Office,Île-de-France,Furniture,Bookcases,785.9,1,0.0,199.83
CMD-2024-11778,2025-12-29,2026-01-02,Second Class,CUST-719,Home Office,Nouvelle-Aquitaine,Office Supplies,Storage,236.4,8,0.5,-33.29
CMD-2024-11779,2024-04-11,2024-04-12,First Class,CUST-178,Consumer,Île-de-France,Furniture,Bookcases,332.71,6,0.0,110.71
CMD-2024-11780,2025-02-28,2025-03-01,Standard Class,CUST-358,Home Office,Occitanie,Furniture,Furnishings,34.26,4,0.0,11.4
CMD-2024-11781,2025-01-26,2025-01-28,Standard Class,CUST-596,Corporate,Île-de-France,Office Supplies,Envelopes,53.55,2,0.1,14.88
CMD-2024-11782,2024-08-01,2024-08-04,Second Class,CUST-274,Corporate,Occitanie,Furniture,Furnishings,305.68,8,0.2,51.51
CMD-2024-11783,2025-11-21,2025-11-23,First Class,CUST-466,Home Office,Auvergne-Rhône-Alpes,Technology,Copiers,139.19,8,0.1,11.21
CMD-2024-11784,2024-03-28,2024-03-29,Same Day,CUST-114,Consumer,Hauts-de-France,Technology,Machines,144.92,7,0.3,2.49
CMD-2024-11785,2025-07-06,2025-07-08,Same Day,CUST-150,Corporate,Nouvelle-Aquitaine,Technology,Phones,96.19,4,0.0,33.59
CMD-2024-11786,2025-02-04,2025-02-07,First Class,CUST-206,Consumer,Auvergne-Rhône-Alpes,Office Supplies,Binders,220.67,6,0.5,-46.61
CMD-2024-11787,2025-08-10,2025-08-11,Second Class,CUST-568,Home Office,Île-de-France,Furniture,Bookcases,60.05,4,0.0,14.65
CMD-2024-11788,2024-02-15,2024-02-17,Second Class,CUST-301,Consumer,Nouvelle-Aquitaine,Office Supplies,Binders,231.91,3,0.3,-19.16
CMD-2024-11789,2025-11-02,2025-11-06,Second Class,CUST-317,Home Office,Occitanie,Furniture,Bookcases,57.0,7,0.0,15.71
CMD-2024-11790,2025-04-07,2025-04-11,Standard Class,CUST-140,Home Office,Auvergne-Rhône-Alpes,Technology,Phones,29.51,6,0.3,5.2
CMD-2024-11791,2025-08-14,2025-08-16,Standard Class,CUST-484,Consumer,Hauts-de-France,Technology,Copiers,103.22,7,0.2,5.74
CMD-2024-11792,2024-11-05,2024-11-07,Second Class,CUST-435,Corporate,Hauts-de-France,Office Supplies,Binders,72.83,7,0.0,22.54
CMD-2024-11793,2024-03-26,2024-03-29,First Class,CUST-710,Home Office,Auvergne-Rhône-Alpes,Furniture,Bookcases,498.59,1,0.5,-38.41
CMD-2024-11794,2024-04-01,2024-04-02,Same Day,CUST-760,Home Office,Auvergne-Rhône-Alpes,Office Supplies,Envelopes,27.43,2,0.0,4.23
CMD-2024-11795,2025-10-21,2025-10-23,Standard Class,CUST-204,Home Office,Auvergne-Rhône-Alpes,Office Supplies,Paper,57.75,7,0.0,24.26
CMD-2024-11796,2025-11-03,2025-11-04,Second Class,CUST-302,Corporate,Île-de-France,Furniture,Tables,190.05,3,0.3,-0.77
CMD-2024-11797,2025-12-14,2025-12-18,Standard Class,CUST-609,Corporate,Hauts-de-France,Furniture,Chairs,159.32,3,0.0,65.44
CMD-2024-11798,2024-08-29,2024-08-30,Standard Class,CUST-194,Home Office,Hauts-de-France,Office Supplies,Binders,25.33,6,0.0,4.1
CMD-2024-11799,2024-01-02,2024-01-07,Second Class,CUST-276,Corporate,Île-de-France,Office Supplies,Paper,16.6,5,0.1,1.72
CMD-2024-11800,2024-08-12,2024-08-15,First Class,CUST-164,Consumer,Nouvelle-Aquitaine,Technology,Machines,989.28,8,0.3,-22.99
CMD-2024-11801,2025-08-11,2025-08-14,Same Day,CUST-652,Consumer,Hauts-de-France,Furniture,Tables,251.59,1,0.0,63.81
CMD-2024-11802,2024-04-25,2024-04-26,First Class,CUST-323,Consumer,Nouvelle-Aquitaine,Office Supplies,Paper,115.05,2,0.1,36.16
CMD-2024-11803,2025-10-27,2025-10-30,Standard Class,CUST-678,Consumer,Nouvelle-Aquitaine,Office Supplies,Storage,154.85,2,0.2,-4.13
CMD-2024-11804,2024-04-12,2024-04-13,First Class,CUST-479,Home Office,Nouvelle-Aquitaine,Technology,Machines,83.2,2,0.3,6.02
CMD-2024-11805,2024-07-12,2024-07-13,First Class,CUST-354,Consumer,Hauts-de-France,Office Supplies,Binders,108.04,8,0.5,-28.16
CMD-2024-11806,2024-06-14,2024-06-18,Same Day,CUST-397,Corporate,Occitanie,Office Supplies,Binders,245.36,6,0.2,53.23
CMD-2024-11807,2024-03-30,2024-03-31,Second Class,CUST-680,Home Office,Nouvelle-Aquitaine,Technology,Machines,486.67,1,0.2,99.07
CMD-2024-11808,2025-11-16,2025-11-19,Second Class,CUST-270,Corporate,Occitanie,Office Supplies,Binders,59.77,7,0.0,17.93
CMD-2024-11809,2024-05-01,2024-05-06,Second Class,CUST-712,Consumer,Île-de-France,Technology,Phones,418.67,7,0.0,89.51
CMD-2024-11810,2024-05-22,2024-05-24,First Class,CUST-751,Home Office,Occitanie,Technology,Copiers,43.51,6,0.2,6.98
CMD-2024-11811,2024-04-15,2024-04-18,First Class,CUST-463,Home Office,Occitanie,Technology,Machines,68.25,2,0.7,-29.56
CMD-2024-11812,2025-03-03,2025-03-08,Same Day,CUST-172,Home Office,Auvergne-Rhône-Alpes,Technology,Copiers,23.33,8,0.2,0.63
CMD-2024-11813,2024-10-31,2024-11-03,Second Class,CUST-159,Consumer,Nouvelle-Aquitaine,Office Supplies,Storage,48.39,7,0.0,16.36
CMD-2024-11814,2024-11-12,2024-11-17,Same Day,CUST-554,Corporate,Hauts-de-France,Technology,Phones,563.37,4,0.1,201.33
CMD-2024-11815,2025-09-26,2025-09-29,Same Day,CUST-435,Home Office,Auvergne-Rhône-Alpes,Technology,Copiers,150.33,4,0.1,49.21
CMD-2024-11816,2024-01-09,2024-01-11,First Class,CUST-767,Corporate,Occitanie,Technology,Phones,32.79,8,0.2,4.85
CMD-2024-11817,2024-03-13,2024-03-17,Second Class,CUST-223,Consumer,Île-de-France,Technology,Phones,721.66,8,0.2,94.94
CMD-2024-11818,2024-12-24,2024-12-28,Standard Class,CUST-554,Consumer,Hauts-de-France,Technology,Phones,479.62,1,0.1,172.43
CMD-2024-11819,2024-08-10,2024-08-12,Standard Class,CUST-113,Corporate,Île-de-France,Office Supplies,Storage,324.14,2,0.0,101.85
CMD-2024-11820,2025-02-19,2025-02-22,First Class,CUST-515,Home Office,Occitanie,Technology,Machines,611.23,6,0.5,-106.33
CMD-2024-11821,2025-07-06,2025-07-11,First Class,CUST-126,Corporate,Île-de-France,Office Supplies,Art,69.7,8,0.2,16.93
CMD-2024-11822,2025-01-04,2025-01-05,First Class,CUST-149,Home Office,Auvergne-Rhône-Alpes,Office Supplies,Binders,413.23,8,0.0,91.02
CMD-2024-11823,2025-12-16,2025-12-19,First Class,CUST-286,Home Office,Île-de-France,Technology,Copiers,272.65,5,0.0,48.87
CMD-2024-11824,2024-09-20,2024-09-22,Standard Class,CUST-156,Corporate,Auvergne-Rhône-Alpes,Office Supplies,Envelopes,463.44,8,0.5,-50.87
CMD-2024-11825,2025-11-20,2025-11-24,Second Class,CUST-766,Home Office,Nouvelle-Aquitaine,Technology,Machines,365.71,5,0.3,-33.37
CMD-2024-11826,2024-11-13,2024-11-17,Same Day,CUST-133,Home Office,Hauts-de-France,Technology,Accessories,108.59,5,0.0,28.44
CMD-2024-11827,2024-03-24,2024-03-27,Standard Class,CUST-637,Home Office,Île-de-France,Technology,Copiers,342.58,4,0.0,94.92
CMD-2024-11828,2024-11-13,2024-11-18,Second Class,CUST-470,Consumer,Auvergne-Rhône-Alpes,Technology,Accessories,81.97,6,0.0,25.76
CMD-2024-11829,2024-04-20,2024-04-22,First Class,CUST-185,Home Office,Occitanie,Furniture,Chairs,102.64,5,0.0,45.93
CMD-2024-11830,2024-09-07,2024-09-09,Same Day,CUST-259,Corporate,Occitanie,Office Supplies,Art,40.12,2,0.1,5.07
CMD-2024-11831,2025-01-17,2025-01-22,Second Class,CUST-524,Consumer,Auvergne-Rhône-Alpes,Technology,Copiers,616.6,2,0.1,106.5
CMD-2024-11832,2024-01-07,2024-01-12,Second Class,CUST-205,Home Office,Hauts-de-France,Office Supplies,Binders,90.66,5,0.1,9.04
CMD-2024-11833,2025-04-03,2025-04-06,Same Day,CUST-490,Consumer,Nouvelle-Aquitaine,Technology,Copiers,176.76,3,0.2,26.92
CMD-2024-11834,2024-03-24,2024-03-27,Second Class,CUST-611,Corporate,Nouvelle-Aquitaine,Office Supplies,Binders,124.23,5,0.0,45.75
CMD-2024-11835,2024-07-26,2024-07-30,Second Class,CUST-374,Consumer,Hauts-de-France,Technology,Accessories,722.76,3,0.0,212.94
CMD-2024-11836,2025-01-24,2025-01-28,Same Day,CUST-388,Consumer,Île-de-France,Technology,Phones,104.77,1,0.0,23.44
CMD-2024-11837,2024-11-09,2024-11-14,Same Day,CUST-357,Home Office,Auvergne-Rhône-Alpes,Technology,Phones,346.66,1,0.0,116.57
CMD-2024-11838,2024-01-22,2024-01-23,Standard Class,CUST-319,Corporate,Nouvelle-Aquitaine,Technology,Accessories,440.46,2,0.0,137.31
CMD-2024-11839,2025-02-13,2025-02-14,First Class,CUST-626,Corporate,Hauts-de-France,Furniture,Furnishings,140.84,6,0.1,15.68
CMD-2024-11840,2025-05-29,2025-05-30,First Class,CUST-632,Consumer,Nouvelle-Aquitaine,Office Supplies,Paper,119.52,4,0.3,0.2
CMD-2024-11841,2024-05-06,2024-05-08,Second Class,CUST-158,Home Office,Nouvelle-Aquitaine,Technology,Copiers,318.01,6,0.2,31.98
CMD-2024-11842,2025-11-30,2025-12-03,First Class,CUST-459,Consumer,Île-de-France,Office Supplies,Storage,551.94,2,0.3,96.47
CMD-2024-11843,2024-01-14,2024-01-19,Standard Class,CUST-693,Consumer,Nouvelle-Aquitaine,Office Supplies,Storage,324.37,2,0.2,72.91
CMD-2024-11844,2024-01-12,2024-01-16,Second Class,CUST-729,Consumer,Auvergne-Rhône-Alpes,Office Supplies,Binders,71.68,6,0.2,13.64
CMD-2024-11845,2024-03-27,2024-03-28,First Class,CUST-212,Home Office,Hauts-de-France,Technology,Phones,497.24,4,0.0,207.17
CMD-2024-11846,2025-06-07,2025-06-11,First Class,CUST-375,Consumer,Île-de-France,Furniture,Furnishings,122.87,2,0.7,-31.87
CMD-2024-11847,2025-06-20,2025-06-23,Second Class,CUST-356,Home Office,Île-de-France,Office Supplies,Paper,203.88,7,0.0,85.84
CMD-2024-11848,2024-10-27,2024-11-01,Same Day,CUST-428,Corporate,Hauts-de-France,Office Supplies,Storage,406.7,7,0.0,67.66
CMD-2024-11849,2024-08-30,2024-08-31,Standard Class,CUST-334,Consumer,Auvergne-Rhône-Alpes,Furniture,Furnishings,60.92,4,0.0,17.47
CMD-2024-11850,2024-05-01,2024-05-02,Second Class,CUST-150,Corporate,Nouvelle-Aquitaine,Technology,Accessories,352.67,2,0.7,-90.26
CMD-2024-11851,2024-05-26,2024-05-31,Second Class,CUST-777,Consumer,Nouvelle-Aquitaine,Technology,Phones,214.48,7,0.7,-65.42
CMD-2024-11852,2025-07-20,2025-07-24,First Class,CUST-320,Corporate,Auvergne-Rhône-Alpes,Furniture,Bookcases,507.39,1,0.2,11.44
CMD-2024-11853,2024-12-21,2024-12-24,Same Day,CUST-695,Home Office,Occitanie,Office Supplies,Paper,56.52,3,0.1,9.16
CMD-2024-11854,2025-11-15,2025-11-18,First Class,CUST-329,Consumer,Hauts-de-France,Technology,Accessories,135.1,2,0.1,20.99
CMD-2024-11855,2025-09-22,2025-09-25,Second Class,CUST-321,Consumer,Auvergne-Rhône-Alpes,Furniture,Chairs,408.54,3,0.7,-164.07
CMD-2024-11856,2024-11-04,2024-11-08,Second Class,CUST-765,Home Office,Nouvelle-Aquitaine,Furniture,Bookcases,19.27,5,0.2,1.41
CMD-2024-11857,2025-11-25,2025-11-29,First Class,CUST-153,Corporate,Hauts-de-France,Furniture,Chairs,41.18,7,0.5,-5.99
CMD-2024-11858,2024-10-14,2024-10-15,Same Day,CUST-730,Corporate,Hauts-de-France,Office Supplies,Paper,1040.94,2,0.0,423.1
CMD-2024-11859,2024-11-02,2024-11-06,Second Class,CUST-372,Home Office,Nouvelle-Aquitaine,Office Supplies,Binders,87.39,1,0.0,32.56
CMD-2024-11860,2025-08-16,2025-08-18,Standard Class,CUST-297,Corporate,Auvergne-Rhône-Alpes,Technology,Accessories,831.39,4,0.3,108.56
CMD-2024-11861,2025-12-23,2025-12-28,Same Day,CUST-227,Home Office,Occitanie,Office Supplies,Envelopes,59.34,1,0.0,24.63
CMD-2024-11862,2025-10-23,2025-10-27,Second Class,CUST-703,Corporate,Hauts-de-France,Technology,Machines,113.56,3,0.5,-19.89
CMD-2024-11863,2025-07-02,2025-07-05,Same Day,CUST-108,Home Office,Hauts-de-France,Technology,Machines,322.52,4,0.1,52.83
CMD-2024-11864,2024-12-17,2024-12-21,Same Day,CUST-326,Home Office,Hauts-de-France,Technology,Accessories,250.91,1,0.5,-70.94
CMD-2024-11865,2024-11-07,2024-11-08,Standard Class,CUST-657,Home Office,Auvergne-Rhône-Alpes,Technology,Copiers,206.44,1,0.0,88.59
CMD-2024-11866,2024-02-28,2024-03-04,Second Class,CUST-233,Home Office,Hauts-de-France,Technology,Machines,181.06,1,0.2,-1.86
CMD-2024-11867,2025-10-04,2025-10-09,Same Day,CUST-115,Corporate,Nouvelle-Aquitaine,Technology,Accessories,422.95,6,0.1,119.42
CMD-2024-11868,2025-12-14,2025-12-17,Second Class,CUST-314,Consumer,Nouvelle-Aquitaine,Office Supplies,Paper,73.92,8,0.1,12.82
CMD-2024-11869,2024-02-04,2024-02-09,Second Class,CUST-211,Corporate,Île-de-France,Technology,Copiers,143.53,4,0.1,49.47
CMD-2024-11870,2025-03-20,2025-03-22,Same Day,CUST-256,Home Office,Hauts-de-France,Office Supplies,Art,52.17,1,0.5,-9.08
CMD-2024-11871,2024-04-02,2024-04-07,First Class,CUST-524,Consumer,Occitanie,Technology,Accessories,214.36,8,0.2,46.08
CMD-2024-11872,2024-07-25,2024-07-28,Same Day,CUST-551,Consumer,Île-de-France,Office Supplies,Envelopes,78.45,7,0.0,18.42
CMD-2024-11873,2024-12-18,2024-12-23,First Class,CUST-417,Corporate,Hauts-de-France,Office Supplies,Storage,104.37,7,0.5,-21.95
CMD-2024-11874,2024-11-27,2024-12-01,First Class,CUST-459,Home Office,Hauts-de-France,Technology,Machines,155.19,1,0.0,51.0
CMD-2024-11875,2025-12-25,2025-12-26,First Class,CUST-475,Home Office,Auvergne-Rhône-Alpes,Office Supplies,Storage,20.97,3,0.0,9.42
CMD-2024-11876,2024-06-07,2024-06-11,First Class,CUST-395,Home Office,Auvergne-Rhône-Alpes,Furniture,Tables,36.22,1,0.0,11.06
CMD-2024-11877,2024-01-24,2024-01-26,Same Day,CUST-297,Home Office,Nouvelle-Aquitaine,Office Supplies,Art,269.79,7,0.3,43.41
CMD-2024-11878,2025-02-07,2025-02-09,First Class,CUST-669,Home Office,Île-de-France,Furniture,Furnishings,138.27,1,0.0,53.35
CMD-2024-11879,2025-05-30,2025-05-31,Second Class,CUST-497,Consumer,Île-de-France,Furniture,Chairs,455.2,5,0.0,176.96
CMD-2024-11880,2024-12-29,2024-12-30,Same Day,CUST-689,Corporate,Île-de-France,Office Supplies,Paper,276.0,8,0.5,-46.7
CMD-2024-11881,2025-01-16,2025-01-17,Standard Class,CUST-341,Corporate,Nouvelle-Aquitaine,Furniture,Tables,16.79,4,0.3,-0.07
CMD-2024-11882,2025-06-15,2025-06-16,First Class,CUST-528,Corporate,Occitanie,Technology,Accessories,225.97,5,0.0,46.91
CMD-2024-11883,2024-05-31,2024-06-05,Same Day,CUST-710,Consumer,Occitanie,Office Supplies,Binders,36.65,8,0.2,9.5
CMD-2024-11884,2025-07-15,2025-07-19,First Class,CUST-105,Consumer,Occitanie,Furniture,Furnishings,349.04,8,0.5,-4.25
CMD-2024-11885,2025-11-19,2025-11-21,Second Class,CUST-417,Corporate,Île-de-France,Furniture,Tables,1064.09,6,0.0,398.1
CMD-2024-11886,2025-08-30,2025-09-04,First Class,CUST-311,Consumer,Hauts-de-France,Technology,Copiers,181.67,3,0.3,-5.65
CMD-2024-11887,2025-09-08,2025-09-09,Same Day,CUST-372,Consumer,Île-de-France,Furniture,Bookcases,267.59,8,0.1,35.74
CMD-2024-11888,2025-02-23,2025-02-26,Second Class,CUST-183,Corporate,Hauts-de-France,Office Supplies,Storage,74.6,5,0.2,19.89
CMD-2024-11889,2024-09-06,2024-09-09,First Class,CUST-723,Consumer,Auvergne-Rhône-Alpes,Technology,Accessories,141.62,6,0.1,11.32
CMD-2024-11890,2024-04-26,2024-04-30,Standard Class,CUST-459,Home Office,Nouvelle-Aquitaine,Furniture,Furnishings,441.49,2,0.2,98.48
CMD-2024-11891,2025-05-26,2025-05-28,First Class,CUST-480,Corporate,Occitanie,Office Supplies,Storage,55.31,4,0.0,14.19
CMD-2024-11892,2025-07-31,2025-08-02,First Class,CUST-639,Corporate,Île-de-France,Office Supplies,Paper,82.9,1,0.2,7.93
CMD-2024-11893,2024-11-30,2024-12-04,Second Class,CUST-240,Corporate,Île-de-France,Furniture,Tables,144.71,5,0.0,57.83
CMD-2024-11894,2025-02-21,2025-02-22,First Class,CUST-609,Corporate,Auvergne-Rhône-Alpes,Technology,Copiers,289.05,5,0.1,25.2
CMD-2024-11895,2024-10-21,2024-10-22,Same Day,CUST-272,Consumer,Hauts-de-France,Office Supplies,Envelopes,118.71,1,0.0,30.42
CMD-2024-11896,2025-01-05,2025-01-07,Same Day,CUST-119,Corporate,Occitanie,Office Supplies,Binders,593.02,1,0.3,98.21
CMD-2024-11897,2024-07-04,2024-07-06,Second Class,CUST-728,Home Office,Nouvelle-Aquitaine,Technology,Accessories,36.83,3,0.0,13.25
CMD-2024-11898,2024-09-02,2024-09-04,Same Day,CUST-602,Consumer,Hauts-de-France,Technology,Phones,116.93,5,0.1,33.5
CMD-2024-11899,2025-09-28,2025-09-29,Standard Class,CUST-665,Consumer,Hauts-de-France,Furniture,Tables,286.54,5,0.0,108.1
CMD-2024-11900,2024-09-24,2024-09-27,First Class,CUST-326,Corporate,Occitanie,Technology,Copiers,71.36,7,0.2,-0.84
CMD-2024-11901,2025-10-04,2025-10-08,Second Class,CUST-208,Consumer,Nouvelle-Aquitaine,Technology,Copiers,250.03,8,0.1,30.24
CMD-2024-11902,2024-08-24,2024-08-28,Same Day,CUST-419,Consumer,Occitanie,Office Supplies,Art,54.46,2,0.2,6.39
CMD-2024-11903,2025-06-13,2025-06-18,Standard Class,CUST-407,Consumer,Occitanie,Technology,Machines,27.67,7,0.0,7.21
CMD-2024-11904,2025-07-05,2025-07-10,Standard Class,CUST-186,Corporate,Île-de-France,Office Supplies,Paper,43.38,6,0.0,11.85
CMD-2024-11905,2024-01-21,2024-01-24,Second Class,CUST-327,Home Office,Nouvelle-Aquitaine,Technology,Copiers,599.99,2,0.1,176.66
CMD-2024-11906,2025-06-03,2025-06-05,Second Class,CUST-409,Corporate,Hauts-de-France,Office Supplies,Storage,191.53,7,0.5,-56.62
CMD-2024-11907,2024-04-09,2024-04-12,Same Day,CUST-478,Home Office,Occitanie,Office Supplies,Storage,365.09,5,0.0,127.11
CMD-2024-11908,2025-04-22,2025-04-27,First Class,CUST-682,Consumer,Auvergne-Rhône-Alpes,Technology,Copiers,103.98,2,0.0,15.6
CMD-2024-11909,2025-08-21,2025-08-26,Standard Class,CUST-484,Home Office,Nouvelle-Aquitaine,Furniture,Chairs,212.58,5,0.0,35.91
CMD-2024-11910,2024-10-24,2024-10-28,Standard Class,CUST-212,Corporate,Auvergne-Rhône-Alpes,Technology,Machines,165.28,4,0.1,30.16
CMD-2024-11911,2025-06-09,2025-06-12,Second Class,CUST-392,Corporate,Hauts-de-France,Office Supplies,Art,656.06,3,0.0,263.92
CMD-2024-11912,2024-11-29,2024-11-30,Standard Class,CUST-404,Corporate,Nouvelle-Aquitaine,Office Supplies,Paper,317.86,2,0.3,-24.32
CMD-2024-11913,2024-01-02,2024-01-07,Second Class,CUST-390,Consumer,Île-de-France,Furniture,Bookcases,303.5,5,0.0,96.02
CMD-2024-11914,2025-01-09,2025-01-13,First Class,CUST-204,Home Office,Nouvelle-Aquitaine,Furniture,Chairs,25.44,2,0.0,8.99
CMD-2024-11915,2024-10-19,2024-10-21,Second Class,CUST-390,Corporate,Hauts-de-France,Technology,Accessories,190.51,8,0.0,41.69
CMD-2024-11916,2025-07-06,2025-07-09,First Class,CUST-576,Corporate,Île-de-France,Office Supplies,Art,153.43,8,0.1,32.79
CMD-2024-11917,2024-11-13,2024-11-18,Same Day,CUST-620,Corporate,Hauts-de-France,Furniture,Chairs,593.36,6,0.2,144.44
CMD-2024-11918,2025-05-16,2025-05-17,Second Class,CUST-776,Consumer,Nouvelle-Aquitaine,Technology,Accessories,80.45,3,0.0,24.43
CMD-2024-11919,2025-01-15,2025-01-20,Same Day,CUST-159,Corporate,Hauts-de-France,Furniture,Tables,84.19,4,0.5,-21.28
CMD-2024-11920,2025-09-14,2025-09-15,First Class,CUST-411,Consumer,Nouvelle-Aquitaine,Technology,Machines,131.58,1,0.0,44.52
CMD-2024-11921,2024-01-14,2024-01-17,Standard Class,CUST-205,Consumer,Île-de-France,Office Supplies,Envelopes,76.35,8,0.2,11.27
CMD-2024-11922,2025-05-18,2025-05-19,Same Day,CUST-722,Corporate,Nouvelle-Aquitaine,Technology,Accessories,45.43,1,0.1,3.09
CMD-2024-11923,2024-08-18,2024-08-19,Second Class,CUST-188,Consumer,Hauts-de-France,Furniture,Tables,443.52,2,0.0,78.58
CMD-2024-11924,2024-03-24,2024-03-28,Second Class,CUST-367,Consumer,Hauts-de-France,Technology,Accessories,194.76,5,0.3,-14.21
CMD-2024-11925,2024-05-09,2024-05-12,Same Day,CUST-682,Corporate,Hauts-de-France,Technology,Phones,449.7,6,0.3,-35.58
CMD-2024-11926,2024-05-24,2024-05-29,Same Day,CUST-218,Corporate,Auvergne-Rhône-Alpes,Furniture,Chairs,406.3,8,0.0,92.57
CMD-2024-11927,2024-01-28,2024-01-30,Same Day,CUST-544,Home Office,Auvergne-Rhône-Alpes,Office Supplies,Binders,87.9,3,0.1,17.25
CMD-2024-11928,2024-03-06,2024-03-09,Second Class,CUST-528,Corporate,Auvergne-Rhône-Alpes,Office Supplies,Envelopes,189.57,4,0.0,49.58
CMD-2024-11929,2024-06-11,2024-06-14,Same Day,CUST-450,Home Office,Occitanie,Technology,Accessories,34.11,4,0.2,8.09
CMD-2024-11930,2024-08-16,2024-08-18,Same Day,CUST-405,Home Office,Nouvelle-Aquitaine,Technology,Phones,557.98,8,0.0,186.16
CMD-2024-11931,2024-09-17,2024-09-22,First Class,CUST-714,Home Office,Auvergne-Rhône-Alpes,Office Supplies,Envelopes,128.95,8,0.3,18.42
CMD-2024-11932,2025-03-24,2025-03-28,Same Day,CUST-301,Corporate,Hauts-de-France,Furniture,Bookcases,125.08,7,0.0,38.54
CMD-2024-11933,2025-02-27,2025-03-04,Same Day,CUST-122,Home Office,Hauts-de-France,Technology,Machines,94.34,4,0.0,16.69
CMD-2024-11934,2025-04-04,2025-04-06,Second Class,CUST-189,Home Office,Auvergne-Rhône-Alpes,Office Supplies,Art,150.83,1,0.0,43.59
CMD-2024-11935,2025-11-06,2025-11-11,Second Class,CUST-570,Home Office,Auvergne-Rhône-Alpes,Office Supplies,Storage,78.81,3,0.0,31.26
CMD-2024-11936,2024-10-27,2024-10-30,Standard Class,CUST-192,Corporate,Hauts-de-France,Office Supplies,Paper,118.35,7,0.1,13.99
CMD-2024-11937,2024-10-29,2024-11-02,Second Class,CUST-384,Corporate,Auvergne-Rhône-Alpes,Office Supplies,Art,369.02,1,0.0,65.45
CMD-2024-11938,2024-10-13,2024-10-14,Second Class,CUST-782,Corporate,Occitanie,Office Supplies,Envelopes,410.41,2,0.2,28.25
CMD-2024-11939,2025-01-29,2025-02-03,Second Class,CUST-408,Corporate,Occitanie,Technology,Phones,94.79,4,0.0,25.28
CMD-2024-11940,2024-01-10,2024-01-11,Second Class,CUST-635,Consumer,Occitanie,Technology,Accessories,154.26,3,0.2,9.55
CMD-2024-11941,2025-12-07,2025-12-11,Same Day,CUST-475,Corporate,Île-de-France,Furniture,Tables,470.41,8,0.1,47.31
CMD-2024-11942,2025-09-21,2025-09-22,Standard Class,CUST-598,Home Office,Occitanie,Furniture,Furnishings,26.9,4,0.7,-10.89
CMD-2024-11943,2024-09-26,2024-10-01,Second Class,CUST-735,Corporate,Hauts-de-France,Furniture,Chairs,498.9,1,0.7,-137.35
CMD-2024-11944,2025-08-14,2025-08-16,Same Day,CUST-241,Consumer,Île-de-France,Furniture,Furnishings,69.43,1,0.3,-0.29
CMD-2024-11945,2025-08-27,2025-08-30,Second Class,CUST-151,Consumer,Hauts-de-France,Furniture,Tables,264.67,1,0.2,42.28
CMD-2024-11946,2024-12-26,2024-12-29,Standard Class,CUST-169,Consumer,Hauts-de-France,Furniture,Chairs,207.19,4,0.0,64.41
CMD-2024-11947,2024-09-13,2024-09-14,First Class,CUST-359,Corporate,Auvergne-Rhône-Alpes,Technology,Accessories,192.11,3,0.2,25.88
CMD-2024-11948,2024-05-12,2024-05-15,First Class,CUST-797,Consumer,Nouvelle-Aquitaine,Technology,Machines,446.54,3,0.5,-100.67
CMD-2024-11949,2024-10-02,2024-10-05,Standard Class,CUST-392,Consumer,Occitanie,Furniture,Furnishings,38.56,2,0.0,11.82
CMD-2024-11950,2025-11-13,2025-11-15,Same Day,CUST-477,Consumer,Nouvelle-Aquitaine,Office Supplies,Storage,108.77,4,0.1,7.3
CMD-2024-11951,2025-05-27,2025-05-28,Same Day,CUST-138,Corporate,Nouvelle-Aquitaine,Technology,Accessories,185.0,2,0.0,51.71
CMD-2024-11952,2024-11-08,2024-11-10,Standard Class,CUST-447,Consumer,Auvergne-Rhône-Alpes,Furniture,Tables,381.86,6,0.1,88.51
CMD-2024-11953,2025-07-29,2025-07-31,First Class,CUST-677,Consumer,Nouvelle-Aquitaine,Office Supplies,Art,68.66,2,0.1,7.87
CMD-2024-11954,2024-10-10,2024-10-14,Second Class,CUST-624,Home Office,Occitanie,Furniture,Furnishings,372.32,2,0.1,51.0
CMD-2024-11955,2024-04-30,2024-05-01,First Class,CUST-605,Home Office,Île-de-France,Technology,Machines,127.25,2,0.1,16.02
CMD-2024-11956,2024-04-16,2024-04-18,Second Class,CUST-481,Home Office,Hauts-de-France,Furniture,Bookcases,61.06,8,0.5,-17.03
CMD-2024-11957,2025-11-17,2025-11-22,Standard Class,CUST-524,Consumer,Occitanie,Technology,Copiers,328.04,1,0.1,53.92
CMD-2024-11958,2024-07-22,2024-07-25,Standard Class,CUST-535,Home Office,Auvergne-Rhône-Alpes,Office Supplies,Art,35.97,6,0.3,6.25
CMD-2024-11959,2024-06-13,2024-06-14,Standard Class,CUST-744,Corporate,Île-de-France,Technology,Machines,174.09,7,0.0,44.6
CMD-2024-11960,2024-10-31,2024-11-04,First Class,CUST-421,Home Office,Auvergne-Rhône-Alpes,Office Supplies,Envelopes,29.52,8,0.0,8.51
CMD-2024-11961,2025-05-11,2025-05-13,Standard Class,CUST-689,Corporate,Occitanie,Technology,Accessories,111.96,2,0.1,28.65
CMD-2024-11962,2025-09-23,2025-09-28,First Class,CUST-349,Home Office,Hauts-de-France,Furniture,Bookcases,217.18,3,0.0,74.83
CMD-2024-11963,2025-07-09,2025-07-12,Same Day,CUST-279,Home Office,Nouvelle-Aquitaine,Furniture,Tables,193.68,2,0.0,84.24
CMD-2024-11964,2024-06-04,2024-06-07,Second Class,CUST-788,Home Office,Nouvelle-Aquitaine,Technology,Machines,129.1,1,0.1,40.96
CMD-2024-11965,2025-01-01,2025-01-06,Second Class,CUST-128,Corporate,Auvergne-Rhône-Alpes,Furniture,Bookcases,138.3,8,0.1,41.24
CMD-2024-11966,2025-12-19,2025-12-20,Second Class,CUST-595,Corporate,Île-de-France,Technology,Copiers,71.58,5,0.1,24.73
CMD-2024-11967,2025-09-11,2025-09-14,Standard Class,CUST-777,Home Office,Hauts-de-France,Technology,Phones,148.89,7,0.0,32.64
CMD-2024-11968,2024-09-07,2024-09-10,Second Class,CUST-425,Corporate,Auvergne-Rhône-Alpes,Furniture,Chairs,688.87,6,0.0,230.85
CMD-2024-11969,2024-11-29,2024-12-02,Standard Class,CUST-747,Home Office,Hauts-de-France,Technology,Copiers,433.03,5,0.1,141.24
CMD-2024-11970,2025-10-03,2025-10-05,First Class,CUST-286,Consumer,Auvergne-Rhône-Alpes,Office Supplies,Paper,49.52,5,0.0,16.7
CMD-2024-11971,2025-05-25,2025-05-27,Standard Class,CUST-154,Consumer,Île-de-France,Furniture,Tables,21.65,6,0.0,9.6
CMD-2024-11972,2024-10-19,2024-10-22,Second Class,CUST-613,Consumer,Occitanie,Furniture,Bookcases,611.4,4,0.0,110.12
CMD-2024-11973,2024-01-20,2024-01-24,Standard Class,CUST-509,Corporate,Nouvelle-Aquitaine,Technology,Machines,179.59,7,0.0,50.61
CMD-2024-11974,2024-10-08,2024-10-11,Standard Class,CUST-116,Consumer,Hauts-de-France,Furniture,Tables,184.8,8,0.0,81.9
CMD-2024-11975,2024-01-01,2024-01-02,First Class,CUST-670,Home Office,Hauts-de-France,Office Supplies,Art,348.83,7,0.0,92.05
CMD-2024-11976,2024-04-28,2024-05-02,Standard Class,CUST-187,Home Office,Île-de-France,Technology,Machines,98.13,3,0.0,36.49
CMD-2024-11977,2024-02-04,2024-02-05,Second Class,CUST-322,Corporate,Hauts-de-France,Office Supplies,Art,159.67,1,0.2,-3.33
CMD-2024-11978,2024-07-16,2024-07-21,Standard Class,CUST-157,Home Office,Occitanie,Technology,Copiers,776.85,6,0.0,278.46
CMD-2024-11979,2025-04-29,2025-05-04,Same Day,CUST-661,Consumer,Occitanie,Office Supplies,Storage,260.34,8,0.0,112.05
CMD-2024-11980,2024-02-28,2024-03-01,Standard Class,CUST-329,Home Office,Île-de-France,Technology,Phones,51.73,5,0.5,-9.58
CMD-2024-11981,2024-06-09,2024-06-11,Same Day,CUST-253,Corporate,Auvergne-Rhône-Alpes,Office Supplies,Binders,46.46,1,0.2,-1.1
CMD-2024-11982,2025-11-21,2025-11-23,Second Class,CUST-372,Home Office,Auvergne-Rhône-Alpes,Furniture,Furnishings,65.27,1,0.0,10.34
CMD-2024-11983,2024-07-24,2024-07-29,Same Day,CUST-145,Home Office,Hauts-de-France,Technology,Accessories,335.21,4,0.5,-10.86
CMD-2024-11984,2024-01-12,2024-01-13,Same Day,CUST-551,Consumer,Hauts-de-France,Technology,Accessories,92.02,5,0.0,33.75
CMD-2024-11985,2025-05-04,2025-05-08,Same Day,CUST-405,Corporate,Île-de-France,Furniture,Bookcases,19.76,2,0.0,3.6
CMD-2024-11986,2024-10-02,2024-10-04,Same Day,CUST-526,Consumer,Occitanie,Office Supplies,Envelopes,649.81,1,0.7,-301.27
CMD-2024-11987,2025-11-23,2025-11-28,Same Day,CUST-217,Home Office,Île-de-France,Technology,Phones,55.92,5,0.3,6.79
CMD-2024-11988,2024-08-29,2024-08-31,Standard Class,CUST-787,Corporate,Auvergne-Rhône-Alpes,Technology,Copiers,17.11,7,0.1,5.18
CMD-2024-11989,2024-08-03,2024-08-06,First Class,CUST-679,Home Office,Occitanie,Furniture,Furnishings,74.55,1,0.2,0.46
CMD-2024-11990,2024-09-07,2024-09-11,Same Day,CUST-350,Home Office,Hauts-de-France,Furniture,Chairs,73.94,4,0.2,4.47
CMD-2024-11991,2024-05-05,2024-05-06,Second Class,CUST-502,Consumer,Auvergne-Rhône-Alpes,Furniture,Tables,135.6,4,0.0,52.07
CMD-2024-11992,2024-08-04,2024-08-06,Second Class,CUST-299,Home Office,Nouvelle-Aquitaine,Office Supplies,Art,571.73,2,0.0,175.88
CMD-2024-11993,2024-11-01,2024-11-04,Standard Class,CUST-245,Corporate,Auvergne-Rhône-Alpes,Technology,Accessories,479.97,4,0.1,166.54
CMD-2024-11994,2024-07-03,2024-07-06,First Class,CUST-150,Corporate,Occitanie,Office Supplies,Paper,149.3,8,0.5,-23.24
CMD-2024-11995,2024-02-08,2024-02-12,First Class,CUST-467,Consumer,Occitanie,Furniture,Tables,131.42,5,0.0,46.4
CMD-2024-11996,2024-08-10,2024-08-15,Same Day,CUST-797,Consumer,Île-de-France,Technology,Machines,193.13,6,0.2,23.74
CMD-2024-11997,2024-07-02,2024-07-07,Second Class,CUST-419,Corporate,Occitanie,Office Supplies,Paper,76.38,4,0.0,33.06
CMD-2024-11998,2025-05-09,2025-05-11,Second Class,CUST-298,Consumer,Nouvelle-Aquitaine,Furniture,Furnishings,26.79,6,0.1,4.81
CMD-2024-11999,2025-03-02,2025-03-04,Standard Class,CUST-540,Home Office,Nouvelle-Aquitaine,Technology,Accessories,631.12,2,0.1,81.38
CMD-2024-12000,2024-06-26,2024-07-01,Same Day,CUST-244,Corporate,Occitanie,Furniture,Furnishings,60.46,7,0.2,4.11
CMD-2024-12001,2025-03-03,2025-03-04,Second Class,CUST-158,Consumer,Hauts-de-France,Technology,Copiers,63.65,3,0.0,25.83
CMD-2024-12002,2024-10-20,2024-10-21,Same Day,CUST-242,Corporate,Occitanie,Furniture,Tables,155.7,1,0.0,46.61
CMD-2024-12003,2024-05-30,2024-06-02,First Class,CUST-322,Home Office,Hauts-de-France,Office Supplies,Storage,163.83,8,0.1,27.24
CMD-2024-12004,2025-01-18,2025-01-22,Same Day,CUST-199,Consumer,Occitanie,Technology,Phones,19.09,1,0.0,5.98
CMD-2024-12005,2025-09-29,2025-09-30,Same Day,CUST-125,Corporate,Auvergne-Rhône-Alpes,Furniture,Furnishings,50.23,5,0.0,9.54
CMD-2024-12006,2024-11-03,2024-11-05,Standard Class,CUST-531,Home Office,Occitanie,Office Supplies,Storage,119.51,2,0.2,-3.39
CMD-2024-12007,2024-12-01,2024-12-02,Standard Class,CUST-625,Consumer,Auvergne-Rhône-Alpes,Office Supplies,Storage,268.26,2,0.1,38.68
CMD-2024-12008,2025-01-09,2025-01-13,First Class,CUST-221,Corporate,Hauts-de-France,Furniture,Chairs,72.05,2,0.0,23.88
CMD-2024-12009,2024-01-08,2024-01-10,First Class,CUST-564,Home Office,Occitanie,Furniture,Chairs,135.99,1,0.1,37.19
CMD-2024-12010,2024-12-06,2024-12-10,Same Day,CUST-364,Home Office,Hauts-de-France,Furniture,Bookcases,194.29,4,0.5,-10.11
CMD-2024-12011,2024-05-08,2024-05-13,Second Class,CUST-106,Home Office,Nouvelle-Aquitaine,Office Supplies,Storage,497.8,1,0.0,213.06
CMD-2024-12012,2025-10-30,2025-11-03,Same Day,CUST-319,Home Office,Île-de-France,Office Supplies,Art,101.82,1,0.1,18.7
CMD-2024-12013,2024-12-17,2024-12-21,First Class,CUST-794,Home Office,Hauts-de-France,Technology,Copiers,46.54,1,0.0,17.32
CMD-2024-12014,2024-12-23,2024-12-27,Standard Class,CUST-495,Consumer,Auvergne-Rhône-Alpes,Furniture,Chairs,162.82,7,0.0,28.07
CMD-2024-12015,2025-05-31,2025-06-02,Standard Class,CUST-556,Home Office,Île-de-France,Furniture,Bookcases,317.12,7,0.0,53.04
CMD-2024-12016,2025-05-09,2025-05-13,First Class,CUST-207,Consumer,Occitanie,Office Supplies,Binders,40.6,4,0.0,7.61
CMD-2024-12017,2024-03-26,2024-03-30,Same Day,CUST-591,Consumer,Auvergne-Rhône-Alpes,Furniture,Bookcases,136.62,3,0.3,1.99
CMD-2024-12018,2024-06-23,2024-06-26,Second Class,CUST-735,Corporate,Île-de-France,Office Supplies,Paper,18.95,5,0.0,4.04
CMD-2024-12019,2024-07-11,2024-07-13,Standard Class,CUST-781,Corporate,Île-de-France,Office Supplies,Envelopes,22.51,3,0.1,3.29
CMD-2024-12020,2024-11-06,2024-11-10,Same Day,CUST-559,Consumer,Hauts-de-France,Technology,Machines,160.12,3,0.0,55.14
CMD-2024-12021,2024-04-28,2024-04-29,Second Class,CUST-108,Home Office,Occitanie,Technology,Copiers,92.9,1,0.0,23.93
CMD-2024-12022,2024-08-05,2024-08-09,First Class,CUST-466,Home Office,Occitanie,Furniture,Bookcases,425.3,8,0.1,96.63
CMD-2024-12023,2025-03-02,2025-03-03,Same Day,CUST-224,Consumer,Occitanie,Technology,Machines,217.77,3,0.2,20.41
CMD-2024-12024,2025-02-17,2025-02-22,Second Class,CUST-261,Home Office,Hauts-de-France,Technology,Accessories,148.1,1,0.3,-10.26
CMD-2024-12025,2024-04-23,2024-04-28,Same Day,CUST-135,Consumer,Hauts-de-France,Technology,Phones,130.31,1,0.3,-12.74
CMD-2024-12026,2024-05-24,2024-05-26,Standard Class,CUST-103,Corporate,Occitanie,Office Supplies,Paper,166.28,5,0.0,36.73
CMD-2024-12027,2025-06-21,2025-06-23,First Class,CUST-512,Home Office,Île-de-France,Office Supplies,Binders,24.08,2,0.2,-0.31
CMD-2024-12028,2025-10-09,2025-10-14,Standard Class,CUST-186,Home Office,Occitanie,Furniture,Chairs,506.26,1,0.0,169.89
CMD-2024-12029,2024-10-29,2024-10-31,Standard Class,CUST-582,Home Office,Hauts-de-France,Furniture,Chairs,1418.38,7,0.2,296.04
CMD-2024-12030,2025-08-10,2025-08-11,Same Day,CUST-702,Corporate,Occitanie,Technology,Copiers,59.06,3,0.5,-11.7
CMD-2024-12031,2024-12-10,2024-12-11,First Class,CUST-157,Home Office,Hauts-de-France,Office Supplies,Paper,43.22,5,0.0,11.5
CMD-2024-12032,2024-01-01,2024-01-04,Same Day,CUST-239,Consumer,Occitanie,Office Supplies,Binders,49.1,6,0.0,19.39
CMD-2024-12033,2024-05-26,2024-05-28,Second Class,CUST-271,Home Office,Île-de-France,Furniture,Furnishings,253.0,6,0.1,32.08
CMD-2024-12034,2024-10-13,2024-10-15,First Class,CUST-359,Consumer,Île-de-France,Technology,Accessories,253.27,6,0.2,1.46
CMD-2024-12035,2025-10-15,2025-10-18,Standard Class,CUST-594,Home Office,Hauts-de-France,Technology,Copiers,429.34,3,0.0,128.95
CMD-2024-12036,2024-02-22,2024-02-26,Standard Class,CUST-124,Consumer,Hauts-de-France,Technology,Machines,321.6,2,0.7,-92.02
CMD-2024-12037,2024-10-30,2024-10-31,Standard Class,CUST-297,Corporate,Auvergne-Rhône-Alpes,Furniture,Chairs,146.4,4,0.1,35.12
CMD-2024-12038,2024-03-09,2024-03-13,Same Day,CUST-678,Home Office,Nouvelle-Aquitaine,Office Supplies,Art,223.77,8,0.0,81.49
CMD-2024-12039,2024-12-26,2024-12-29,Same Day,CUST-522,Corporate,Auvergne-Rhône-Alpes,Office Supplies,Paper,271.45,2,0.0,45.34
CMD-2024-12040,2025-08-24,2025-08-26,Same Day,CUST-217,Corporate,Hauts-de-France,Furniture,Furnishings,173.17,8,0.2,17.05
CMD-2024-12041,2024-08-07,2024-08-11,First Class,CUST-105,Home Office,Hauts-de-France,Office Supplies,Storage,157.03,5,0.0,34.79
CMD-2024-12042,2025-12-04,2025-12-06,First Class,CUST-196,Home Office,Occitanie,Office Supplies,Envelopes,242.9,2,0.0,91.75
CMD-2024-12043,2025-07-28,2025-07-31,First Class,CUST-171,Consumer,Auvergne-Rhône-Alpes,Technology,Machines,194.36,6,0.1,62.55
CMD-2024-12044,2025-08-07,2025-08-12,First Class,CUST-531,Home Office,Nouvelle-Aquitaine,Furniture,Chairs,242.19,2,0.1,34.97
CMD-2024-12045,2024-06-09,2024-06-11,Second Class,CUST-479,Home Office,Auvergne-Rhône-Alpes,Office Supplies,Binders,223.77,5,0.2,-0.32
CMD-2024-12046,2025-11-11,2025-11-15,Standard Class,CUST-649,Consumer,Île-de-France,Technology,Machines,294.42,5,0.0,66.55
CMD-2024-12047,2024-03-29,2024-04-02,Same Day,CUST-155,Consumer,Île-de-France,Office Supplies,Envelopes,241.48,6,0.2,0.29
CMD-2024-12048,2025-11-18,2025-11-21,Same Day,CUST-714,Home Office,Auvergne-Rhône-Alpes,Office Supplies,Storage,176.36,7,0.7,-67.59
CMD-2024-12049,2025-08-07,2025-08-11,Second Class,CUST-202,Home Office,Auvergne-Rhône-Alpes,Office Supplies,Art,266.91,3,0.0,83.13
CMD-2024-12050,2025-08-11,2025-08-12,Standard Class,CUST-315,Home Office,Hauts-de-France,Office Supplies,Binders,146.32,8,0.2,38.35
CMD-2024-12051,2024-06-07,2024-06-09,Standard Class,CUST-120,Corporate,Occitanie,Office Supplies,Art,75.86,1,0.5,-13.67
CMD-2024-12052,2025-05-03,2025-05-04,Second Class,CUST-726,Corporate,Île-de-France,Office Supplies,Storage,15.31,4,0.2,0.55
CMD-2024-12053,2024-11-19,2024-11-22,First Class,CUST-309,Home Office,Nouvelle-Aquitaine,Technology,Machines,195.6,4,0.2,3.92
CMD-2024-12054,2025-09-01,2025-09-02,Standard Class,CUST-390,Consumer,Occitanie,Technology,Phones,211.5,6,0.0,42.7
CMD-2024-12055,2025-01-15,2025-01-16,First Class,CUST-287,Home Office,Auvergne-Rhône-Alpes,Technology,Copiers,802.01,7,0.1,94.46
CMD-2024-12056,2024-04-11,2024-04-13,Second Class,CUST-250,Home Office,Île-de-France,Office Supplies,Storage,113.69,4,0.1,32.82
CMD-2024-12057,2025-05-08,2025-05-10,Same Day,CUST-290,Corporate,Auvergne-Rhône-Alpes,Technology,Phones,125.24,2,0.2,-1.46
CMD-2024-12058,2025-10-05,2025-10-10,Same Day,CUST-506,Home Office,Île-de-France,Technology,Phones,64.59,5,0.7,-11.68
CMD-2024-12059,2025-09-05,2025-09-06,Same Day,CUST-313,Home Office,Nouvelle-Aquitaine,Technology,Phones,31.09,8,0.0,9.54
CMD-2024-12060,2024-01-19,2024-01-21,Same Day,CUST-653,Corporate,Occitanie,Office Supplies,Art,341.03,7,0.0,106.84
CMD-2024-12061,2025-03-29,2025-03-30,Standard Class,CUST-577,Corporate,Nouvelle-Aquitaine,Office Supplies,Envelopes,78.2,5,0.0,20.12
CMD-2024-12062,2025-04-26,2025-04-27,First Class,CUST-293,Consumer,Nouvelle-Aquitaine,Office Supplies,Binders,221.54,6,0.2,39.23
CMD-2024-12063,2025-08-16,2025-08-19,Same Day,CUST-349,Consumer,Occitanie,Furniture,Furnishings,271.09,5,0.0,79.01
CMD-2024-12064,2025-01-31,2025-02-03,Same Day,CUST-692,Consumer,Occitanie,Office Supplies,Envelopes,155.19,8,0.1,24.63
CMD-2024-12065,2024-10-05,2024-10-06,Same Day,CUST-140,Home Office,Nouvelle-Aquitaine,Office Supplies,Storage,474.87,1,0.0,109.0
CMD-2024-12066,2024-12-30,2025-01-02,Second Class,CUST-469,Consumer,Auvergne-Rhône-Alpes,Furniture,Tables,144.06,5,0.1,48.65
CMD-2024-12067,2024-11-26,2024-11-28,Standard Class,CUST-119,Corporate,Occitanie,Furniture,Furnishings,88.78,5,0.0,21.07
CMD-2024-12068,2025-10-02,2025-10-03,Second Class,CUST-108,Consumer,Nouvelle-Aquitaine,Technology,Accessories,512.97,7,0.3,5.6
CMD-2024-12069,2024-12-09,2024-12-12,First Class,CUST-735,Home Office,Nouvelle-Aquitaine,Office Supplies,Art,450.02,8,0.1,74.3
CMD-2024-12070,2025-03-30,2025-04-01,Same Day,CUST-302,Home Office,Nouvelle-Aquitaine,Furniture,Chairs,54.42,2,0.5,-14.92
CMD-2024-12071,2025-08-23,2025-08-24,Standard Class,CUST-689,Consumer,Auvergne-Rhône-Alpes,Furniture,Furnishings,20.79,3,0.1,2.41
CMD-2024-12072,2025-12-25,2025-12-26,Standard Class,CUST-117,Home Office,Hauts-de-France,Office Supplies,Storage,35.74,4,0.0,7.39
CMD-2024-12073,2025-10-16,2025-10-19,Standard Class,CUST-418,Home Office,Hauts-de-France,Technology,Phones,89.28,2,0.0,31.97
CMD-2024-12074,2024-03-05,2024-03-07,Second Class,CUST-381,Home Office,Occitanie,Technology,Copiers,803.67,2,0.7,-287.73
CMD-2024-12075,2024-03-16,2024-03-17,Second Class,CUST-575,Consumer,Hauts-de-France,Furniture,Bookcases,194.88,2,0.2,39.87
CMD-2024-12076,2025-12-11,2025-12-12,Second Class,CUST-351,Home Office,Île-de-France,Technology,Machines,117.79,4,0.0,42.72
CMD-2024-12077,2024-05-22,2024-05-27,Second Class,CUST-439,Consumer,Occitanie,Office Supplies,Storage,498.05,6,0.2,13.75
CMD-2024-12078,2025-08-27,2025-08-28,First Class,CUST-561,Consumer,Occitanie,Furniture,Tables,147.78,2,0.0,47.12
CMD-2024-12079,2025-04-17,2025-04-22,Same Day,CUST-730,Home Office,Nouvelle-Aquitaine,Furniture,Chairs,98.31,3,0.0,36.66
CMD-2024-12080,2025-02-20,2025-02-25,Same Day,CUST-500,Consumer,Île-de-France,Furniture,Tables,638.47,6,0.0,217.02
CMD-2024-12081,2024-10-31,2024-11-02,Second Class,CUST-470,Consumer,Hauts-de-France,Furniture,Furnishings,431.66,5,0.3,25.9
CMD-2024-12082,2025-05-11,2025-05-15,Second Class,CUST-381,Home Office,Occitanie,Furniture,Furnishings,423.27,3,0.0,157.41
CMD-2024-12083,2024-10-17,2024-10-22,Second Class,CUST-489,Home Office,Île-de-France,Office Supplies,Binders,172.97,7,0.0,28.89
CMD-2024-12084,2024-04-11,2024-04-13,First Class,CUST-436,Consumer,Auvergne-Rhône-Alpes,Office Supplies,Storage,357.75,8,0.0,132.16
CMD-2024-12085,2024-09-23,2024-09-26,First Class,CUST-444,Corporate,Auvergne-Rhône-Alpes,Office Supplies,Art,58.49,6,0.0,13.56
CMD-2024-12086,2025-09-13,2025-09-18,Standard Class,CUST-618,Corporate,Nouvelle-Aquitaine,Office Supplies,Storage,202.33,5,0.1,46.85
CMD-2024-12087,2024-01-03,2024-01-07,Same Day,CUST-372,Corporate,Île-de-France,Technology,Accessories,922.63,5,0.0,205.46
CMD-2024-12088,2024-03-25,2024-03-28,Second Class,CUST-352,Corporate,Occitanie,Furniture,Bookcases,90.65,2,0.0,36.41
CMD-2024-12089,2024-11-23,2024-11-28,Standard Class,CUST-739,Consumer,Auvergne-Rhône-Alpes,Office Supplies,Binders,362.95,2,0.5,-56.56
CMD-2024-12090,2025-03-25,2025-03-30,Same Day,CUST-473,Home Office,Auvergne-Rhône-Alpes,Furniture,Chairs,163.34,4,0.0,56.01
CMD-2024-12091,2025-03-29,2025-04-02,Standard Class,CUST-703,Corporate,Hauts-de-France,Technology,Machines,23.94,1,0.0,9.29
CMD-2024-12092,2025-09-20,2025-09-21,First Class,CUST-105,Home Office,Hauts-de-France,Furniture,Tables,331.75,3,0.1,109.01
CMD-2024-12093,2024-08-08,2024-08-12,First Class,CUST-513,Corporate,Île-de-France,Technology,Copiers,55.61,4,0.1,15.55
CMD-2024-12094,2024-06-02,2024-06-04,Standard Class,CUST-685,Corporate,Hauts-de-France,Technology,Phones,234.61,4,0.3,-17.68
CMD-2024-12095,2025-10-26,2025-10-28,Standard Class,CUST-597,Corporate,Île-de-France,Office Supplies,Art,34.7,3,0.0,14.1
CMD-2024-12096,2024-01-12,2024-01-16,Same Day,CUST-155,Home Office,Occitanie,Furniture,Furnishings,660.69,8,0.3,43.32
CMD-2024-12097,2024-05-12,2024-05-16,Second Class,CUST-497,Home Office,Occitanie,Technology,Accessories,90.88,6,0.2,13.89
CMD-2024-12098,2024-10-30,2024-11-03,Same Day,CUST-337,Corporate,Occitanie,Office Supplies,Binders,71.49,7,0.2,17.62
CMD-2024-12099,2024-10-19,2024-10-23,Same Day,CUST-589,Home Office,Hauts-de-France,Office Supplies,Paper,45.42,3,0.0,10.2
CMD-2024-12100,2024-10-26,2024-10-30,First Class,CUST-121,Corporate,Hauts-de-France,Furniture,Furnishings,657.14,5,0.0,145.8
CMD-2024-12101,2024-02-12,2024-02-17,First Class,CUST-540,Consumer,Nouvelle-Aquitaine,Technology,Accessories,288.78,7,0.1,61.79
CMD-2024-12102,2024-12-08,2024-12-11,Standard Class,CUST-140,Home Office,Auvergne-Rhône-Alpes,Office Supplies,Envelopes,312.77,8,0.3,32.92
CMD-2024-12103,2024-11-21,2024-11-23,First Class,CUST-357,Corporate,Occitanie,Office Supplies,Art,167.23,1,0.1,32.47
CMD-2024-12104,2025-05-12,2025-05-14,Same Day,CUST-550,Consumer,Hauts-de-France,Office Supplies,Storage,156.64,8,0.0,53.28
CMD-2024-12105,2024-12-29,2025-01-01,Standard Class,CUST-147,Consumer,Auvergne-Rhône-Alpes,Office Supplies,Paper,40.64,6,0.0,11.61
CMD-2024-12106,2025-03-02,2025-03-06,Standard Class,CUST-602,Corporate,Occitanie,Office Supplies,Binders,195.54,2,0.2,29.94
CMD-2024-12107,2024-01-21,2024-01-24,First Class,CUST-238,Consumer,Occitanie,Technology,Machines,77.39,1,0.2,16.77
CMD-2024-12108,2025-02-10,2025-02-14,Second Class,CUST-301,Consumer,Auvergne-Rhône-Alpes,Office Supplies,Binders,846.29,1,0.0,172.76
CMD-2024-12109,2025-09-10,2025-09-12,First Class,CUST-751,Corporate,Auvergne-Rhône-Alpes,Technology,Machines,365.35,8,0.0,131.02
CMD-2024-12110,2024-12-01,2024-12-02,Standard Class,CUST-608,Consumer,Hauts-de-France,Office Supplies,Envelopes,132.2,2,0.0,51.06
CMD-2024-12111,2024-04-26,2024-04-28,Standard Class,CUST-753,Consumer,Auvergne-Rhône-Alpes,Furniture,Tables,51.1,1,0.1,9.92
CMD-2024-12112,2024-05-03,2024-05-05,Second Class,CUST-385,Corporate,Auvergne-Rhône-Alpes,Technology,Phones,353.51,6,0.2,23.67
CMD-2024-12113,2025-02-02,2025-02-03,Same Day,CUST-332,Corporate,Hauts-de-France,Furniture,Tables,43.64,6,0.3,-5.06
CMD-2024-12114,2025-12-15,2025-12-18,Standard Class,CUST-415,Consumer,Occitanie,Technology,Accessories,61.18,6,0.1,18.3
CMD-2024-12115,2024-02-20,2024-02-25,Second Class,CUST-560,Home Office,Auvergne-Rhône-Alpes,Technology,Machines,67.28,4,0.0,16.71
CMD-2024-12116,2024-11-19,2024-11-23,Same Day,CUST-769,Corporate,Nouvelle-Aquitaine,Furniture,Bookcases,194.07,4,0.2,14.98
CMD-2024-12117,2024-05-20,2024-05-24,First Class,CUST-649,Home Office,Île-de-France,Technology,Copiers,355.28,6,0.7,-134.72
CMD-2024-12118,2025-04-14,2025-04-16,Second Class,CUST-686,Corporate,Auvergne-Rhône-Alpes,Office Supplies,Envelopes,98.01,2,0.5,-14.74
CMD-2024-12119,2024-11-29,2024-11-30,Same Day,CUST-420,Home Office,Auvergne-Rhône-Alpes,Technology,Machines,34.46,2,0.3,3.13
CMD-2024-12120,2025-01-07,2025-01-09,Standard Class,CUST-274,Corporate,Île-de-France,Office Supplies,Paper,152.42,3,0.0,58.16
CMD-2024-12121,2025-07-17,2025-07-19,Standard Class,CUST-138,Consumer,Nouvelle-Aquitaine,Office Supplies,Binders,318.33,3,0.2,27.94
CMD-2024-12122,2025-05-08,2025-05-11,Second Class,CUST-532,Consumer,Occitanie,Office Supplies,Binders,70.13,8,0.3,5.54
CMD-2024-12123,2025-06-22,2025-06-26,First Class,CUST-584,Home Office,Nouvelle-Aquitaine,Furniture,Furnishings,69.64,6,0.2,12.97
CMD-2024-12124,2025-10-30,2025-11-04,Second Class,CUST-684,Home Office,Île-de-France,Office Supplies,Storage,662.19,7,0.0,158.31
CMD-2024-12125,2024-06-04,2024-06-05,Standard Class,CUST-157,Corporate,Auvergne-Rhône-Alpes,Technology,Machines,693.14,1,0.5,-187.85
CMD-2024-12126,2024-10-17,2024-10-22,Same Day,CUST-595,Corporate,Occitanie,Technology,Phones,1038.63,1,0.1,341.09
CMD-2024-12127,2025-10-09,2025-10-10,First Class,CUST-700,Home Office,Nouvelle-Aquitaine,Furniture,Furnishings,377.67,2,0.0,133.37
CMD-2024-12128,2024-05-23,2024-05-27,Same Day,CUST-233,Home Office,Nouvelle-Aquitaine,Technology,Accessories,60.87,7,0.0,20.97
CMD-2024-12129,2024-04-15,2024-04-18,Second Class,CUST-754,Consumer,Occitanie,Office Supplies,Art,67.41,1,0.1,5.24
CMD-2024-12130,2025-02-23,2025-02-28,Second Class,CUST-608,Home Office,Nouvelle-Aquitaine,Technology,Phones,106.49,8,0.0,42.1
CMD-2024-12131,2025-10-31,2025-11-01,Same Day,CUST-706,Consumer,Île-de-France,Office Supplies,Envelopes,99.24,5,0.0,31.74
CMD-2024-12132,2025-10-19,2025-10-21,Same Day,CUST-255,Home Office,Occitanie,Office Supplies,Binders,704.84,4,0.2,158.14
CMD-2024-12133,2024-01-02,2024-01-06,Same Day,CUST-300,Consumer,Île-de-France,Technology,Accessories,357.37,1,0.2,93.76
CMD-2024-12134,2025-08-11,2025-08-14,Second Class,CUST-598,Consumer,Occitanie,Furniture,Chairs,298.22,1,0.2,76.68
CMD-2024-12135,2025-10-05,2025-10-07,Same Day,CUST-501,Consumer,Île-de-France,Technology,Machines,60.26,3,0.0,24.52
CMD-2024-12136,2024-03-30,2024-04-02,Standard Class,CUST-595,Corporate,Auvergne-Rhône-Alpes,Furniture,Tables,543.59,5,0.2,-14.52
CMD-2024-12137,2024-12-10,2024-12-11,Same Day,CUST-587,Consumer,Auvergne-Rhône-Alpes,Technology,Phones,402.09,1,0.0,167.16
CMD-2024-12138,2024-12-15,2024-12-17,Standard Class,CUST-259,Home Office,Nouvelle-Aquitaine,Office Supplies,Storage,54.31,4,0.0,9.37
CMD-2024-12139,2025-04-03,2025-04-06,Standard Class,CUST-310,Home Office,Occitanie,Office Supplies,Storage,465.84,8,0.0,188.83
CMD-2024-12140,2024-09-19,2024-09-23,Same Day,CUST-552,Home Office,Occitanie,Technology,Accessories,84.91,1,0.3,-3.05
CMD-2024-12141,2024-12-16,2024-12-21,First Class,CUST-783,Corporate,Île-de-France,Technology,Machines,33.55,2,0.0,11.17
CMD-2024-12142,2024-04-17,2024-04-22,First Class,CUST-169,Consumer,Nouvelle-Aquitaine,Office Supplies,Paper,250.29,5,0.0,40.4
CMD-2024-12143,2025-08-08,2025-08-10,First Class,CUST-413,Corporate,Nouvelle-Aquitaine,Technology,Copiers,248.37,1,0.0,94.72
CMD-2024-12144,2024-02-08,2024-02-12,Standard Class,CUST-530,Consumer,Occitanie,Office Supplies,Binders,36.94,7,0.1,3.45
CMD-2024-12145,2024-06-07,2024-06-11,First Class,CUST-481,Home Office,Auvergne-Rhône-Alpes,Furniture,Tables,99.47,5,0.5,-17.59
CMD-2024-12146,2025-08-05,2025-08-08,First Class,CUST-756,Consumer,Occitanie,Furniture,Furnishings,1100.85,1,0.5,-60.29
CMD-2024-12147,2024-11-07,2024-11-09,Same Day,CUST-266,Corporate,Occitanie,Office Supplies,Binders,264.6,4,0.0,94.89
CMD-2024-12148,2024-08-28,2024-09-01,Second Class,CUST-490,Corporate,Hauts-de-France,Furniture,Chairs,303.11,8,0.0,46.02
CMD-2024-12149,2025-03-20,2025-03-23,Standard Class,CUST-418,Corporate,Île-de-France,Office Supplies,Art,67.67,8,0.0,18.33
CMD-2024-12150,2024-10-24,2024-10-28,Second Class,CUST-216,Corporate,Île-de-France,Office Supplies,Art,33.05,4,0.2,-0.58
CMD-2024-12151,2024-02-05,2024-02-07,Standard Class,CUST-796,Home Office,Hauts-de-France,Technology,Phones,86.33,5,0.0,30.39
CMD-2024-12152,2024-03-24,2024-03-28,Standard Class,CUST-611,Corporate,Nouvelle-Aquitaine,Technology,Phones,77.97,6,0.0,34.36
CMD-2024-12153,2025-03-27,2025-03-31,First Class,CUST-302,Corporate,Île-de-France,Office Supplies,Storage,73.8,3,0.1,18.94
CMD-2024-12154,2025-01-19,2025-01-23,Same Day,CUST-261,Corporate,Nouvelle-Aquitaine,Office Supplies,Storage,62.11,3,0.0,13.5
CMD-2024-12155,2024-06-20,2024-06-25,Second Class,CUST-561,Home Office,Auvergne-Rhône-Alpes,Technology,Machines,203.12,2,0.0,52.11
CMD-2024-12156,2025-01-10,2025-01-11,Second Class,CUST-799,Consumer,Nouvelle-Aquitaine,Office Supplies,Paper,102.48,6,0.0,45.4
CMD-2024-12157,2025-11-15,2025-11-17,First Class,CUST-654,Home Office,Île-de-France,Furniture,Chairs,392.68,3,0.0,85.3
CMD-2024-12158,2024-12-27,2025-01-01,Second Class,CUST-300,Home Office,Nouvelle-Aquitaine,Technology,Accessories,59.72,5,0.1,13.64
CMD-2024-12159,2025-07-12,2025-07-13,Second Class,CUST-330,Home Office,Auvergne-Rhône-Alpes,Office Supplies,Art,152.45,3,0.7,-54.86
CMD-2024-12160,2024-05-20,2024-05-24,Standard Class,CUST-615,Consumer,Hauts-de-France,Technology,Copiers,18.03,2,0.0,6.86
CMD-2024-12161,2024-04-27,2024-05-01,Same Day,CUST-305,Corporate,Île-de-France,Office Supplies,Storage,159.58,1,0.0,65.46
CMD-2024-12162,2024-10-03,2024-10-08,Same Day,CUST-430,Home Office,Auvergne-Rhône-Alpes,Technology,Accessories,27.64,3,0.5,-5.47
CMD-2024-12163,2025-12-26,2025-12-29,Second Class,CUST-705,Corporate,Occitanie,Furniture,Tables,851.93,5,0.3,66.55
CMD-2024-12164,2024-08-07,2024-08-09,Second Class,CUST-446,Corporate,Hauts-de-France,Technology,Phones,358.96,5,0.0,112.97
CMD-2024-12165,2024-01-26,2024-01-27,Standard Class,CUST-448,Consumer,Hauts-de-France,Furniture,Furnishings,163.18,2,0.2,8.74
CMD-2024-12166,2025-06-04,2025-06-08,First Class,CUST-259,Consumer,Île-de-France,Office Supplies,Envelopes,34.92,8,0.0,8.09
CMD-2024-12167,2024-01-10,2024-01-12,Standard Class,CUST-724,Home Office,Auvergne-Rhône-Alpes,Technology,Accessories,212.47,7,0.2,27.96
CMD-2024-12168,2025-01-12,2025-01-16,First Class,CUST-351,Consumer,Occitanie,Furniture,Tables,327.84,2,0.7,-142.22
CMD-2024-12169,2025-09-24,2025-09-28,First Class,CUST-321,Consumer,Auvergne-Rhône-Alpes,Furniture,Furnishings,61.55,7,0.1,18.66
CMD-2024-12170,2025-09-28,2025-10-02,Standard Class,CUST-705,Consumer,Nouvelle-Aquitaine,Technology,Copiers,199.76,4,0.1,16.12
CMD-2024-12171,2025-11-12,2025-11-14,Same Day,CUST-493,Corporate,Île-de-France,Office Supplies,Envelopes,385.29,4,0.0,68.73
CMD-2024-12172,2025-08-06,2025-08-11,Standard Class,CUST-495,Consumer,Nouvelle-Aquitaine,Technology,Copiers,336.66,8,0.1,54.76
CMD-2024-12173,2024-05-31,2024-06-02,First Class,CUST-266,Home Office,Nouvelle-Aquitaine,Furniture,Tables,372.39,4,0.1,35.54
CMD-2024-12174,2025-12-20,2025-12-22,Same Day,CUST-551,Consumer,Hauts-de-France,Furniture,Chairs,480.22,7,0.2,54.13
CMD-2024-12175,2024-02-18,2024-02-21,Same Day,CUST-237,Home Office,Hauts-de-France,Furniture,Chairs,625.61,1,0.0,168.85
CMD-2024-12176,2024-06-02,2024-06-05,Standard Class,CUST-309,Home Office,Nouvelle-Aquitaine,Technology,Phones,129.42,5,0.1,35.79
CMD-2024-12177,2024-10-19,2024-10-24,Same Day,CUST-684,Consumer,Auvergne-Rhône-Alpes,Furniture,Chairs,200.04,8,0.1,69.19
CMD-2024-12178,2025-08-02,2025-08-05,Same Day,CUST-313,Corporate,Île-de-France,Furniture,Furnishings,359.03,4,0.0,135.02
CMD-2024-12179,2024-02-19,2024-02-24,Standard Class,CUST-459,Home Office,Île-de-France,Office Supplies,Storage,277.79,5,0.0,56.62
CMD-2024-12180,2025-10-25,2025-10-29,Second Class,CUST-762,Home Office,Auvergne-Rhône-Alpes,Office Supplies,Art,1204.8,2,0.0,518.85
CMD-2024-12181,2025-06-14,2025-06-18,Same Day,CUST-334,Home Office,Nouvelle-Aquitaine,Furniture,Tables,18.03,8,0.2,1.58
CMD-2024-12182,2025-09-03,2025-09-05,Standard Class,CUST-496,Consumer,Île-de-France,Technology,Accessories,111.52,1,0.1,22.56
CMD-2024-12183,2024-02-29,2024-03-04,Standard Class,CUST-403,Home Office,Hauts-de-France,Technology,Copiers,87.59,2,0.3,0.57
CMD-2024-12184,2024-06-15,2024-06-18,Second Class,CUST-208,Consumer,Occitanie,Technology,Phones,81.93,5,0.0,19.19
CMD-2024-12185,2024-07-20,2024-07-21,Same Day,CUST-489,Home Office,Hauts-de-France,Technology,Phones,70.38,6,0.5,-2.22
CMD-2024-12186,2024-05-25,2024-05-27,First Class,CUST-219,Corporate,Auvergne-Rhône-Alpes,Furniture,Tables,286.67,7,0.2,19.97
CMD-2024-12187,2025-11-06,2025-11-11,First Class,CUST-709,Home Office,Occitanie,Technology,Phones,34.49,6,0.0,11.16
CMD-2024-12188,2025-03-14,2025-03-18,Same Day,CUST-309,Consumer,Île-de-France,Technology,Machines,312.72,4,0.0,69.43
CMD-2024-12189,2024-08-29,2024-08-31,Same Day,CUST-526,Consumer,Île-de-France,Technology,Copiers,275.11,6,0.0,107.08
CMD-2024-12190,2025-08-03,2025-08-05,Standard Class,CUST-643,Home Office,Occitanie,Technology,Phones,78.53,2,0.5,-5.32
CMD-2024-12191,2025-11-17,2025-11-19,Standard Class,CUST-429,Consumer,Île-de-France,Technology,Phones,79.12,8,0.0,18.9
CMD-2024-12192,2025-07-14,2025-07-18,First Class,CUST-325,Corporate,Occitanie,Technology,Machines,233.06,7,0.0,82.61
CMD-2024-12193,2025-04-27,2025-05-02,Same Day,CUST-734,Consumer,Nouvelle-Aquitaine,Furniture,Bookcases,330.96,6,0.0,119.53
CMD-2024-12194,2024-04-17,2024-04-19,Standard Class,CUST-246,Home Office,Auvergne-Rhône-Alpes,Furniture,Furnishings,475.11,3,0.3,23.16
CMD-2024-12195,2024-08-13,2024-08-15,First Class,CUST-439,Corporate,Hauts-de-France,Technology,Accessories,435.53,1,0.0,143.8
CMD-2024-12196,2025-11-03,2025-11-05,First Class,CUST-663,Consumer,Occitanie,Furniture,Tables,751.8,5,0.0,242.33
CMD-2024-12197,2025-09-22,2025-09-26,Second Class,CUST-279,Home Office,Occitanie,Technology,Phones,206.58,8,0.0,36.06
CMD-2024-12198,2025-10-22,2025-10-25,Same Day,CUST-389,Consumer,Nouvelle-Aquitaine,Technology,Copiers,541.49,7,0.0,190.11
CMD-2024-12199,2025-10-23,2025-10-28,Second Class,CUST-286,Home Office,Hauts-de-France,Technology,Accessories,378.65,8,0.0,110.16
CMD-2024-12200,2025-03-07,2025-03-09,Standard Class,CUST-585,Consumer,Nouvelle-Aquitaine,Furniture,Furnishings,510.14,4,0.1,97.71
CMD-2024-12201,2025-10-16,2025-10-18,Standard Class,CUST-436,Consumer,Nouvelle-Aquitaine,Office Supplies,Binders,17.57,2,0.3,2.42
CMD-2024-12202,2025-02-22,2025-02-24,First Class,CUST-207,Corporate,Auvergne-Rhône-Alpes,Technology,Machines,758.28,1,0.3,-85.71
CMD-2024-12203,2025-03-30,2025-04-03,Standard Class,CUST-225,Corporate,Île-de-France,Technology,Phones,156.14,4,0.2,7.09
CMD-2024-12204,2024-06-08,2024-06-11,Second Class,CUST-133,Consumer,Hauts-de-France,Office Supplies,Storage,367.09,2,0.0,68.43
CMD-2024-12205,2025-06-06,2025-06-08,Same Day,CUST-537,Home Office,Nouvelle-Aquitaine,Technology,Machines,44.93,6,0.2,-0.87
CMD-2024-12206,2025-10-11,2025-10-13,First Class,CUST-375,Home Office,Île-de-France,Technology,Accessories,125.9,7,0.0,29.3
CMD-2024-12207,2025-08-12,2025-08-16,First Class,CUST-593,Consumer,Île-de-France,Office Supplies,Paper,84.68,5,0.0,37.81
CMD-2024-12208,2024-03-17,2024-03-22,Standard Class,CUST-281,Consumer,Île-de-France,Office Supplies,Storage,90.86,7,0.5,-19.89
CMD-2024-12209,2025-05-23,2025-05-28,First Class,CUST-338,Corporate,Île-de-France,Furniture,Furnishings,43.94,3,0.3,3.48
CMD-2024-12210,2025-03-16,2025-03-19,First Class,CUST-447,Consumer,Auvergne-Rhône-Alpes,Furniture,Tables,375.51,8,0.1,35.86
CMD-2024-12211,2024-09-10,2024-09-15,Same Day,CUST-245,Consumer,Auvergne-Rhône-Alpes,Technology,Accessories,17.04,3,0.3,1.03
CMD-2024-12212,2024-11-15,2024-11-17,First Class,CUST-143,Home Office,Nouvelle-Aquitaine,Technology,Phones,97.43,8,0.7,-17.99
CMD-2024-12213,2024-09-19,2024-09-23,Same Day,CUST-598,Corporate,Île-de-France,Furniture,Furnishings,57.16,7,0.1,8.43
CMD-2024-12214,2025-08-19,2025-08-21,Second Class,CUST-394,Corporate,Nouvelle-Aquitaine,Technology,Accessories,210.64,6,0.1,66.23
CMD-2024-12215,2025-10-19,2025-10-21,First Class,CUST-630,Consumer,Occitanie,Furniture,Tables,79.54,5,0.2,21.42
CMD-2024-12216,2025-07-07,2025-07-10,Second Class,CUST-310,Corporate,Auvergne-Rhône-Alpes,Office Supplies,Envelopes,80.95,1,0.0,26.44
CMD-2024-12217,2025-01-08,2025-01-13,Same Day,CUST-501,Home Office,Auvergne-Rhône-Alpes,Office Supplies,Paper,162.42,5,0.0,39.44
CMD-2024-12218,2025-09-28,2025-10-03,First Class,CUST-330,Consumer,Hauts-de-France,Technology,Machines,247.66,6,0.2,42.61
CMD-2024-12219,2024-06-15,2024-06-20,Standard Class,CUST-438,Consumer,Occitanie,Furniture,Chairs,43.45,2,0.0,17.53
CMD-2024-12220,2025-04-03,2025-04-05,Standard Class,CUST-104,Home Office,Auvergne-Rhône-Alpes,Furniture,Tables,57.46,7,0.0,11.57
CMD-2024-12221,2024-10-06,2024-10-10,First Class,CUST-410,Corporate,Île-de-France,Office Supplies,Art,77.46,7,0.0,22.13
CMD-2024-12222,2025-11-30,2025-12-04,Same Day,CUST-261,Corporate,Île-de-France,Technology,Copiers,815.8,7,0.0,200.49
CMD-2024-12223,2024-10-28,2024-10-30,Standard Class,CUST-315,Home Office,Île-de-France,Technology,Copiers,126.34,7,0.5,-27.16
CMD-2024-12224,2025-06-14,2025-06-15,Second Class,CUST-711,Home Office,Nouvelle-Aquitaine,Technology,Machines,216.03,1,0.2,49.31
CMD-2024-12225,2025-08-02,2025-08-04,Same Day,CUST-270,Home Office,Auvergne-Rhône-Alpes,Technology,Copiers,75.82,3,0.1,14.14
CMD-2024-12226,2024-08-05,2024-08-10,Same Day,CUST-351,Home Office,Nouvelle-Aquitaine,Technology,Machines,163.33,6,0.5,-32.38
CMD-2024-12227,2024-04-11,2024-04-13,First Class,CUST-780,Corporate,Auvergne-Rhône-Alpes,Office Supplies,Envelopes,31.94,2,0.5,-3.8
CMD-2024-12228,2025-07-07,2025-07-08,Second Class,CUST-137,Corporate,Hauts-de-France,Office Supplies,Art,22.78,6,0.1,2.87
CMD-2024-12229,2024-10-14,2024-10-16,Same Day,CUST-327,Home Office,Nouvelle-Aquitaine,Technology,Accessories,154.15,4,0.5,-35.61
CMD-2024-12230,2024-06-15,2024-06-20,First Class,CUST-736,Home Office,Auvergne-Rhône-Alpes,Furniture,Furnishings,126.89,4,0.0,38.84
CMD-2024-12231,2025-09-12,2025-09-15,Second Class,CUST-377,Consumer,Hauts-de-France,Technology,Accessories,47.38,4,0.0,12.92
CMD-2024-12232,2024-02-05,2024-02-09,Same Day,CUST-384,Consumer,Auvergne-Rhône-Alpes,Office Supplies,Paper,270.96,3,0.0,64.62
CMD-2024-12233,2024-12-18,2024-12-19,Standard Class,CUST-609,Corporate,Occitanie,Office Supplies,Art,1103.59,5,0.2,-15.25
CMD-2024-12234,2025-11-06,2025-11-09,Second Class,CUST-748,Consumer,Nouvelle-Aquitaine,Office Supplies,Binders,125.79,1,0.1,27.2
CMD-2024-12235,2024-03-13,2024-03-17,Same Day,CUST-465,Consumer,Île-de-France,Office Supplies,Art,230.52,7,0.2,49.56
CMD-2024-12236,2025-10-09,2025-10-12,Second Class,CUST-719,Consumer,Hauts-de-France,Technology,Machines,740.16,3,0.2,166.84
CMD-2024-12237,2024-12-18,2024-12-20,Standard Class,CUST-167,Corporate,Hauts-de-France,Technology,Phones,406.83,8,0.0,89.76
CMD-2024-12238,2024-03-10,2024-03-12,Same Day,CUST-203,Consumer,Île-de-France,Furniture,Tables,152.01,2,0.0,50.15
CMD-2024-12239,2025-02-28,2025-03-04,Standard Class,CUST-500,Home Office,Hauts-de-France,Office Supplies,Envelopes,309.24,2,0.1,97.96
CMD-2024-12240,2025-12-08,2025-12-12,First Class,CUST-345,Corporate,Île-de-France,Technology,Phones,45.17,4,0.0,12.31
CMD-2024-12241,2025-07-14,2025-07-16,First Class,CUST-776,Consumer,Île-de-France,Technology,Accessories,172.88,8,0.1,58.72
CMD-2024-12242,2025-10-03,2025-10-05,Same Day,CUST-291,Corporate,Auvergne-Rhône-Alpes,Office Supplies,Art,86.98,1,0.1,28.78
CMD-2024-12243,2025-05-31,2025-06-04,Same Day,CUST-743,Consumer,Nouvelle-Aquitaine,Technology,Phones,53.66,4,0.1,6.57
CMD-2024-12244,2025-03-03,2025-03-07,Second Class,CUST-395,Corporate,Occitanie,Furniture,Chairs,137.24,2,0.0,31.25
CMD-2024-12245,2025-06-22,2025-06-26,Same Day,CUST-243,Home Office,Hauts-de-France,Office Supplies,Envelopes,45.89,2,0.1,5.24
CMD-2024-12246,2024-06-08,2024-06-13,First Class,CUST-125,Consumer,Auvergne-Rhône-Alpes,Technology,Machines,279.13,7,0.3,-17.08
CMD-2024-12247,2024-05-28,2024-06-02,Same Day,CUST-350,Consumer,Occitanie,Technology,Phones,149.03,5,0.7,-30.94
CMD-2024-12248,2024-08-17,2024-08-19,Second Class,CUST-706,Corporate,Occitanie,Office Supplies,Paper,181.64,7,0.3,28.94
CMD-2024-12249,2025-12-12,2025-12-17,First Class,CUST-714,Home Office,Hauts-de-France,Furniture,Furnishings,49.82,5,0.1,3.76
CMD-2024-12250,2025-07-15,2025-07-16,Same Day,CUST-292,Consumer,Hauts-de-France,Office Supplies,Envelopes,48.12,7,0.0,15.79
CMD-2024-12251,2024-03-07,2024-03-09,Standard Class,CUST-480,Home Office,Auvergne-Rhône-Alpes,Technology,Accessories,207.65,5,0.2,28.92
CMD-2024-12252,2025-01-15,2025-01-16,Standard Class,CUST-101,Consumer,Hauts-de-France,Technology,Phones,939.08,4,0.5,-171.7
CMD-2024-12253,2024-02-27,2024-03-01,Standard Class,CUST-702,Home Office,Occitanie,Office Supplies,Paper,37.26,6,0.0,12.65
CMD-2024-12254,2024-09-15,2024-09-16,Standard Class,CUST-144,Consumer,Hauts-de-France,Furniture,Tables,89.03,8,0.0,38.66
CMD-2024-12255,2024-12-07,2024-12-10,Second Class,CUST-102,Corporate,Auvergne-Rhône-Alpes,Technology,Phones,462.94,1,0.0,93.09
CMD-2024-12256,2024-05-09,2024-05-10,Standard Class,CUST-548,Corporate,Auvergne-Rhône-Alpes,Office Supplies,Art,31.5,5,0.2,0.19
CMD-2024-12257,2025-12-27,2025-12-30,Standard Class,CUST-675,Home Office,Auvergne-Rhône-Alpes,Technology,Machines,474.04,3,0.0,75.85
CMD-2024-12258,2024-06-20,2024-06-23,Same Day,CUST-234,Consumer,Hauts-de-France,Technology,Accessories,178.45,5,0.0,46.25
CMD-2024-12259,2025-09-05,2025-09-07,Standard Class,CUST-390,Consumer,Nouvelle-Aquitaine,Technology,Machines,130.43,4,0.3,-2.44
CMD-2024-12260,2024-07-27,2024-07-31,Standard Class,CUST-377,Home Office,Auvergne-Rhône-Alpes,Furniture,Furnishings,96.53,1,0.1,18.27
CMD-2024-12261,2024-12-19,2024-12-23,Same Day,CUST-275,Consumer,Nouvelle-Aquitaine,Furniture,Furnishings,92.56,5,0.0,27.86
CMD-2024-12262,2025-04-15,2025-04-17,First Class,CUST-381,Corporate,Île-de-France,Furniture,Bookcases,95.3,7,0.0,35.96
CMD-2024-12263,2024-04-25,2024-04-28,Second Class,CUST-219,Consumer,Auvergne-Rhône-Alpes,Office Supplies,Storage,490.44,1,0.0,131.26
CMD-2024-12264,2024-09-20,2024-09-24,Second Class,CUST-273,Corporate,Nouvelle-Aquitaine,Office Supplies,Paper,298.05,3,0.1,47.44
CMD-2024-12265,2025-10-23,2025-10-27,First Class,CUST-538,Home Office,Nouvelle-Aquitaine,Technology,Accessories,258.72,2,0.0,102.99
CMD-2024-12266,2025-03-17,2025-03-18,Same Day,CUST-558,Consumer,Occitanie,Technology,Phones,367.7,7,0.1,115.8
CMD-2024-12267,2025-07-01,2025-07-06,First Class,CUST-729,Home Office,Nouvelle-Aquitaine,Technology,Accessories,80.39,1,0.2,3.2
CMD-2024-12268,2025-03-28,2025-03-30,Second Class,CUST-440,Corporate,Occitanie,Technology,Accessories,226.74,6,0.2,14.6
CMD-2024-12269,2025-04-21,2025-04-26,Second Class,CUST-796,Home Office,Nouvelle-Aquitaine,Office Supplies,Art,150.59,5,0.0,59.86
CMD-2024-12270,2024-10-13,2024-10-16,First Class,CUST-220,Home Office,Nouvelle-Aquitaine,Office Supplies,Storage,350.56,7,0.1,29.38
CMD-2024-12271,2024-10-29,2024-10-30,Standard Class,CUST-674,Consumer,Île-de-France,Office Supplies,Art,96.4,4,0.3,-2.14
CMD-2024-12272,2024-11-06,2024-11-10,Second Class,CUST-760,Home Office,Nouvelle-Aquitaine,Technology,Copiers,241.71,6,0.0,68.77
CMD-2024-12273,2024-07-26,2024-07-27,First Class,CUST-592,Home Office,Hauts-de-France,Technology,Copiers,485.55,8,0.0,100.08
CMD-2024-12274,2025-09-09,2025-09-11,Standard Class,CUST-375,Consumer,Hauts-de-France,Furniture,Tables,128.17,8,0.1,14.61
CMD-2024-12275,2025-03-21,2025-03-24,Standard Class,CUST-128,Home Office,Hauts-de-France,Technology,Machines,30.17,6,0.1,5.66
CMD-2024-12276,2025-10-31,2025-11-01,Same Day,CUST-784,Corporate,Île-de-France,Furniture,Furnishings,174.67,4,0.0,65.74
CMD-2024-12277,2025-09-24,2025-09-25,First Class,CUST-343,Consumer,Nouvelle-Aquitaine,Office Supplies,Envelopes,108.41,4,0.2,24.07
CMD-2024-12278,2024-02-24,2024-02-25,Second Class,CUST-420,Corporate,Île-de-France,Furniture,Chairs,260.39,8,0.1,92.12
CMD-2024-12279,2024-01-12,2024-01-16,Same Day,CUST-742,Consumer,Nouvelle-Aquitaine,Office Supplies,Storage,678.65,4,0.5,-188.53
CMD-2024-12280,2025-10-18,2025-10-21,Second Class,CUST-451,Home Office,Occitanie,Furniture,Furnishings,161.25,6,0.0,34.67
CMD-2024-12281,2025-02-03,2025-02-07,Standard Class,CUST-631,Corporate,Île-de-France,Technology,Phones,153.1,1,0.2,30.16
CMD-2024-12282,2025-10-09,2025-10-10,First Class,CUST-180,Corporate,Hauts-de-France,Furniture,Chairs,248.86,4,0.0,77.69
CMD-2024-12283,2025-05-29,2025-06-02,Standard Class,CUST-392,Corporate,Hauts-de-France,Technology,Phones,39.04,2,0.1,6.18
CMD-2024-12284,2025-10-17,2025-10-21,Standard Class,CUST-393,Home Office,Hauts-de-France,Technology,Accessories,79.32,6,0.1,9.65
CMD-2024-12285,2025-06-25,2025-06-27,Standard Class,CUST-596,Corporate,Nouvelle-Aquitaine,Furniture,Bookcases,567.87,6,0.0,132.96
CMD-2024-12286,2024-08-24,2024-08-29,First Class,CUST-557,Corporate,Nouvelle-Aquitaine,Office Supplies,Paper,258.87,6,0.3,2.27
CMD-2024-12287,2024-10-05,2024-10-10,Same Day,CUST-781,Home Office,Île-de-France,Technology,Machines,17.98,3,0.0,3.65
CMD-2024-12288,2024-12-13,2024-12-15,Second Class,CUST-657,Home Office,Auvergne-Rhône-Alpes,Furniture,Furnishings,65.37,1,0.1,22.83
CMD-2024-12289,2025-09-18,2025-09-20,Standard Class,CUST-159,Home Office,Nouvelle-Aquitaine,Office Supplies,Binders,267.63,1,0.0,48.78
CMD-2024-12290,2024-04-13,2024-04-17,Second Class,CUST-707,Corporate,Auvergne-Rhône-Alpes,Office Supplies,Storage,333.04,4,0.2,88.48
CMD-2024-12291,2025-09-21,2025-09-25,Second Class,CUST-642,Corporate,Auvergne-Rhône-Alpes,Office Supplies,Storage,417.97,6,0.0,168.26
CMD-2024-12292,2025-05-31,2025-06-03,Same Day,CUST-479,Corporate,Nouvelle-Aquitaine,Technology,Machines,91.02,7,0.3,0.63
CMD-2024-12293,2024-09-04,2024-09-09,First Class,CUST-423,Consumer,Île-de-France,Office Supplies,Art,603.29,6,0.3,61.5
CMD-2024-12294,2024-12-29,2025-01-02,Second Class,CUST-727,Corporate,Auvergne-Rhône-Alpes,Technology,Machines,192.12,4,0.3,15.65
CMD-2024-12295,2024-11-16,2024-11-19,Same Day,CUST-161,Corporate,Île-de-France,Furniture,Chairs,277.35,1,0.0,59.35
CMD-2024-12296,2025-09-24,2025-09-29,Second Class,CUST-245,Consumer,Île-de-France,Technology,Phones,214.8,8,0.1,34.74
CMD-2024-12297,2024-10-12,2024-10-15,Standard Class,CUST-461,Consumer,Nouvelle-Aquitaine,Furniture,Bookcases,43.81,4,0.0,13.32
CMD-2024-12298,2024-05-28,2024-05-31,Same Day,CUST-152,Corporate,Auvergne-Rhône-Alpes,Technology,Machines,740.99,8,0.3,52.87
CMD-2024-12299,2024-03-24,2024-03-26,First Class,CUST-501,Consumer,Île-de-France,Furniture,Tables,43.84,4,0.2,5.82
CMD-2024-12300,2025-02-09,2025-02-10,First Class,CUST-662,Corporate,Auvergne-Rhône-Alpes,Technology,Copiers,79.73,4,0.1,16.1
CMD-2024-12301,2025-03-31,2025-04-01,Standard Class,CUST-780,Home Office,Île-de-France,Technology,Machines,384.6,4,0.2,39.59
CMD-2024-12302,2024-06-09,2024-06-10,Standard Class,CUST-548,Home Office,Nouvelle-Aquitaine,Furniture,Bookcases,227.06,4,0.0,68.0
CMD-2024-12303,2025-04-04,2025-04-07,Second Class,CUST-182,Home Office,Île-de-France,Office Supplies,Binders,415.64,5,0.1,79.1
CMD-2024-12304,2025-07-03,2025-07-07,Same Day,CUST-478,Home Office,Nouvelle-Aquitaine,Office Supplies,Storage,174.53,5,0.0,54.52
CMD-2024-12305,2025-05-14,2025-05-15,Same Day,CUST-745,Consumer,Nouvelle-Aquitaine,Technology,Phones,119.1,6,0.7,-25.44
CMD-2024-12306,2025-05-23,2025-05-27,Same Day,CUST-557,Corporate,Auvergne-Rhône-Alpes,Office Supplies,Envelopes,575.79,6,0.3,40.22
CMD-2024-12307,2025-10-15,2025-10-20,Same Day,CUST-180,Consumer,Auvergne-Rhône-Alpes,Office Supplies,Storage,23.12,7,0.2,4.32
CMD-2024-12308,2025-04-25,2025-04-26,Second Class,CUST-613,Home Office,Auvergne-Rhône-Alpes,Technology,Machines,441.55,7,0.5,-53.32
CMD-2024-12309,2025-10-24,2025-10-27,Same Day,CUST-408,Home Office,Occitanie,Technology,Phones,72.73,5,0.0,24.94
CMD-2024-12310,2024-04-23,2024-04-25,Same Day,CUST-593,Corporate,Auvergne-Rhône-Alpes,Office Supplies,Art,430.52,1,0.5,-54.46
CMD-2024-12311,2025-07-31,2025-08-03,First Class,CUST-335,Consumer,Auvergne-Rhône-Alpes,Office Supplies,Envelopes,47.98,3,0.0,7.58
CMD-2024-12312,2024-12-26,2024-12-30,First Class,CUST-767,Home Office,Île-de-France,Furniture,Furnishings,205.96,1,0.2,55.58
CMD-2024-12313,2024-12-06,2024-12-11,Second Class,CUST-136,Consumer,Occitanie,Furniture,Furnishings,496.85,7,0.2,-9.9
CMD-2024-12314,2025-03-24,2025-03-27,Standard Class,CUST-756,Corporate,Occitanie,Furniture,Bookcases,156.15,6,0.0,41.93
CMD-2024-12315,2024-06-28,2024-06-30,First Class,CUST-424,Corporate,Île-de-France,Technology,Machines,316.98,5,0.0,57.54
CMD-2024-12316,2025-12-02,2025-12-04,Standard Class,CUST-155,Consumer,Auvergne-Rhône-Alpes,Office Supplies,Envelopes,374.28,1,0.0,67.03
CMD-2024-12317,2025-02-10,2025-02-15,Second Class,CUST-220,Corporate,Hauts-de-France,Office Supplies,Art,308.41,3,0.7,-74.62
CMD-2024-12318,2025-10-27,2025-10-28,First Class,CUST-413,Consumer,Nouvelle-Aquitaine,Technology,Accessories,585.83,8,0.0,162.73
CMD-2024-12319,2024-07-14,2024-07-17,First Class,CUST-310,Consumer,Occitanie,Office Supplies,Binders,145.26,4,0.1,43.63
CMD-2024-12320,2025-04-10,2025-04-13,Second Class,CUST-202,Consumer,Île-de-France,Technology,Machines,56.82,2,0.2,2.95
CMD-2024-12321,2024-11-06,2024-11-08,Same Day,CUST-538,Home Office,Hauts-de-France,Office Supplies,Binders,25.78,5,0.0,5.85
CMD-2024-12322,2024-09-18,2024-09-22,Second Class,CUST-137,Home Office,Nouvelle-Aquitaine,Furniture,Tables,77.25,5,0.1,10.46
CMD-2024-12323,2025-02-22,2025-02-25,Standard Class,CUST-719,Consumer,Hauts-de-France,Technology,Phones,49.0,3,0.1,12.0
CMD-2024-12324,2025-02-09,2025-02-11,Standard Class,CUST-513,Corporate,Auvergne-Rhône-Alpes,Furniture,Bookcases,194.59,4,0.0,76.77
CMD-2024-12325,2024-05-22,2024-05-26,Same Day,CUST-323,Corporate,Île-de-France,Furniture,Tables,59.99,4,0.2,6.34
CMD-2024-12326,2024-12-07,2024-12-08,Second Class,CUST-392,Home Office,Nouvelle-Aquitaine,Technology,Accessories,23.74,2,0.0,6.26
CMD-2024-12327,2024-11-11,2024-11-12,Second Class,CUST-795,Consumer,Nouvelle-Aquitaine,Furniture,Bookcases,23.06,8,0.0,10.19
CMD-2024-12328,2024-04-10,2024-04-12,Same Day,CUST-254,Home Office,Auvergne-Rhône-Alpes,Furniture,Bookcases,406.87,4,0.1,38.66
CMD-2024-12329,2024-08-31,2024-09-02,Second Class,CUST-131,Consumer,Auvergne-Rhône-Alpes,Office Supplies,Binders,211.93,8,0.0,62.73
CMD-2024-12330,2025-05-04,2025-05-05,First Class,CUST-333,Corporate,Auvergne-Rhône-Alpes,Technology,Machines,112.53,3,0.5,-19.97
CMD-2024-12331,2024-01-12,2024-01-14,Second Class,CUST-588,Corporate,Île-de-France,Furniture,Tables,509.22,8,0.3,-46.12
CMD-2024-12332,2024-08-26,2024-08-31,First Class,CUST-669,Home Office,Occitanie,Technology,Machines,31.01,6,0.1,4.36
CMD-2024-12333,2025-07-14,2025-07-17,Second Class,CUST-432,Corporate,Hauts-de-France,Office Supplies,Art,879.22,4,0.0,139.38
CMD-2024-12334,2024-02-11,2024-02-16,First Class,CUST-774,Consumer,Île-de-France,Technology,Copiers,225.73,6,0.0,93.25
CMD-2024-12335,2025-11-08,2025-11-12,Standard Class,CUST-116,Corporate,Île-de-France,Office Supplies,Binders,59.59,7,0.0,19.81
CMD-2024-12336,2025-08-16,2025-08-18,Same Day,CUST-513,Corporate,Hauts-de-France,Office Supplies,Binders,265.04,7,0.1,80.71
CMD-2024-12337,2025-03-04,2025-03-06,Standard Class,CUST-757,Home Office,Nouvelle-Aquitaine,Furniture,Chairs,332.09,6,0.3,12.11
CMD-2024-12338,2024-06-06,2024-06-10,First Class,CUST-339,Consumer,Hauts-de-France,Furniture,Bookcases,138.41,3,0.0,45.65
CMD-2024-12339,2024-08-03,2024-08-06,Same Day,CUST-385,Home Office,Auvergne-Rhône-Alpes,Technology,Phones,450.13,5,0.0,162.16
CMD-2024-12340,2025-10-31,2025-11-01,Standard Class,CUST-445,Home Office,Nouvelle-Aquitaine,Technology,Phones,50.94,5,0.1,16.93
CMD-2024-12341,2025-04-06,2025-04-11,Standard Class,CUST-474,Corporate,Île-de-France,Office Supplies,Art,86.92,5,0.0,15.43
CMD-2024-12342,2024-05-13,2024-05-16,First Class,CUST-115,Consumer,Hauts-de-France,Office Supplies,Paper,36.59,1,0.2,2.54
CMD-2024-12343,2024-03-07,2024-03-08,Second Class,CUST-686,Consumer,Île-de-France,Technology,Phones,67.1,5,0.1,18.3
CMD-2024-12344,2024-01-07,2024-01-08,Second Class,CUST-359,Home Office,Île-de-France,Furniture,Tables,75.01,3,0.1,26.07
CMD-2024-12345,2025-06-09,2025-06-11,First Class,CUST-460,Home Office,Hauts-de-France,Office Supplies,Storage,564.25,2,0.0,250.66
CMD-2024-12346,2024-03-13,2024-03-17,Standard Class,CUST-498,Corporate,Île-de-France,Furniture,Bookcases,32.89,7,0.5,-3.57
CMD-2024-12347,2025-02-02,2025-02-04,Second Class,CUST-559,Consumer,Occitanie,Technology,Accessories,137.67,4,0.0,28.65
CMD-2024-12348,2025-02-08,2025-02-12,Second Class,CUST-615,Consumer,Occitanie,Technology,Accessories,182.23,5,0.3,-15.35
CMD-2024-12349,2025-11-05,2025-11-07,Standard Class,CUST-184,Corporate,Île-de-France,Technology,Accessories,518.71,1,0.0,225.02
CMD-2024-12350,2025-07-31,2025-08-05,First Class,CUST-162,Home Office,Nouvelle-Aquitaine,Office Supplies,Art,1351.1,7,0.3,13.75
CMD-2024-12351,2024-05-09,2024-05-11,First Class,CUST-199,Consumer,Nouvelle-Aquitaine,Furniture,Furnishings,322.99,8,0.2,9.19
CMD-2024-12352,2025-04-10,2025-04-15,Second Class,CUST-394,Corporate,Nouvelle-Aquitaine,Furniture,Chairs,792.32,7,0.0,340.83
CMD-2024-12353,2024-07-24,2024-07-27,First Class,CUST-261,Home Office,Nouvelle-Aquitaine,Office Supplies,Envelopes,355.33,6,0.3,-31.5
CMD-2024-12354,2024-09-22,2024-09-25,Standard Class,CUST-277,Corporate,Occitanie,Furniture,Tables,741.51,1,0.2,140.05
CMD-2024-12355,2025-06-20,2025-06-22,First Class,CUST-543,Consumer,Nouvelle-Aquitaine,Office Supplies,Binders,285.27,3,0.0,96.3
CMD-2024-12356,2024-09-09,2024-09-12,Same Day,CUST-427,Home Office,Hauts-de-France,Furniture,Chairs,33.29,2,0.0,5.87
CMD-2024-12357,2024-10-15,2024-10-16,First Class,CUST-427,Corporate,Nouvelle-Aquitaine,Technology,Accessories,128.09,5,0.1,20.7
CMD-2024-12358,2024-06-12,2024-06-17,First Class,CUST-141,Corporate,Hauts-de-France,Office Supplies,Envelopes,243.83,5,0.2,3.65
CMD-2024-12359,2024-04-04,2024-04-08,First Class,CUST-341,Corporate,Occitanie,Furniture,Tables,110.02,1,0.2,16.65
CMD-2024-12360,2024-04-19,2024-04-24,Same Day,CUST-441,Consumer,Hauts-de-France,Technology,Copiers,85.26,8,0.2,9.65
CMD-2024-12361,2024-12-01,2024-12-03,Standard Class,CUST-190,Consumer,Hauts-de-France,Technology,Accessories,204.49,3,0.2,-5.87
CMD-2024-12362,2024-08-25,2024-08-28,First Class,CUST-127,Consumer,Île-de-France,Technology,Copiers,611.33,1,0.2,160.6
CMD-2024-12363,2025-01-15,2025-01-18,Second Class,CUST-558,Corporate,Hauts-de-France,Furniture,Bookcases,22.83,1,0.1,3.76
CMD-2024-12364,2025-03-11,2025-03-12,First Class,CUST-766,Consumer,Île-de-France,Office Supplies,Binders,337.59,2,0.0,76.79
CMD-2024-12365,2025-04-27,2025-04-30,Same Day,CUST-730,Corporate,Nouvelle-Aquitaine,Office Supplies,Storage,297.21,3,0.5,-69.33
CMD-2024-12366,2024-01-25,2024-01-27,Same Day,CUST-484,Corporate,Hauts-de-France,Office Supplies,Envelopes,746.05,2,0.0,147.45
CMD-2024-12367,2025-10-14,2025-10-16,Second Class,CUST-586,Corporate,Hauts-de-France,Technology,Copiers,602.28,3,0.0,270.87
CMD-2024-12368,2024-04-26,2024-04-30,Same Day,CUST-319,Home Office,Auvergne-Rhône-Alpes,Furniture,Furnishings,331.02,5,0.2,19.38
CMD-2024-12369,2025-04-26,2025-05-01,Same Day,CUST-363,Corporate,Nouvelle-Aquitaine,Technology,Accessories,176.66,4,0.0,47.99
CMD-2024-12370,2025-01-26,2025-01-31,Same Day,CUST-220,Consumer,Hauts-de-France,Office Supplies,Paper,65.27,6,0.0,26.85
CMD-2024-12371,2025-06-20,2025-06-25,Standard Class,CUST-145,Corporate,Hauts-de-France,Furniture,Tables,188.35,4,0.0,64.52
CMD-2024-12372,2024-03-19,2024-03-23,Same Day,CUST-379,Consumer,Auvergne-Rhône-Alpes,Furniture,Chairs,333.93,8,0.1,56.97
CMD-2024-12373,2025-08-02,2025-08-06,First Class,CUST-214,Home Office,Île-de-France,Office Supplies,Paper,512.24,8,0.5,-15.62
CMD-2024-12374,2024-06-21,2024-06-25,Second Class,CUST-267,Home Office,Nouvelle-Aquitaine,Furniture,Furnishings,358.04,7,0.1,102.01
CMD-2024-12375,2024-01-12,2024-01-13,First Class,CUST-534,Corporate,Auvergne-Rhône-Alpes,Technology,Machines,62.79,3,0.1,8.06
CMD-2024-12376,2024-05-07,2024-05-11,First Class,CUST-345,Consumer,Nouvelle-Aquitaine,Office Supplies,Art,216.41,4,0.0,74.25
CMD-2024-12377,2025-08-30,2025-09-02,Second Class,CUST-583,Home Office,Nouvelle-Aquitaine,Office Supplies,Art,103.82,1,0.0,44.3
CMD-2024-12378,2024-04-01,2024-04-02,Standard Class,CUST-474,Home Office,Île-de-France,Technology,Accessories,17.03,5,0.0,5.09
CMD-2024-12379,2025-10-14,2025-10-17,Standard Class,CUST-379,Home Office,Île-de-France,Furniture,Bookcases,64.15,8,0.0,23.74
CMD-2024-12380,2025-06-26,2025-07-01,Same Day,CUST-121,Consumer,Occitanie,Office Supplies,Storage,41.43,6,0.0,18.28
CMD-2024-12381,2025-06-15,2025-06-17,Standard Class,CUST-167,Corporate,Auvergne-Rhône-Alpes,Technology,Copiers,421.94,6,0.0,150.69
CMD-2024-12382,2025-10-19,2025-10-24,Standard Class,CUST-747,Corporate,Auvergne-Rhône-Alpes,Furniture,Tables,80.8,7,0.0,14.6
CMD-2024-12383,2025-03-22,2025-03-26,Same Day,CUST-157,Home Office,Nouvelle-Aquitaine,Technology,Machines,88.71,6,0.2,3.85
CMD-2024-12384,2025-01-24,2025-01-26,Standard Class,CUST-626,Corporate,Occitanie,Furniture,Bookcases,722.8,5,0.3,42.3
CMD-2024-12385,2025-11-02,2025-11-07,Standard Class,CUST-363,Home Office,Occitanie,Technology,Machines,119.84,4,0.5,-26.05
CMD-2024-12386,2024-02-12,2024-02-13,Same Day,CUST-781,Consumer,Nouvelle-Aquitaine,Furniture,Bookcases,17.12,6,0.1,5.95
CMD-2024-12387,2024-09-10,2024-09-14,First Class,CUST-522,Corporate,Île-de-France,Technology,Accessories,88.45,8,0.0,24.02
CMD-2024-12388,2024-05-09,2024-05-14,First Class,CUST-598,Consumer,Occitanie,Furniture,Bookcases,42.95,6,0.2,4.6
CMD-2024-12389,2024-02-29,2024-03-02,Second Class,CUST-390,Corporate,Auvergne-Rhône-Alpes,Office Supplies,Storage,38.87,3,0.0,14.01
CMD-2024-12390,2025-10-24,2025-10-27,Standard Class,CUST-268,Consumer,Île-de-France,Office Supplies,Paper,32.74,1,0.2,4.17
CMD-2024-12391,2025-04-11,2025-04-16,Same Day,CUST-659,Consumer,Hauts-de-France,Office Supplies,Storage,212.91,3,0.2,18.02
CMD-2024-12392,2024-10-13,2024-10-14,Same Day,CUST-561,Corporate,Occitanie,Furniture,Tables,61.18,4,0.2,-0.43
CMD-2024-12393,2025-05-31,2025-06-02,Standard Class,CUST-707,Home Office,Nouvelle-Aquitaine,Technology,Copiers,113.61,5,0.5,-13.75
CMD-2024-12394,2025-04-11,2025-04-16,Standard Class,CUST-655,Home Office,Auvergne-Rhône-Alpes,Technology,Phones,450.74,5,0.2,103.79
CMD-2024-12395,2024-12-10,2024-12-13,Same Day,CUST-452,Consumer,Occitanie,Office Supplies,Art,136.49,3,0.2,23.99
CMD-2024-12396,2025-10-03,2025-10-07,Same Day,CUST-339,Consumer,Nouvelle-Aquitaine,Furniture,Chairs,559.12,2,0.0,147.86
CMD-2024-12397,2025-01-16,2025-01-20,Same Day,CUST-382,Home Office,Auvergne-Rhône-Alpes,Technology,Phones,166.59,3,0.5,-43.59
CMD-2024-12398,2025-11-20,2025-11-24,Second Class,CUST-548,Corporate,Occitanie,Office Supplies,Storage,126.96,8,0.0,50.14
CMD-2024-12399,2024-09-09,2024-09-11,First Class,CUST-681,Corporate,Auvergne-Rhône-Alpes,Technology,Accessories,320.33,2,0.5,-5.6
CMD-2024-12400,2024-02-25,2024-02-28,Same Day,CUST-165,Consumer,Hauts-de-France,Technology,Phones,31.72,7,0.0,8.45
CMD-2024-12401,2025-04-07,2025-04-10,First Class,CUST-426,Corporate,Auvergne-Rhône-Alpes,Office Supplies,Envelopes,35.62,3,0.0,13.13
CMD-2024-12402,2025-04-01,2025-04-06,Standard Class,CUST-555,Consumer,Nouvelle-Aquitaine,Office Supplies,Envelopes,247.2,2,0.3,0.8
CMD-2024-12403,2024-03-23,2024-03-27,First Class,CUST-576,Corporate,Occitanie,Furniture,Furnishings,161.82,2,0.0,48.66
CMD-2024-12404,2024-04-08,2024-04-10,First Class,CUST-384,Consumer,Nouvelle-Aquitaine,Office Supplies,Art,358.78,6,0.3,46.98
CMD-2024-12405,2024-05-28,2024-06-01,First Class,CUST-130,Corporate,Hauts-de-France,Office Supplies,Binders,560.64,7,0.0,98.13
CMD-2024-12406,2024-11-24,2024-11-28,Standard Class,CUST-547,Consumer,Île-de-France,Office Supplies,Envelopes,123.16,6,0.3,4.82
CMD-2024-12407,2024-06-04,2024-06-09,First Class,CUST-313,Home Office,Auvergne-Rhône-Alpes,Technology,Machines,214.62,2,0.2,7.38
CMD-2024-12408,2024-07-08,2024-07-13,First Class,CUST-792,Home Office,Nouvelle-Aquitaine,Technology,Accessories,167.8,2,0.2,12.07
CMD-2024-12409,2025-05-08,2025-05-13,Second Class,CUST-679,Home Office,Occitanie,Furniture,Bookcases,894.12,1,0.0,306.98
CMD-2024-12410,2024-09-19,2024-09-20,Standard Class,CUST-124,Home Office,Occitanie,Office Supplies,Paper,406.24,8,0.0,64.25
CMD-2024-12411,2024-03-20,2024-03-21,First Class,CUST-472,Consumer,Île-de-France,Furniture,Bookcases,549.04,2,0.3,31.93
CMD-2024-12412,2025-02-03,2025-02-05,Standard Class,CUST-496,Corporate,Occitanie,Technology,Copiers,79.57,8,0.0,18.7
CMD-2024-12413,2025-08-31,2025-09-02,Same Day,CUST-436,Consumer,Hauts-de-France,Technology,Accessories,340.76,6,0.0,119.55
CMD-2024-12414,2024-09-16,2024-09-21,First Class,CUST-771,Consumer,Île-de-France,Office Supplies,Storage,82.88,2,0.1,8.49
CMD-2024-12415,2025-09-06,2025-09-09,Standard Class,CUST-379,Consumer,Hauts-de-France,Technology,Accessories,66.51,5,0.1,18.67
CMD-2024-12416,2025-07-05,2025-07-07,First Class,CUST-722,Corporate,Auvergne-Rhône-Alpes,Furniture,Chairs,650.18,1,0.0,223.46
CMD-2024-12417,2024-04-10,2024-04-11,First Class,CUST-658,Consumer,Hauts-de-France,Technology,Copiers,19.29,2,0.0,8.51
CMD-2024-12418,2024-12-24,2024-12-25,Same Day,CUST-790,Home Office,Auvergne-Rhône-Alpes,Technology,Machines,754.99,6,0.0,319.64
CMD-2024-12419,2025-01-14,2025-01-18,Second Class,CUST-647,Home Office,Hauts-de-France,Office Supplies,Art,50.56,6,0.3,-1.77
CMD-2024-12420,2024-08-08,2024-08-13,Standard Class,CUST-297,Consumer,Île-de-France,Office Supplies,Storage,391.57,4,0.0,61.94
CMD-2024-12421,2025-02-23,2025-02-26,First Class,CUST-653,Home Office,Auvergne-Rhône-Alpes,Technology,Copiers,86.03,6,0.7,-24.38
CMD-2024-12422,2024-05-03,2024-05-08,Same Day,CUST-578,Home Office,Hauts-de-France,Technology,Accessories,110.01,8,0.0,36.4
CMD-2024-12423,2025-02-25,2025-02-26,Same Day,CUST-701,Corporate,Hauts-de-France,Office Supplies,Art,68.75,1,0.0,10.88
CMD-2024-12424,2024-08-18,2024-08-21,Second Class,CUST-679,Consumer,Occitanie,Technology,Phones,208.76,8,0.1,20.21
CMD-2024-12425,2025-11-20,2025-11-22,Second Class,CUST-169,Consumer,Hauts-de-France,Furniture,Furnishings,109.13,6,0.0,35.51
CMD-2024-12426,2024-03-03,2024-03-07,Same Day,CUST-604,Home Office,Occitanie,Office Supplies,Paper,250.66,5,0.1,83.61
CMD-2024-12427,2025-04-29,2025-04-30,Same Day,CUST-209,Consumer,Hauts-de-France,Technology,Accessories,18.47,3,0.3,2.81
CMD-2024-12428,2025-09-19,2025-09-23,Standard Class,CUST-481,Consumer,Nouvelle-Aquitaine,Office Supplies,Paper,29.64,5,0.0,5.79
CMD-2024-12429,2025-12-03,2025-12-08,Standard Class,CUST-496,Home Office,Occitanie,Technology,Copiers,38.1,7,0.2,3.25
CMD-2024-12430,2025-07-27,2025-07-30,Same Day,CUST-508,Home Office,Île-de-France,Furniture,Bookcases,134.46,8,0.0,21.91
CMD-2024-12431,2025-04-27,2025-05-02,Same Day,CUST-450,Consumer,Île-de-France,Furniture,Furnishings,385.99,5,0.0,112.24
CMD-2024-12432,2025-06-02,2025-06-06,Second Class,CUST-633,Corporate,Auvergne-Rhône-Alpes,Office Supplies,Envelopes,496.99,1,0.0,186.83
CMD-2024-12433,2024-06-03,2024-06-04,Standard Class,CUST-600,Home Office,Île-de-France,Technology,Phones,76.77,1,0.5,-4.84
CMD-2024-12434,2024-04-01,2024-04-05,Same Day,CUST-520,Consumer,Auvergne-Rhône-Alpes,Furniture,Tables,202.92,4,0.0,60.81
CMD-2024-12435,2025-06-09,2025-06-10,Standard Class,CUST-656,Home Office,Île-de-France,Office Supplies,Binders,336.77,6,0.3,-30.73
CMD-2024-12436,2025-03-30,2025-04-03,Standard Class,CUST-210,Consumer,Occitanie,Furniture,Tables,89.99,4,0.1,15.7
CMD-2024-12437,2025-08-20,2025-08-25,Same Day,CUST-308,Consumer,Nouvelle-Aquitaine,Furniture,Bookcases,130.71,1,0.0,56.16
CMD-2024-12438,2025-10-06,2025-10-10,Same Day,CUST-538,Corporate,Auvergne-Rhône-Alpes,Technology,Machines,178.3,6,0.1,22.98
CMD-2024-12439,2025-05-24,2025-05-26,First Class,CUST-277,Home Office,Nouvelle-Aquitaine,Office Supplies,Art,46.87,1,0.3,-1.13
CMD-2024-12440,2024-07-01,2024-07-06,Standard Class,CUST-524,Corporate,Hauts-de-France,Technology,Machines,20.79,1,0.2,4.03
CMD-2024-12441,2025-01-20,2025-01-24,Standard Class,CUST-427,Home Office,Hauts-de-France,Technology,Copiers,51.48,3,0.1,14.42
CMD-2024-12442,2025-07-27,2025-07-31,Second Class,CUST-110,Corporate,Nouvelle-Aquitaine,Furniture,Tables,231.87,5,0.3,35.63
CMD-2024-12443,2025-02-08,2025-02-11,Second Class,CUST-351,Home Office,Occitanie,Technology,Copiers,31.82,4,0.0,8.48
CMD-2024-12444,2024-09-02,2024-09-07,Second Class,CUST-334,Corporate,Nouvelle-Aquitaine,Office Supplies,Storage,61.28,8,0.5,-8.92
CMD-2024-12445,2025-08-13,2025-08-16,Standard Class,CUST-747,Corporate,Nouvelle-Aquitaine,Office Supplies,Envelopes,105.7,4,0.3,2.14
CMD-2024-12446,2025-10-22,2025-10-27,Same Day,CUST-353,Home Office,Nouvelle-Aquitaine,Office Supplies,Art,32.84,2,0.2,8.16
CMD-2024-12447,2025-10-11,2025-10-12,Same Day,CUST-665,Corporate,Auvergne-Rhône-Alpes,Office Supplies,Paper,61.82,7,0.3,6.85
CMD-2024-12448,2025-04-15,2025-04-20,Same Day,CUST-577,Corporate,Auvergne-Rhône-Alpes,Office Supplies,Storage,547.87,3,0.1,169.53
CMD-2024-12449,2025-02-26,2025-03-03,Standard Class,CUST-228,Home Office,Nouvelle-Aquitaine,Technology,Phones,19.29,1,0.2,0.19
CMD-2024-12450,2024-03-05,2024-03-09,Same Day,CUST-631,Home Office,Occitanie,Office Supplies,Storage,248.13,1,0.1,73.83
CMD-2024-12451,2024-01-13,2024-01-15,Second Class,CUST-199,Consumer,Hauts-de-France,Technology,Copiers,121.74,3,0.0,34.07
CMD-2024-12452,2024-07-31,2024-08-05,Same Day,CUST-389,Home Office,Hauts-de-France,Technology,Machines,260.68,6,0.1,17.47
CMD-2024-12453,2024-08-29,2024-09-01,Same Day,CUST-668,Consumer,Hauts-de-France,Office Supplies,Binders,210.45,4,0.0,35.36
CMD-2024-12454,2025-05-07,2025-05-09,Second Class,CUST-325,Corporate,Île-de-France,Furniture,Chairs,70.65,1,0.0,24.97
CMD-2024-12455,2024-07-31,2024-08-05,First Class,CUST-752,Home Office,Occitanie,Office Supplies,Storage,428.31,7,0.0,112.05
CMD-2024-12456,2025-11-23,2025-11-25,First Class,CUST-224,Consumer,Auvergne-Rhône-Alpes,Technology,Accessories,163.97,2,0.0,67.3
CMD-2024-12457,2024-12-03,2024-12-04,First Class,CUST-537,Home Office,Hauts-de-France,Furniture,Furnishings,395.38,4,0.0,146.4
CMD-2024-12458,2024-06-21,2024-06-23,Standard Class,CUST-663,Consumer,Auvergne-Rhône-Alpes,Technology,Copiers,129.6,5,0.3,-14.71
CMD-2024-12459,2025-11-02,2025-11-03,Standard Class,CUST-745,Consumer,Auvergne-Rhône-Alpes,Furniture,Bookcases,934.37,8,0.0,332.7
CMD-2024-12460,2024-06-12,2024-06-14,Second Class,CUST-764,Home Office,Auvergne-Rhône-Alpes,Office Supplies,Envelopes,338.8,8,0.2,9.39
CMD-2024-12461,2025-04-09,2025-04-11,First Class,CUST-446,Corporate,Auvergne-Rhône-Alpes,Furniture,Chairs,758.58,7,0.0,209.96
CMD-2024-12462,2025-05-11,2025-05-14,Standard Class,CUST-797,Corporate,Nouvelle-Aquitaine,Technology,Machines,173.89,3,0.0,58.67
CMD-2024-12463,2025-11-30,2025-12-03,Same Day,CUST-282,Consumer,Auvergne-Rhône-Alpes,Technology,Accessories,156.21,4,0.0,64.33
CMD-2024-12464,2025-01-29,2025-02-02,First Class,CUST-450,Consumer,Île-de-France,Technology,Phones,324.84,8,0.0,93.17
CMD-2024-12465,2025-12-03,2025-12-05,First Class,CUST-614,Corporate,Auvergne-Rhône-Alpes,Furniture,Furnishings,481.99,5,0.1,145.82
CMD-2024-12466,2024-11-03,2024-11-04,Standard Class,CUST-477,Home Office,Hauts-de-France,Office Supplies,Envelopes,747.22,2,0.1,220.35
CMD-2024-12467,2024-07-01,2024-07-03,First Class,CUST-564,Home Office,Auvergne-Rhône-Alpes,Technology,Phones,101.32,6,0.0,27.8
CMD-2024-12468,2025-09-20,2025-09-25,Second Class,CUST-777,Corporate,Hauts-de-France,Office Supplies,Art,367.66,8,0.1,77.32
CMD-2024-12469,2025-05-24,2025-05-25,Second Class,CUST-439,Corporate,Auvergne-Rhône-Alpes,Office Supplies,Storage,67.04,3,0.3,6.04
CMD-2024-12470,2025-12-08,2025-12-13,Standard Class,CUST-240,Corporate,Occitanie,Furniture,Bookcases,188.52,6,0.0,30.04
CMD-2024-12471,2025-06-29,2025-07-03,First Class,CUST-210,Consumer,Nouvelle-Aquitaine,Office Supplies,Binders,58.62,8,0.0,24.46
CMD-2024-12472,2025-07-17,2025-07-22,Second Class,CUST-360,Corporate,Hauts-de-France,Office Supplies,Paper,108.89,7,0.2,21.88
CMD-2024-12473,2025-09-15,2025-09-19,First Class,CUST-287,Corporate,Île-de-France,Technology,Copiers,604.35,1,0.0,135.87
CMD-2024-12474,2025-08-16,2025-08-20,Second Class,CUST-470,Corporate,Auvergne-Rhône-Alpes,Technology,Accessories,49.74,6,0.7,-9.23
CMD-2024-12475,2024-08-14,2024-08-18,Second Class,CUST-457,Corporate,Hauts-de-France,Technology,Machines,235.17,1,0.1,26.77
CMD-2024-12476,2025-03-11,2025-03-16,First Class,CUST-372,Home Office,Nouvelle-Aquitaine,Office Supplies,Envelopes,212.74,7,0.1,71.1
CMD-2024-12477,2025-02-25,2025-03-01,Standard Class,CUST-796,Home Office,Auvergne-Rhône-Alpes,Office Supplies,Paper,43.31,8,0.0,10.71
CMD-2024-12478,2025-07-07,2025-07-11,Standard Class,CUST-703,Corporate,Nouvelle-Aquitaine,Office Supplies,Art,101.79,5,0.1,29.41
CMD-2024-12479,2024-01-21,2024-01-24,Standard Class,CUST-548,Consumer,Île-de-France,Technology,Copiers,197.11,4,0.0,56.55
CMD-2024-12480,2025-07-07,2025-07-09,First Class,CUST-516,Consumer,Hauts-de-France,Furniture,Furnishings,60.59,2,0.5,-4.79
CMD-2024-12481,2025-01-31,2025-02-04,First Class,CUST-487,Home Office,Île-de-France,Technology,Phones,369.76,5,0.1,39.47
CMD-2024-12482,2025-09-16,2025-09-17,First Class,CUST-437,Consumer,Nouvelle-Aquitaine,Technology,Machines,802.85,2,0.0,185.34
CMD-2024-12483,2024-04-14,2024-04-15,Standard Class,CUST-410,Consumer,Occitanie,Furniture,Chairs,68.19,6,0.1,6.13
CMD-2024-12484,2024-07-10,2024-07-13,First Class,CUST-428,Home Office,Occitanie,Office Supplies,Art,60.52,2,0.0,24.79
CMD-2024-12485,2024-01-17,2024-01-22,Standard Class,CUST-146,Corporate,Hauts-de-France,Office Supplies,Paper,148.51,6,0.0,35.48
CMD-2024-12486,2024-04-29,2024-05-04,Second Class,CUST-755,Corporate,Auvergne-Rhône-Alpes,Office Supplies,Envelopes,318.03,2,0.1,85.34
CMD-2024-12487,2025-01-27,2025-02-01,Standard Class,CUST-248,Home Office,Île-de-France,Technology,Copiers,87.76,3,0.1,26.86
CMD-2024-12488,2025-02-28,2025-03-04,Standard Class,CUST-449,Corporate,Occitanie,Technology,Phones,19.42,5,0.1,6.42
CMD-2024-12489,2024-05-08,2024-05-13,Same Day,CUST-422,Corporate,Occitanie,Technology,Machines,186.42,8,0.0,33.91
CMD-2024-12490,2024-05-09,2024-05-14,Same Day,CUST-219,Home Office,Auvergne-Rhône-Alpes,Office Supplies,Art,705.21,8,0.1,231.24
CMD-2024-12491,2025-07-25,2025-07-27,Standard Class,CUST-497,Home Office,Île-de-France,Office Supplies,Binders,124.21,3,0.0,25.98
CMD-2024-12492,2025-07-13,2025-07-17,Same Day,CUST-745,Home Office,Nouvelle-Aquitaine,Furniture,Tables,134.89,4,0.1,37.91
CMD-2024-12493,2024-01-29,2024-02-02,First Class,CUST-296,Consumer,Occitanie,Furniture,Chairs,778.53,8,0.1,216.94
CMD-2024-12494,2024-04-06,2024-04-07,Same Day,CUST-512,Home Office,Hauts-de-France,Technology,Accessories,275.95,4,0.2,-7.57
CMD-2024-12495,2024-01-10,2024-01-11,Same Day,CUST-538,Home Office,Hauts-de-France,Technology,Machines,294.4,1,0.3,-15.84
CMD-2024-12496,2024-08-29,2024-08-31,Same Day,CUST-136,Home Office,Nouvelle-Aquitaine,Furniture,Tables,196.97,8,0.3,5.43
CMD-2024-12497,2024-08-19,2024-08-22,Standard Class,CUST-286,Home Office,Auvergne-Rhône-Alpes,Technology,Accessories,823.14,1,0.7,-291.38
CMD-2024-12498,2024-10-10,2024-10-14,Second Class,CUST-519,Corporate,Auvergne-Rhône-Alpes,Furniture,Bookcases,271.86,8,0.7,-55.58
CMD-2024-12499,2025-12-15,2025-12-16,Second Class,CUST-559,Home Office,Occitanie,Office Supplies,Storage,510.9,8,0.2,39.81
CMD-2024-12500,2025-12-26,2025-12-31,Second Class,CUST-209,Home Office,Occitanie,Furniture,Chairs,279.42,1,0.5,-5.28
CMD-2024-12501,2024-07-18,2024-07-22,Second Class,CUST-286,Consumer,Occitanie,Technology,Phones,307.26,7,0.3,5.48
CMD-2024-12502,2024-03-19,2024-03-23,Second Class,CUST-570,Consumer,Nouvelle-Aquitaine,Technology,Accessories,90.48,4,0.2,23.46
CMD-2024-12503,2024-06-21,2024-06-25,Second Class,CUST-177,Corporate,Nouvelle-Aquitaine,Furniture,Furnishings,94.56,2,0.0,35.1
CMD-2024-12504,2025-04-11,2025-04-12,Standard Class,CUST-473,Home Office,Occitanie,Furniture,Bookcases,351.11,6,0.0,140.02
CMD-2024-12505,2025-08-03,2025-08-05,First Class,CUST-429,Home Office,Auvergne-Rhône-Alpes,Furniture,Chairs,92.44,7,0.3,-8.18
CMD-2024-12506,2025-02-19,2025-02-20,First Class,CUST-224,Home Office,Île-de-France,Furniture,Tables,197.01,2,0.1,46.46
CMD-2024-12507,2025-03-24,2025-03-29,Second Class,CUST-415,Consumer,Occitanie,Furniture,Furnishings,78.1,5,0.3,-6.03
CMD-2024-12508,2024-03-27,2024-04-01,Same Day,CUST-419,Corporate,Auvergne-Rhône-Alpes,Office Supplies,Paper,388.6,4,0.0,92.99
CMD-2024-12509,2024-04-10,2024-04-13,Same Day,CUST-574,Consumer,Auvergne-Rhône-Alpes,Technology,Copiers,40.76,8,0.0,13.74
CMD-2024-12510,2024-01-08,2024-01-09,Standard Class,CUST-588,Home Office,Hauts-de-France,Office Supplies,Envelopes,404.12,8,0.2,75.92
CMD-2024-12511,2024-07-18,2024-07-19,Second Class,CUST-613,Consumer,Île-de-France,Technology,Phones,218.09,8,0.5,-62.86
CMD-2024-12512,2025-05-19,2025-05-22,Second Class,CUST-433,Home Office,Occitanie,Technology,Machines,60.52,6,0.0,18.72
CMD-2024-12513,2024-03-27,2024-03-30,Same Day,CUST-170,Home Office,Île-de-France,Furniture,Tables,186.81,6,0.3,9.26
CMD-2024-12514,2024-02-12,2024-02-16,Second Class,CUST-564,Home Office,Occitanie,Furniture,Furnishings,88.04,6,0.2,-0.56
CMD-2024-12515,2025-01-19,2025-01-23,Second Class,CUST-475,Corporate,Île-de-France,Office Supplies,Envelopes,100.97,1,0.0,30.31
CMD-2024-12516,2025-09-12,2025-09-17,Same Day,CUST-107,Consumer,Île-de-France,Office Supplies,Art,110.29,6,0.0,40.16
CMD-2024-12517,2025-03-10,2025-03-12,First Class,CUST-795,Home Office,Auvergne-Rhône-Alpes,Office Supplies,Binders,29.39,6,0.0,4.88
CMD-2024-12518,2025-02-11,2025-02-16,First Class,CUST-263,Home Office,Île-de-France,Office Supplies,Paper,953.51,4,0.0,360.5
CMD-2024-12519,2025-04-27,2025-04-28,Standard Class,CUST-394,Corporate,Île-de-France,Furniture,Bookcases,22.05,2,0.1,5.14
CMD-2024-12520,2025-10-25,2025-10-27,Same Day,CUST-457,Corporate,Occitanie,Furniture,Bookcases,253.96,7,0.0,101.58
CMD-2024-12521,2024-01-17,2024-01-21,Standard Class,CUST-180,Home Office,Auvergne-Rhône-Alpes,Furniture,Bookcases,117.08,7,0.0,25.22
CMD-2024-12522,2025-10-06,2025-10-09,Second Class,CUST-374,Home Office,Île-de-France,Office Supplies,Envelopes,243.47,8,0.3,31.65
CMD-2024-12523,2024-05-27,2024-05-30,Same Day,CUST-716,Home Office,Auvergne-Rhône-Alpes,Office Supplies,Envelopes,111.9,2,0.1,9.89
CMD-2024-12524,2024-10-03,2024-10-08,First Class,CUST-639,Home Office,Auvergne-Rhône-Alpes,Technology,Accessories,261.42,3,0.1,47.36
CMD-2024-12525,2024-08-19,2024-08-20,Second Class,CUST-146,Corporate,Nouvelle-Aquitaine,Office Supplies,Art,302.43,3,0.0,63.46
CMD-2024-12526,2024-12-31,2025-01-01,First Class,CUST-491,Consumer,Occitanie,Technology,Accessories,273.05,5,0.3,38.99
CMD-2024-12527,2024-08-15,2024-08-18,First Class,CUST-666,Corporate,Nouvelle-Aquitaine,Furniture,Bookcases,41.62,4,0.3,3.81
CMD-2024-12528,2025-10-12,2025-10-17,Standard Class,CUST-178,Corporate,Auvergne-Rhône-Alpes,Technology,Copiers,250.34,3,0.1,16.93
CMD-2024-12529,2025-03-11,2025-03-16,Same Day,CUST-612,Consumer,Île-de-France,Office Supplies,Art,87.27,3,0.5,-25.93
CMD-2024-12530,2025-02-02,2025-02-06,Same Day,CUST-779,Home Office,Occitanie,Office Supplies,Binders,21.43,4,0.3,-0.7
CMD-2024-12531,2024-07-29,2024-08-02,Same Day,CUST-122,Home Office,Hauts-de-France,Technology,Copiers,132.89,2,0.2,1.73
CMD-2024-12532,2025-01-25,2025-01-29,Standard Class,CUST-327,Consumer,Occitanie,Technology,Copiers,140.04,8,0.2,22.28
CMD-2024-12533,2025-05-13,2025-05-15,First Class,CUST-537,Corporate,Nouvelle-Aquitaine,Technology,Copiers,153.5,5,0.0,53.59
CMD-2024-12534,2025-06-23,2025-06-28,Standard Class,CUST-397,Home Office,Occitanie,Office Supplies,Storage,283.44,5,0.0,122.61
CMD-2024-12535,2025-07-16,2025-07-21,Same Day,CUST-359,Consumer,Île-de-France,Technology,Accessories,96.27,5,0.0,41.94
CMD-2024-12536,2025-05-05,2025-05-09,Second Class,CUST-775,Consumer,Occitanie,Technology,Accessories,98.32,3,0.0,34.18
CMD-2024-12537,2025-03-17,2025-03-20,Same Day,CUST-109,Consumer,Hauts-de-France,Technology,Machines,28.74,2,0.0,4.36
CMD-2024-12538,2024-09-17,2024-09-21,Same Day,CUST-727,Home Office,Nouvelle-Aquitaine,Furniture,Chairs,270.42,5,0.3,-3.33
CMD-2024-12539,2024-12-15,2024-12-17,First Class,CUST-257,Consumer,Nouvelle-Aquitaine,Technology,Machines,199.56,4,0.0,60.65
CMD-2024-12540,2024-12-17,2024-12-20,Same Day,CUST-257,Corporate,Auvergne-Rhône-Alpes,Office Supplies,Storage,109.58,5,0.7,-36.19
CMD-2024-12541,2025-06-03,2025-06-08,Same Day,CUST-419,Corporate,Nouvelle-Aquitaine,Technology,Accessories,283.71,7,0.1,68.37
CMD-2024-12542,2024-11-15,2024-11-17,First Class,CUST-301,Consumer,Hauts-de-France,Office Supplies,Art,184.58,1,0.0,80.88
CMD-2024-12543,2024-05-17,2024-05-19,Same Day,CUST-220,Consumer,Hauts-de-France,Technology,Copiers,154.36,2,0.1,50.25
CMD-2024-12544,2025-07-03,2025-07-06,Same Day,CUST-238,Consumer,Nouvelle-Aquitaine,Furniture,Tables,172.53,1,0.0,31.52
CMD-2024-12545,2025-09-14,2025-09-18,First Class,CUST-773,Corporate,Occitanie,Technology,Phones,237.54,2,0.7,-95.06
CMD-2024-12546,2025-01-02,2025-01-06,Second Class,CUST-666,Home Office,Hauts-de-France,Office Supplies,Art,252.34,6,0.3,32.79
CMD-2024-12547,2024-08-07,2024-08-08,First Class,CUST-438,Corporate,Nouvelle-Aquitaine,Office Supplies,Art,90.03,4,0.0,35.77
CMD-2024-12548,2024-12-02,2024-12-05,Same Day,CUST-359,Consumer,Nouvelle-Aquitaine,Office Supplies,Art,48.37,6,0.5,-10.52
CMD-2024-12549,2024-08-10,2024-08-14,Standard Class,CUST-532,Home Office,Occitanie,Furniture,Chairs,52.48,3,0.2,9.93
CMD-2024-12550,2025-10-09,2025-10-11,Second Class,CUST-143,Home Office,Nouvelle-Aquitaine,Furniture,Bookcases,239.39,3,0.0,84.17
CMD-2024-12551,2024-12-25,2024-12-29,First Class,CUST-258,Consumer,Île-de-France,Office Supplies,Art,468.77,6,0.2,52.53
CMD-2024-12552,2024-11-24,2024-11-28,Second Class,CUST-454,Consumer,Auvergne-Rhône-Alpes,Office Supplies,Storage,130.89,2,0.1,15.76
CMD-2024-12553,2025-04-07,2025-04-09,Second Class,CUST-197,Corporate,Hauts-de-France,Technology,Copiers,55.87,5,0.0,23.28
CMD-2024-12554,2025-07-14,2025-07-17,Standard Class,CUST-637,Corporate,Occitanie,Office Supplies,Binders,325.87,1,0.2,56.49
CMD-2024-12555,2025-01-16,2025-01-17,Standard Class,CUST-708,Corporate,Occitanie,Furniture,Bookcases,408.08,4,0.0,81.9
CMD-2024-12556,2025-08-12,2025-08-16,Standard Class,CUST-338,Consumer,Auvergne-Rhône-Alpes,Technology,Phones,482.53,5,0.1,130.98
CMD-2024-12557,2025-09-08,2025-09-12,Same Day,CUST-574,Home Office,Île-de-France,Technology,Phones,220.37,3,0.0,82.07
CMD-2024-12558,2024-06-17,2024-06-21,First Class,CUST-623,Corporate,Auvergne-Rhône-Alpes,Technology,Phones,448.69,5,0.5,-15.23
CMD-2024-12559,2024-08-04,2024-08-07,Same Day,CUST-656,Consumer,Nouvelle-Aquitaine,Furniture,Furnishings,18.42,8,0.2,0.68
CMD-2024-12560,2025-01-12,2025-01-14,First Class,CUST-491,Home Office,Occitanie,Technology,Phones,39.96,8,0.0,17.85
CMD-2024-12561,2024-04-28,2024-04-30,Same Day,CUST-108,Consumer,Nouvelle-Aquitaine,Technology,Accessories,36.37,6,0.0,7.13
CMD-2024-12562,2024-07-08,2024-07-10,Same Day,CUST-612,Consumer,Occitanie,Technology,Machines,289.32,8,0.0,95.54
CMD-2024-12563,2025-01-04,2025-01-06,Standard Class,CUST-488,Consumer,Occitanie,Furniture,Bookcases,30.87,6,0.2,5.16
CMD-2024-12564,2024-05-28,2024-05-30,Same Day,CUST-309,Corporate,Nouvelle-Aquitaine,Office Supplies,Binders,165.9,7,0.0,45.74
CMD-2024-12565,2025-11-06,2025-11-08,Standard Class,CUST-153,Consumer,Auvergne-Rhône-Alpes,Technology,Machines,155.8,7,0.3,3.51
CMD-2024-12566,2025-10-13,2025-10-17,First Class,CUST-715,Consumer,Hauts-de-France,Technology,Phones,96.86,1,0.5,-3.17
CMD-2024-12567,2025-05-02,2025-05-06,Standard Class,CUST-251,Consumer,Hauts-de-France,Technology,Copiers,464.54,8,0.2,75.99
CMD-2024-12568,2025-01-08,2025-01-10,Second Class,CUST-509,Corporate,Auvergne-Rhône-Alpes,Office Supplies,Storage,56.11,3,0.0,16.78
CMD-2024-12569,2025-11-23,2025-11-25,Second Class,CUST-109,Consumer,Île-de-France,Furniture,Tables,110.61,2,0.0,20.85
CMD-2024-12570,2024-06-08,2024-06-11,Same Day,CUST-651,Consumer,Auvergne-Rhône-Alpes,Furniture,Tables,342.36,8,0.1,21.3
CMD-2024-12571,2024-12-16,2024-12-19,Second Class,CUST-655,Corporate,Auvergne-Rhône-Alpes,Technology,Machines,21.8,4,0.1,2.13
CMD-2024-12572,2024-10-14,2024-10-19,First Class,CUST-367,Consumer,Auvergne-Rhône-Alpes,Office Supplies,Art,260.88,6,0.2,67.01
CMD-2024-12573,2024-10-14,2024-10-18,Same Day,CUST-766,Home Office,Hauts-de-France,Furniture,Bookcases,387.9,8,0.1,112.19
CMD-2024-12574,2024-08-13,2024-08-15,Standard Class,CUST-550,Consumer,Occitanie,Technology,Phones,607.28,4,0.0,267.29
CMD-2024-12575,2025-06-06,2025-06-10,Same Day,CUST-693,Consumer,Île-de-France,Technology,Copiers,474.77,3,0.3,-51.89
CMD-2024-12576,2025-06-05,2025-06-10,Same Day,CUST-296,Corporate,Île-de-France,Furniture,Bookcases,99.65,2,0.0,35.28
CMD-2024-12577,2024-09-29,2024-10-02,Second Class,CUST-497,Corporate,Île-de-France,Office Supplies,Binders,209.21,7,0.1,15.33
CMD-2024-12578,2025-02-05,2025-02-10,Same Day,CUST-151,Corporate,Nouvelle-Aquitaine,Office Supplies,Storage,32.7,6,0.2,6.69
CMD-2024-12579,2024-07-01,2024-07-02,First Class,CUST-568,Corporate,Auvergne-Rhône-Alpes,Furniture,Tables,80.61,1,0.0,21.3
CMD-2024-12580,2025-10-26,2025-10-29,Same Day,CUST-467,Home Office,Occitanie,Office Supplies,Storage,36.77,4,0.2,-0.05
CMD-2024-12581,2025-05-02,2025-05-06,Standard Class,CUST-473,Consumer,Occitanie,Technology,Phones,98.29,8,0.3,4.96
CMD-2024-12582,2024-05-03,2024-05-06,Standard Class,CUST-158,Consumer,Nouvelle-Aquitaine,Furniture,Bookcases,472.81,3,0.2,25.55
CMD-2024-12583,2025-09-17,2025-09-22,Second Class,CUST-393,Home Office,Hauts-de-France,Office Supplies,Paper,108.82,4,0.0,37.86
CMD-2024-12584,2025-02-17,2025-02-19,Same Day,CUST-209,Corporate,Nouvelle-Aquitaine,Technology,Phones,196.57,8,0.0,68.3
CMD-2024-12585,2025-12-25,2025-12-30,Standard Class,CUST-641,Consumer,Nouvelle-Aquitaine,Office Supplies,Binders,139.97,7,0.0,50.6
CMD-2024-12586,2024-06-20,2024-06-25,Same Day,CUST-206,Home Office,Auvergne-Rhône-Alpes,Technology,Copiers,150.12,7,0.0,67.21
CMD-2024-12587,2024-10-14,2024-10-16,Same Day,CUST-396,Consumer,Hauts-de-France,Technology,Phones,783.33,2,0.5,-144.13
CMD-2024-12588,2025-03-10,2025-03-14,Standard Class,CUST-194,Home Office,Nouvelle-Aquitaine,Furniture,Tables,92.26,1,0.2,10.11
CMD-2024-12589,2025-11-16,2025-11-20,Same Day,CUST-783,Home Office,Occitanie,Furniture,Furnishings,232.15,7,0.0,90.86
CMD-2024-12590,2024-04-22,2024-04-25,Second Class,CUST-571,Consumer,Auvergne-Rhône-Alpes,Office Supplies,Paper,134.86,2,0.5,-17.06
CMD-2024-12591,2024-05-01,2024-05-06,Second Class,CUST-178,Corporate,Hauts-de-France,Technology,Machines,28.88,7,0.2,-0.54
CMD-2024-12592,2025-06-27,2025-06-30,Standard Class,CUST-349,Corporate,Occitanie,Office Supplies,Envelopes,162.85,6,0.0,65.62
CMD-2024-12593,2024-08-09,2024-08-11,First Class,CUST-438,Home Office,Île-de-France,Furniture,Furnishings,384.27,5,0.0,63.58
CMD-2024-12594,2025-09-22,2025-09-23,First Class,CUST-156,Corporate,Auvergne-Rhône-Alpes,Furniture,Furnishings,37.87,2,0.0,7.62
CMD-2024-12595,2024-02-08,2024-02-12,Same Day,CUST-246,Consumer,Occitanie,Office Supplies,Paper,30.87,2,0.7,-13.87
CMD-2024-12596,2025-05-11,2025-05-13,Second Class,CUST-116,Home Office,Nouvelle-Aquitaine,Office Supplies,Binders,51.7,4,0.1,4.31
CMD-2024-12597,2024-08-20,2024-08-24,Standard Class,CUST-467,Consumer,Nouvelle-Aquitaine,Technology,Phones,333.04,7,0.3,-37.4
CMD-2024-12598,2025-06-13,2025-06-16,Second Class,CUST-288,Consumer,Auvergne-Rhône-Alpes,Office Supplies,Paper,298.21,2,0.0,49.65
CMD-2024-12599,2024-05-28,2024-05-29,First Class,CUST-743,Corporate,Hauts-de-France,Technology,Copiers,198.14,3,0.3,2.52
CMD-2024-12600,2025-01-31,2025-02-05,First Class,CUST-347,Consumer,Nouvelle-Aquitaine,Technology,Copiers,153.94,6,0.0,34.77
CMD-2024-12601,2025-10-22,2025-10-26,Same Day,CUST-249,Home Office,Occitanie,Furniture,Chairs,497.28,4,0.7,-219.82
CMD-2024-12602,2025-09-29,2025-10-04,Standard Class,CUST-312,Home Office,Île-de-France,Office Supplies,Binders,335.19,4,0.5,-34.32
CMD-2024-12603,2024-10-28,2024-10-31,Same Day,CUST-316,Consumer,Hauts-de-France,Technology,Accessories,382.62,5,0.0,83.35
CMD-2024-12604,2024-12-25,2024-12-29,Second Class,CUST-105,Consumer,Auvergne-Rhône-Alpes,Office Supplies,Storage,384.17,6,0.2,-9.34
CMD-2024-12605,2024-08-25,2024-08-28,Second Class,CUST-769,Home Office,Nouvelle-Aquitaine,Technology,Machines,241.43,8,0.2,23.06
CMD-2024-12606,2025-10-08,2025-10-13,First Class,CUST-686,Corporate,Hauts-de-France,Office Supplies,Binders,149.75,3,0.5,-30.98
CMD-2024-12607,2025-10-24,2025-10-27,Same Day,CUST-494,Corporate,Île-de-France,Furniture,Furnishings,455.02,6,0.0,111.74
CMD-2024-12608,2024-08-23,2024-08-26,Second Class,CUST-403,Corporate,Hauts-de-France,Office Supplies,Storage,587.83,2,0.1,113.79
CMD-2024-12609,2024-07-21,2024-07-24,Second Class,CUST-657,Consumer,Hauts-de-France,Technology,Copiers,20.3,5,0.3,1.64
CMD-2024-12610,2024-09-12,2024-09-14,Second Class,CUST-510,Consumer,Auvergne-Rhône-Alpes,Office Supplies,Art,26.64,3,0.2,4.13
CMD-2024-12611,2025-08-20,2025-08-22,Standard Class,CUST-502,Home Office,Île-de-France,Office Supplies,Storage,716.35,5,0.0,308.87
CMD-2024-12612,2025-10-23,2025-10-27,First Class,CUST-479,Home Office,Île-de-France,Office Supplies,Art,86.41,6,0.3,3.05
CMD-2024-12613,2024-08-22,2024-08-25,Same Day,CUST-551,Home Office,Hauts-de-France,Furniture,Furnishings,469.63,1,0.0,137.02
CMD-2024-12614,2024-12-10,2024-12-13,Second Class,CUST-328,Home Office,Nouvelle-Aquitaine,Office Supplies,Art,123.31,6,0.2,4.2
CMD-2024-12615,2025-06-17,2025-06-20,Standard Class,CUST-793,Corporate,Hauts-de-France,Technology,Phones,42.9,2,0.0,16.16
CMD-2024-12616,2025-04-10,2025-04-12,Second Class,CUST-604,Consumer,Occitanie,Office Supplies,Art,33.45,5,0.0,6.43
CMD-2024-12617,2025-06-24,2025-06-29,Second Class,CUST-694,Consumer,Nouvelle-Aquitaine,Office Supplies,Binders,52.45,1,0.1,10.87
CMD-2024-12618,2024-07-31,2024-08-03,First Class,CUST-244,Corporate,Auvergne-Rhône-Alpes,Technology,Phones,78.26,2,0.0,21.63
CMD-2024-12619,2025-04-07,2025-04-08,Standard Class,CUST-149,Home Office,Île-de-France,Furniture,Tables,162.5,5,0.1,41.84
CMD-2024-12620,2025-03-11,2025-03-15,Second Class,CUST-523,Home Office,Nouvelle-Aquitaine,Technology,Machines,280.98,5,0.1,94.21
CMD-2024-12621,2024-10-09,2024-10-11,First Class,CUST-199,Consumer,Auvergne-Rhône-Alpes,Furniture,Bookcases,960.47,6,0.0,416.82
CMD-2024-12622,2025-07-15,2025-07-20,Standard Class,CUST-442,Home Office,Hauts-de-France,Furniture,Chairs,143.15,7,0.0,28.68
CMD-2024-12623,2025-08-29,2025-08-30,Second Class,CUST-750,Consumer,Auvergne-Rhône-Alpes,Technology,Machines,175.64,5,0.2,8.53
CMD-2024-12624,2025-04-07,2025-04-10,Same Day,CUST-625,Corporate,Occitanie,Furniture,Chairs,177.31,5,0.0,69.77
CMD-2024-12625,2025-02-10,2025-02-12,First Class,CUST-112,Consumer,Auvergne-Rhône-Alpes,Technology,Phones,185.57,4,0.1,39.99
CMD-2024-12626,2024-03-28,2024-03-31,Second Class,CUST-271,Corporate,Nouvelle-Aquitaine,Furniture,Furnishings,175.44,7,0.1,34.37
CMD-2024-12627,2024-02-13,2024-02-17,Second Class,CUST-588,Home Office,Île-de-France,Technology,Accessories,16.94,5,0.5,-1.47
CMD-2024-12628,2025-04-05,2025-04-07,Standard Class,CUST-458,Consumer,Nouvelle-Aquitaine,Office Supplies,Art,15.38,6,0.2,2.32
CMD-2024-12629,2024-10-04,2024-10-05,Same Day,CUST-205,Home Office,Nouvelle-Aquitaine,Technology,Accessories,37.61,4,0.0,16.59
CMD-2024-12630,2025-11-13,2025-11-18,First Class,CUST-288,Home Office,Île-de-France,Office Supplies,Paper,38.56,4,0.3,2.13
CMD-2024-12631,2025-02-24,2025-03-01,Standard Class,CUST-628,Home Office,Occitanie,Furniture,Furnishings,283.49,8,0.7,-96.45
CMD-2024-12632,2025-12-01,2025-12-05,Second Class,CUST-149,Consumer,Nouvelle-Aquitaine,Technology,Phones,65.45,1,0.1,14.59
CMD-2024-12633,2024-12-18,2024-12-23,First Class,CUST-348,Home Office,Île-de-France,Office Supplies,Art,510.24,2,0.5,-29.31
CMD-2024-12634,2025-11-26,2025-12-01,Second Class,CUST-509,Consumer,Île-de-France,Furniture,Furnishings,595.7,4,0.1,145.23
CMD-2024-12635,2025-05-29,2025-06-02,Second Class,CUST-490,Home Office,Nouvelle-Aquitaine,Furniture,Chairs,834.56,3,0.1,212.07
CMD-2024-12636,2025-12-03,2025-12-04,Same Day,CUST-478,Corporate,Île-de-France,Technology,Accessories,630.61,4,0.0,278.37
CMD-2024-12637,2025-09-21,2025-09-23,Second Class,CUST-326,Consumer,Hauts-de-France,Furniture,Bookcases,84.81,8,0.2,13.19
CMD-2024-12638,2024-01-19,2024-01-21,First Class,CUST-690,Corporate,Nouvelle-Aquitaine,Technology,Copiers,171.84,3,0.0,45.38
CMD-2024-12639,2024-01-23,2024-01-27,Second Class,CUST-312,Corporate,Occitanie,Technology,Phones,57.44,8,0.0,20.53
CMD-2024-12640,2025-02-16,2025-02-19,First Class,CUST-628,Consumer,Hauts-de-France,Furniture,Tables,376.02,8,0.0,130.79
CMD-2024-12641,2024-01-30,2024-02-03,Same Day,CUST-445,Consumer,Occitanie,Technology,Machines,497.49,7,0.0,76.69
CMD-2024-12642,2024-04-17,2024-04-21,Second Class,CUST-518,Consumer,Nouvelle-Aquitaine,Technology,Machines,434.26,1,0.0,126.02
CMD-2024-12643,2025-01-01,2025-01-05,Standard Class,CUST-183,Home Office,Auvergne-Rhône-Alpes,Technology,Machines,139.97,3,0.1,39.59
CMD-2024-12644,2024-10-07,2024-10-11,First Class,CUST-296,Home Office,Île-de-France,Technology,Machines,327.75,1,0.0,98.23
CMD-2024-12645,2024-05-07,2024-05-12,Second Class,CUST-629,Corporate,Hauts-de-France,Technology,Machines,37.59,1,0.7,-9.25
CMD-2024-12646,2024-08-16,2024-08-21,Standard Class,CUST-320,Consumer,Nouvelle-Aquitaine,Office Supplies,Envelopes,24.04,1,0.0,6.86
CMD-2024-12647,2024-04-20,2024-04-21,First Class,CUST-275,Corporate,Île-de-France,Technology,Machines,322.85,3,0.0,143.67
CMD-2024-12648,2024-05-15,2024-05-19,Standard Class,CUST-683,Home Office,Auvergne-Rhône-Alpes,Furniture,Furnishings,136.88,3,0.0,32.56
CMD-2024-12649,2024-12-27,2024-12-29,Second Class,CUST-702,Corporate,Occitanie,Technology,Accessories,1206.23,1,0.0,214.27
CMD-2024-12650,2024-07-04,2024-07-07,Same Day,CUST-421,Corporate,Nouvelle-Aquitaine,Office Supplies,Paper,37.51,7,0.0,10.47
CMD-2024-12651,2025-10-17,2025-10-22,Same Day,CUST-634,Consumer,Nouvelle-Aquitaine,Technology,Phones,440.78,1,0.1,98.08
CMD-2024-12652,2025-08-06,2025-08-08,Standard Class,CUST-493,Consumer,Auvergne-Rhône-Alpes,Office Supplies,Storage,158.86,7,0.2,11.87
CMD-2024-12653,2024-05-08,2024-05-13,Second Class,CUST-739,Corporate,Occitanie,Furniture,Chairs,401.17,2,0.0,89.33
CMD-2024-12654,2024-09-17,2024-09-18,Second Class,CUST-670,Home Office,Nouvelle-Aquitaine,Technology,Copiers,388.77,7,0.0,136.7
CMD-2024-12655,2025-05-29,2025-06-01,First Class,CUST-423,Corporate,Île-de-France,Office Supplies,Art,559.91,7,0.0,147.33
CMD-2024-12656,2025-03-24,2025-03-29,Second Class,CUST-184,Home Office,Auvergne-Rhône-Alpes,Furniture,Chairs,92.79,7,0.3,6.44
CMD-2024-12657,2024-04-13,2024-04-16,Same Day,CUST-526,Corporate,Nouvelle-Aquitaine,Technology,Copiers,673.18,1,0.2,137.14
CMD-2024-12658,2025-04-27,2025-04-30,Second Class,CUST-367,Corporate,Occitanie,Office Supplies,Binders,51.19,5,0.0,19.37
CMD-2024-12659,2024-08-11,2024-08-13,First Class,CUST-211,Consumer,Hauts-de-France,Office Supplies,Art,33.82,2,0.0,8.88
CMD-2024-12660,2025-05-05,2025-05-10,First Class,CUST-727,Corporate,Nouvelle-Aquitaine,Furniture,Bookcases,139.29,2,0.5,-18.06
CMD-2024-12661,2025-04-17,2025-04-20,Second Class,CUST-497,Home Office,Occitanie,Technology,Machines,402.67,8,0.0,114.72
CMD-2024-12662,2024-01-10,2024-01-14,Second Class,CUST-151,Corporate,Auvergne-Rhône-Alpes,Office Supplies,Paper,156.1,2,0.1,50.15
CMD-2024-12663,2025-02-08,2025-02-11,First Class,CUST-183,Corporate,Occitanie,Office Supplies,Storage,403.91,5,0.0,167.07
CMD-2024-12664,2024-10-28,2024-10-31,First Class,CUST-722,Home Office,Occitanie,Office Supplies,Art,302.8,2,0.1,49.39
CMD-2024-12665,2024-08-18,2024-08-23,Standard Class,CUST-524,Corporate,Auvergne-Rhône-Alpes,Office Supplies,Storage,66.7,2,0.7,-30.18
CMD-2024-12666,2024-03-06,2024-03-10,Same Day,CUST-120,Corporate,Hauts-de-France,Technology,Accessories,669.19,3,0.7,-287.57
CMD-2024-12667,2024-04-21,2024-04-24,Same Day,CUST-787,Corporate,Île-de-France,Office Supplies,Storage,28.8,6,0.2,2.31
CMD-2024-12668,2024-01-13,2024-01-18,Standard Class,CUST-155,Corporate,Hauts-de-France,Technology,Accessories,517.82,8,0.0,165.33
CMD-2024-12669,2025-01-27,2025-02-01,Standard Class,CUST-390,Home Office,Île-de-France,Technology,Machines,94.87,3,0.1,24.39
CMD-2024-12670,2025-05-14,2025-05-17,Same Day,CUST-754,Home Office,Île-de-France,Furniture,Bookcases,167.56,1,0.0,41.79
CMD-2024-12671,2025-08-20,2025-08-21,First Class,CUST-472,Home Office,Île-de-France,Furniture,Chairs,135.73,8,0.7,-37.97
CMD-2024-12672,2024-08-21,2024-08-22,Same Day,CUST-107,Home Office,Nouvelle-Aquitaine,Technology,Phones,56.48,1,0.2,14.19
CMD-2024-12673,2025-08-24,2025-08-26,First Class,CUST-223,Corporate,Hauts-de-France,Office Supplies,Envelopes,112.55,8,0.0,38.9
CMD-2024-12674,2024-11-09,2024-11-10,Same Day,CUST-200,Home Office,Occitanie,Furniture,Tables,62.16,7,0.0,12.28
CMD-2024-12675,2025-07-19,2025-07-20,First Class,CUST-192,Corporate,Nouvelle-Aquitaine,Furniture,Tables,65.16,4,0.1,15.24
CMD-2024-12676,2024-01-12,2024-01-17,Same Day,CUST-484,Consumer,Auvergne-Rhône-Alpes,Office Supplies,Paper,60.56,8,0.7,-19.22
CMD-2024-12677,2024-07-27,2024-08-01,Standard Class,CUST-179,Corporate,Auvergne-Rhône-Alpes,Furniture,Chairs,162.71,6,0.1,52.26
CMD-2024-12678,2024-01-14,2024-01-17,Second Class,CUST-397,Corporate,Île-de-France,Technology,Copiers,366.81,5,0.0,93.57
CMD-2024-12679,2025-09-24,2025-09-27,Second Class,CUST-130,Home Office,Nouvelle-Aquitaine,Technology,Accessories,200.15,3,0.0,55.42
CMD-2024-12680,2025-02-21,2025-02-26,Second Class,CUST-477,Home Office,Nouvelle-Aquitaine,Office Supplies,Binders,507.11,8,0.0,167.14
CMD-2024-12681,2025-03-12,2025-03-15,First Class,CUST-429,Home Office,Auvergne-Rhône-Alpes,Technology,Copiers,237.66,1,0.5,-33.91
CMD-2024-12682,2025-01-11,2025-01-16,Second Class,CUST-398,Consumer,Occitanie,Furniture,Furnishings,272.19,5,0.7,-71.94
CMD-2024-12683,2024-01-20,2024-01-21,Same Day,CUST-381,Corporate,Hauts-de-France,Furniture,Tables,257.32,2,0.5,-74.08
CMD-2024-12684,2025-08-09,2025-08-12,Second Class,CUST-111,Consumer,Hauts-de-France,Furniture,Furnishings,146.31,5,0.2,20.35
CMD-2024-12685,2024-03-10,2024-03-11,First Class,CUST-738,Corporate,Île-de-France,Technology,Accessories,272.19,3,0.1,26.27
CMD-2024-12686,2024-07-29,2024-07-31,First Class,CUST-798,Corporate,Île-de-France,Furniture,Bookcases,30.9,6,0.1,4.78
CMD-2024-12687,2024-04-10,2024-04-13,First Class,CUST-168,Consumer,Île-de-France,Furniture,Furnishings,447.31,4,0.1,115.62
CMD-2024-12688,2025-11-28,2025-12-03,Same Day,CUST-622,Consumer,Auvergne-Rhône-Alpes,Office Supplies,Binders,345.93,7,0.2,5.96
CMD-2024-12689,2024-05-11,2024-05-16,First Class,CUST-122,Corporate,Auvergne-Rhône-Alpes,Technology,Machines,76.9,3,0.0,18.66
CMD-2024-12690,2025-09-14,2025-09-16,Same Day,CUST-436,Consumer,Hauts-de-France,Furniture,Chairs,336.45,7,0.2,60.86
CMD-2024-12691,2025-01-15,2025-01-20,First Class,CUST-526,Home Office,Île-de-France,Furniture,Bookcases,17.8,6,0.0,6.15
CMD-2024-12692,2024-05-11,2024-05-12,Standard Class,CUST-308,Corporate,Nouvelle-Aquitaine,Furniture,Tables,68.89,1,0.0,12.22
CMD-2024-12693,2024-01-20,2024-01-25,First Class,CUST-314,Home Office,Occitanie,Office Supplies,Art,29.82,7,0.3,1.59
CMD-2024-12694,2025-06-19,2025-06-21,Second Class,CUST-734,Consumer,Auvergne-Rhône-Alpes,Technology,Copiers,348.34,1,0.5,-89.11
CMD-2024-12695,2024-08-14,2024-08-18,Second Class,CUST-522,Home Office,Île-de-France,Technology,Copiers,325.22,5,0.1,44.13
CMD-2024-12696,2024-06-02,2024-06-06,Standard Class,CUST-172,Consumer,Île-de-France,Office Supplies,Art,384.61,3,0.0,110.68
CMD-2024-12697,2025-04-13,2025-04-14,First Class,CUST-705,Home Office,Auvergne-Rhône-Alpes,Furniture,Furnishings,15.99,1,0.5,-4.27
CMD-2024-12698,2025-02-08,2025-02-12,Second Class,CUST-765,Consumer,Hauts-de-France,Furniture,Bookcases,168.04,2,0.2,45.05
CMD-2024-12699,2024-07-20,2024-07-25,Second Class,CUST-373,Corporate,Hauts-de-France,Technology,Phones,283.45,2,0.0,56.58
CMD-2024-12700,2024-02-07,2024-02-09,Same Day,CUST-739,Corporate,Hauts-de-France,Technology,Phones,52.16,4,0.1,15.36
CMD-2024-12701,2024-07-06,2024-07-07,Same Day,CUST-332,Corporate,Hauts-de-France,Technology,Phones,245.83,5,0.0,98.07
CMD-2024-12702,2024-02-26,2024-03-01,First Class,CUST-140,Corporate,Nouvelle-Aquitaine,Technology,Accessories,34.33,1,0.1,12.3
CMD-2024-12703,2024-01-20,2024-01-25,Standard Class,CUST-388,Consumer,Île-de-France,Furniture,Chairs,59.02,4,0.3,0.51
CMD-2024-12704,2024-09-29,2024-10-04,First Class,CUST-654,Home Office,Hauts-de-France,Office Supplies,Storage,157.09,2,0.0,64.76
CMD-2024-12705,2024-04-28,2024-05-01,Same Day,CUST-369,Corporate,Hauts-de-France,Technology,Machines,248.21,4,0.0,108.53
CMD-2024-12706,2025-08-05,2025-08-08,Same Day,CUST-538,Consumer,Occitanie,Technology,Accessories,49.69,8,0.0,10.03
CMD-2024-12707,2025-05-30,2025-06-01,First Class,CUST-413,Consumer,Occitanie,Technology,Machines,60.07,4,0.0,17.65
CMD-2024-12708,2024-08-08,2024-08-09,First Class,CUST-609,Corporate,Île-de-France,Furniture,Furnishings,65.32,1,0.0,10.97
CMD-2024-12709,2025-06-09,2025-06-13,First Class,CUST-493,Corporate,Auvergne-Rhône-Alpes,Technology,Machines,75.0,1,0.0,25.22
CMD-2024-12710,2025-05-29,2025-06-02,First Class,CUST-127,Consumer,Hauts-de-France,Office Supplies,Envelopes,71.52,1,0.0,23.2
CMD-2024-12711,2025-12-28,2026-01-02,Standard Class,CUST-369,Home Office,Nouvelle-Aquitaine,Office Supplies,Paper,125.61,5,0.0,26.53
CMD-2024-12712,2024-12-01,2024-12-05,Second Class,CUST-566,Consumer,Occitanie,Office Supplies,Art,248.36,7,0.0,96.7
CMD-2024-12713,2025-11-28,2025-11-30,First Class,CUST-173,Corporate,Hauts-de-France,Office Supplies,Envelopes,141.79,4,0.0,22.85
CMD-2024-12714,2024-02-24,2024-02-27,Second Class,CUST-756,Corporate,Auvergne-Rhône-Alpes,Furniture,Chairs,344.12,4,0.1,103.88
CMD-2024-12715,2025-05-14,2025-05-19,Same Day,CUST-773,Corporate,Nouvelle-Aquitaine,Furniture,Chairs,294.48,5,0.1,20.02
CMD-2024-12716,2025-06-19,2025-06-20,Second Class,CUST-345,Home Office,Occitanie,Technology,Copiers,44.76,2,0.0,15.53
CMD-2024-12717,2024-06-10,2024-06-15,First Class,CUST-509,Home Office,Auvergne-Rhône-Alpes,Furniture,Bookcases,26.02,3,0.1,2.18
CMD-2024-12718,2025-10-31,2025-11-04,Second Class,CUST-597,Home Office,Auvergne-Rhône-Alpes,Office Supplies,Paper,477.72,7,0.7,-193.3
CMD-2024-12719,2025-08-16,2025-08-18,First Class,CUST-517,Consumer,Nouvelle-Aquitaine,Technology,Accessories,33.3,2,0.5,-2.78
CMD-2024-12720,2024-06-07,2024-06-08,First Class,CUST-310,Consumer,Nouvelle-Aquitaine,Office Supplies,Paper,50.32,5,0.0,11.78
CMD-2024-12721,2024-07-06,2024-07-11,Same Day,CUST-322,Home Office,Occitanie,Technology,Copiers,19.92,7,0.2,2.46
CMD-2024-12722,2024-02-29,2024-03-04,First Class,CUST-459,Home Office,Nouvelle-Aquitaine,Office Supplies,Paper,232.75,7,0.0,98.82
CMD-2024-12723,2024-11-14,2024-11-19,Same Day,CUST-681,Corporate,Hauts-de-France,Office Supplies,Art,207.1,4,0.0,34.15
CMD-2024-12724,2024-07-29,2024-07-30,Standard Class,CUST-119,Corporate,Nouvelle-Aquitaine,Office Supplies,Paper,968.79,4,0.0,381.05
CMD-2024-12725,2025-02-09,2025-02-13,First Class,CUST-522,Consumer,Auvergne-Rhône-Alpes,Office Supplies,Binders,494.55,1,0.0,83.87
CMD-2024-12726,2025-10-25,2025-10-28,Same Day,CUST-220,Home Office,Nouvelle-Aquitaine,Furniture,Furnishings,131.39,1,0.1,12.88
CMD-2024-12727,2024-04-18,2024-04-19,Same Day,CUST-272,Home Office,Occitanie,Office Supplies,Envelopes,117.2,8,0.2,0.68
CMD-2024-12728,2024-03-16,2024-03-19,First Class,CUST-133,Consumer,Hauts-de-France,Office Supplies,Art,92.48,4,0.2,24.81
CMD-2024-12729,2025-06-25,2025-06-28,Second Class,CUST-170,Home Office,Nouvelle-Aquitaine,Office Supplies,Storage,51.38,4,0.0,10.48
CMD-2024-12730,2024-11-09,2024-11-13,Same Day,CUST-644,Corporate,Hauts-de-France,Furniture,Furnishings,47.69,6,0.0,19.98
CMD-2024-12731,2024-04-26,2024-05-01,Standard Class,CUST-720,Home Office,Nouvelle-Aquitaine,Furniture,Bookcases,46.22,7,0.0,20.67
CMD-2024-12732,2025-12-04,2025-12-09,Second Class,CUST-634,Consumer,Hauts-de-France,Office Supplies,Envelopes,41.66,1,0.0,11.05
CMD-2024-12733,2024-01-19,2024-01-21,Second Class,CUST-757,Consumer,Nouvelle-Aquitaine,Furniture,Chairs,75.52,1,0.7,-21.95
CMD-2024-12734,2025-03-07,2025-03-08,First Class,CUST-113,Home Office,Nouvelle-Aquitaine,Office Supplies,Art,95.57,2,0.2,19.47
CMD-2024-12735,2025-11-15,2025-11-16,Same Day,CUST-405,Consumer,Île-de-France,Furniture,Bookcases,732.01,4,0.7,-265.14
CMD-2024-12736,2024-12-15,2024-12-19,Standard Class,CUST-647,Corporate,Auvergne-Rhône-Alpes,Technology,Phones,205.05,7,0.2,3.8
CMD-2024-12737,2024-07-01,2024-07-05,Same Day,CUST-370,Corporate,Occitanie,Furniture,Tables,980.74,4,0.0,274.73
CMD-2024-12738,2024-04-22,2024-04-24,Standard Class,CUST-152,Corporate,Occitanie,Furniture,Bookcases,117.51,5,0.0,44.84
CMD-2024-12739,2024-07-01,2024-07-03,Same Day,CUST-593,Home Office,Île-de-France,Technology,Machines,149.6,2,0.1,44.02
CMD-2024-12740,2025-04-25,2025-04-28,First Class,CUST-659,Consumer,Nouvelle-Aquitaine,Technology,Copiers,101.33,3,0.0,22.21
CMD-2024-12741,2024-05-25,2024-05-27,Standard Class,CUST-562,Corporate,Auvergne-Rhône-Alpes,Furniture,Tables,59.44,3,0.3,-4.01
CMD-2024-12742,2025-09-19,2025-09-24,First Class,CUST-622,Consumer,Hauts-de-France,Technology,Accessories,48.99,3,0.1,16.47
CMD-2024-12743,2024-04-22,2024-04-25,Same Day,CUST-423,Consumer,Île-de-France,Technology,Phones,653.41,7,0.0,106.64
CMD-2024-12744,2025-04-20,2025-04-22,Standard Class,CUST-623,Consumer,Occitanie,Office Supplies,Envelopes,967.24,6,0.2,184.18
CMD-2024-12745,2024-10-29,2024-11-03,Standard Class,CUST-542,Corporate,Occitanie,Office Supplies,Envelopes,25.11,1,0.3,-2.66
CMD-2024-12746,2024-04-27,2024-05-02,Same Day,CUST-350,Consumer,Occitanie,Office Supplies,Envelopes,50.84,7,0.0,20.41
CMD-2024-12747,2024-06-09,2024-06-12,First Class,CUST-259,Corporate,Nouvelle-Aquitaine,Office Supplies,Art,136.18,3,0.2,32.9
CMD-2024-12748,2025-02-04,2025-02-07,Standard Class,CUST-135,Corporate,Hauts-de-France,Office Supplies,Storage,60.37,5,0.0,14.44
CMD-2024-12749,2024-07-16,2024-07-21,Standard Class,CUST-760,Corporate,Hauts-de-France,Technology,Phones,114.52,8,0.1,9.41
CMD-2024-12750,2024-09-16,2024-09-20,Standard Class,CUST-297,Home Office,Hauts-de-France,Office Supplies,Binders,45.41,7,0.0,13.36
CMD-2024-12751,2025-10-21,2025-10-24,Same Day,CUST-549,Consumer,Nouvelle-Aquitaine,Office Supplies,Binders,149.14,7,0.0,35.72
CMD-2024-12752,2024-02-16,2024-02-17,Second Class,CUST-477,Home Office,Occitanie,Furniture,Bookcases,84.75,8,0.1,15.69
CMD-2024-12753,2025-02-02,2025-02-06,Same Day,CUST-345,Home Office,Occitanie,Technology,Phones,110.42,1,0.0,38.59
CMD-2024-12754,2025-12-10,2025-12-11,First Class,CUST-492,Home Office,Nouvelle-Aquitaine,Office Supplies,Envelopes,36.79,1,0.2,1.21
CMD-2024-12755,2025-07-12,2025-07-14,Second Class,CUST-303,Home Office,Auvergne-Rhône-Alpes,Technology,Phones,137.94,3,0.3,-1.78
CMD-2024-12756,2024-03-18,2024-03-21,Standard Class,CUST-143,Corporate,Nouvelle-Aquitaine,Furniture,Furnishings,914.76,1,0.0,351.97
CMD-2024-12757,2024-05-03,2024-05-06,Standard Class,CUST-414,Corporate,Nouvelle-Aquitaine,Technology,Accessories,102.72,8,0.2,16.76
CMD-2024-12758,2024-03-15,2024-03-20,Second Class,CUST-507,Consumer,Occitanie,Furniture,Chairs,475.01,2,0.1,75.0
CMD-2024-12759,2024-05-16,2024-05-19,Standard Class,CUST-305,Consumer,Hauts-de-France,Furniture,Chairs,422.61,8,0.0,147.61
CMD-2024-12760,2025-08-24,2025-08-25,Standard Class,CUST-340,Corporate,Occitanie,Technology,Accessories,683.31,8,0.2,136.38
CMD-2024-12761,2025-02-03,2025-02-07,Same Day,CUST-140,Consumer,Auvergne-Rhône-Alpes,Furniture,Chairs,358.46,2,0.1,85.22
CMD-2024-12762,2025-05-19,2025-05-21,Same Day,CUST-687,Consumer,Île-de-France,Furniture,Chairs,252.08,8,0.1,33.24
CMD-2024-12763,2025-05-14,2025-05-18,First Class,CUST-462,Home Office,Île-de-France,Office Supplies,Paper,442.24,3,0.5,-132.64
CMD-2024-12764,2025-07-26,2025-07-27,Standard Class,CUST-194,Home Office,Nouvelle-Aquitaine,Office Supplies,Binders,32.3,7,0.1,9.72
CMD-2024-12765,2024-05-17,2024-05-19,First Class,CUST-639,Home Office,Île-de-France,Furniture,Chairs,151.72,5,0.7,-35.38
CMD-2024-12766,2024-02-19,2024-02-24,First Class,CUST-243,Home Office,Hauts-de-France,Office Supplies,Storage,1012.35,1,0.1,272.61
CMD-2024-12767,2025-09-10,2025-09-13,Second Class,CUST-158,Home Office,Occitanie,Technology,Machines,337.95,4,0.0,58.46
CMD-2024-12768,2025-09-16,2025-09-19,Second Class,CUST-740,Corporate,Auvergne-Rhône-Alpes,Technology,Machines,734.87,7,0.1,173.11
CMD-2024-12769,2024-09-10,2024-09-15,Standard Class,CUST-608,Home Office,Auvergne-Rhône-Alpes,Technology,Machines,347.74,3,0.0,137.81
CMD-2024-12770,2025-09-21,2025-09-22,Second Class,CUST-612,Home Office,Auvergne-Rhône-Alpes,Furniture,Chairs,472.27,6,0.1,83.54
CMD-2024-12771,2025-12-10,2025-12-15,First Class,CUST-121,Corporate,Occitanie,Technology,Phones,284.72,1,0.2,8.37
CMD-2024-12772,2025-07-16,2025-07-17,Same Day,CUST-303,Home Office,Hauts-de-France,Technology,Machines,329.43,3,0.1,77.84
CMD-2024-12773,2025-03-01,2025-03-03,Second Class,CUST-798,Consumer,Auvergne-Rhône-Alpes,Office Supplies,Paper,177.93,8,0.0,70.8
CMD-2024-12774,2025-06-30,2025-07-04,First Class,CUST-570,Corporate,Île-de-France,Office Supplies,Paper,582.63,3,0.1,43.5
CMD-2024-12775,2024-10-28,2024-11-01,Second Class,CUST-383,Consumer,Hauts-de-France,Furniture,Bookcases,398.5,5,0.0,131.14
CMD-2024-12776,2025-08-03,2025-08-08,Standard Class,CUST-471,Consumer,Hauts-de-France,Technology,Accessories,423.58,4,0.2,69.02
CMD-2024-12777,2024-12-14,2024-12-17,Second Class,CUST-597,Corporate,Hauts-de-France,Furniture,Furnishings,260.92,1,0.2,39.32
CMD-2024-12778,2024-02-18,2024-02-23,Same Day,CUST-431,Corporate,Auvergne-Rhône-Alpes,Furniture,Chairs,94.91,3,0.5,-9.96
CMD-2024-12779,2024-03-14,2024-03-17,Standard Class,CUST-126,Home Office,Hauts-de-France,Office Supplies,Art,22.98,3,0.0,7.8
CMD-2024-12780,2025-12-04,2025-12-09,Second Class,CUST-228,Corporate,Auvergne-Rhône-Alpes,Technology,Copiers,618.57,7,0.1,61.31
CMD-2024-12781,2024-09-17,2024-09-22,Same Day,CUST-479,Corporate,Île-de-France,Office Supplies,Envelopes,209.08,1,0.1,27.28
CMD-2024-12782,2024-12-21,2024-12-25,First Class,CUST-606,Home Office,Île-de-France,Office Supplies,Binders,92.89,8,0.5,-10.62
CMD-2024-12783,2025-08-04,2025-08-07,Second Class,CUST-194,Home Office,Île-de-France,Technology,Machines,50.53,3,0.1,3.3
CMD-2024-12784,2025-08-24,2025-08-28,Second Class,CUST-677,Corporate,Île-de-France,Office Supplies,Storage,404.21,3,0.0,137.6
CMD-2024-12785,2024-09-16,2024-09-19,First Class,CUST-276,Home Office,Hauts-de-France,Furniture,Chairs,413.43,3,0.0,144.54
CMD-2024-12786,2025-09-29,2025-10-01,First Class,CUST-572,Home Office,Hauts-de-France,Technology,Copiers,385.64,2,0.2,16.1
CMD-2024-12787,2024-10-21,2024-10-23,Second Class,CUST-585,Home Office,Auvergne-Rhône-Alpes,Furniture,Bookcases,242.89,2,0.2,36.3
CMD-2024-12788,2025-10-02,2025-10-04,Same Day,CUST-374,Consumer,Île-de-France,Technology,Machines,115.26,4,0.3,4.64
CMD-2024-12789,2024-11-08,2024-11-09,First Class,CUST-767,Home Office,Nouvelle-Aquitaine,Technology,Accessories,94.75,5,0.0,21.62
CMD-2024-12790,2025-09-03,2025-09-07,First Class,CUST-522,Consumer,Île-de-France,Furniture,Chairs,16.89,7,0.5,-2.72
CMD-2024-12791,2024-06-30,2024-07-04,Same Day,CUST-630,Corporate,Occitanie,Office Supplies,Art,409.55,7,0.0,173.19
CMD-2024-12792,2025-11-16,2025-11-18,Second Class,CUST-419,Consumer,Nouvelle-Aquitaine,Office Supplies,Paper,35.13,1,0.7,-12.37
CMD-2024-12793,2024-12-29,2025-01-03,Standard Class,CUST-157,Consumer,Occitanie,Office Supplies,Art,234.18,5,0.3,16.15
CMD-2024-12794,2024-07-06,2024-07-10,Second Class,CUST-372,Consumer,Nouvelle-Aquitaine,Technology,Copiers,169.29,8,0.2,-3.28
CMD-2024-12795,2025-07-22,2025-07-25,Second Class,CUST-297,Consumer,Auvergne-Rhône-Alpes,Office Supplies,Storage,179.56,5,0.2,-1.2
CMD-2024-12796,2025-06-26,2025-06-30,Standard Class,CUST-178,Consumer,Hauts-de-France,Furniture,Bookcases,589.94,7,0.0,102.88
CMD-2024-12797,2025-08-18,2025-08-22,Second Class,CUST-140,Consumer,Auvergne-Rhône-Alpes,Office Supplies,Storage,22.07,8,0.0,8.46
CMD-2024-12798,2025-10-25,2025-10-28,Second Class,CUST-344,Corporate,Nouvelle-Aquitaine,Office Supplies,Art,341.6,2,0.0,87.13
CMD-2024-12799,2025-07-01,2025-07-03,First Class,CUST-122,Corporate,Île-de-France,Office Supplies,Binders,26.76,4,0.0,5.84
CMD-2024-12800,2025-12-25,2025-12-27,Same Day,CUST-335,Corporate,Auvergne-Rhône-Alpes,Furniture,Chairs,23.56,8,0.1,6.7
CMD-2024-12801,2025-02-11,2025-02-14,Second Class,CUST-225,Consumer,Nouvelle-Aquitaine,Office Supplies,Paper,138.6,8,0.0,27.86
CMD-2024-12802,2025-09-09,2025-09-13,Standard Class,CUST-239,Home Office,Île-de-France,Technology,Phones,29.33,5,0.3,-1.35
CMD-2024-12803,2025-02-17,2025-02-21,Standard Class,CUST-493,Consumer,Hauts-de-France,Office Supplies,Storage,357.45,7,0.0,99.83
CMD-2024-12804,2024-12-07,2024-12-09,First Class,CUST-226,Corporate,Nouvelle-Aquitaine,Technology,Machines,180.9,5,0.2,12.56
CMD-2024-12805,2024-08-07,2024-08-08,Second Class,CUST-213,Consumer,Occitanie,Technology,Accessories,21.48,3,0.2,3.13
CMD-2024-12806,2024-06-11,2024-06-13,Second Class,CUST-624,Corporate,Occitanie,Technology,Accessories,24.1,1,0.0,6.06
CMD-2024-12807,2024-08-07,2024-08-10,Second Class,CUST-327,Home Office,Occitanie,Office Supplies,Envelopes,223.66,4,0.0,59.92
CMD-2024-12808,2024-09-26,2024-09-27,Second Class,CUST-620,Home Office,Île-de-France,Furniture,Chairs,375.9,7,0.0,153.69
CMD-2024-12809,2025-09-23,2025-09-24,Standard Class,CUST-245,Corporate,Île-de-France,Furniture,Furnishings,141.7,1,0.2,33.35
CMD-2024-12810,2025-02-03,2025-02-06,Standard Class,CUST-262,Corporate,Auvergne-Rhône-Alpes,Office Supplies,Envelopes,192.92,8,0.1,59.48
CMD-2024-12811,2024-06-30,2024-07-05,First Class,CUST-268,Consumer,Île-de-France,Office Supplies,Art,368.89,2,0.0,151.04
CMD-2024-12812,2025-09-09,2025-09-11,Second Class,CUST-637,Consumer,Nouvelle-Aquitaine,Technology,Accessories,222.44,5,0.3,11.33
CMD-2024-12813,2025-12-29,2026-01-02,Standard Class,CUST-224,Consumer,Occitanie,Technology,Accessories,71.01,5,0.0,24.42
CMD-2024-12814,2024-07-23,2024-07-25,Second Class,CUST-399,Home Office,Hauts-de-France,Office Supplies,Art,223.88,6,0.2,30.71
CMD-2024-12815,2025-08-04,2025-08-07,Same Day,CUST-349,Home Office,Occitanie,Office Supplies,Storage,232.71,1,0.0,89.75
CMD-2024-12816,2025-07-09,2025-07-13,Same Day,CUST-621,Home Office,Nouvelle-Aquitaine,Furniture,Tables,306.43,2,0.2,41.46
CMD-2024-12817,2024-08-15,2024-08-20,Standard Class,CUST-204,Consumer,Hauts-de-France,Furniture,Bookcases,228.38,7,0.5,-60.9
CMD-2024-12818,2025-11-26,2025-11-29,Same Day,CUST-717,Corporate,Auvergne-Rhône-Alpes,Technology,Machines,780.95,6,0.2,166.24
CMD-2024-12819,2025-09-10,2025-09-12,Same Day,CUST-612,Corporate,Île-de-France,Office Supplies,Paper,63.35,8,0.0,23.96
CMD-2024-12820,2025-08-18,2025-08-19,Standard Class,CUST-793,Consumer,Nouvelle-Aquitaine,Furniture,Bookcases,678.91,6,0.0,268.91
CMD-2024-12821,2024-09-06,2024-09-09,First Class,CUST-605,Consumer,Île-de-France,Furniture,Bookcases,185.04,3,0.3,-11.63
CMD-2024-12822,2025-03-16,2025-03-19,Same Day,CUST-401,Corporate,Auvergne-Rhône-Alpes,Technology,Phones,260.21,6,0.1,36.82
CMD-2024-12823,2025-06-16,2025-06-18,Second Class,CUST-752,Corporate,Hauts-de-France,Office Supplies,Art,38.05,6,0.0,9.08
CMD-2024-12824,2024-07-14,2024-07-19,Same Day,CUST-329,Home Office,Nouvelle-Aquitaine,Furniture,Chairs,120.37,3,0.2,14.74
CMD-2024-12825,2025-11-20,2025-11-22,First Class,CUST-163,Consumer,Hauts-de-France,Technology,Copiers,337.74,5,0.0,64.23
CMD-2024-12826,2025-06-02,2025-06-04,First Class,CUST-689,Home Office,Nouvelle-Aquitaine,Furniture,Furnishings,285.0,5,0.0,75.7
CMD-2024-12827,2024-03-10,2024-03-15,First Class,CUST-331,Home Office,Auvergne-Rhône-Alpes,Office Supplies,Storage,24.01,8,0.5,-5.89
CMD-2024-12828,2025-09-30,2025-10-05,First Class,CUST-698,Corporate,Auvergne-Rhône-Alpes,Furniture,Chairs,189.01,4,0.1,26.35
CMD-2024-12829,2025-02-02,2025-02-05,First Class,CUST-282,Consumer,Auvergne-Rhône-Alpes,Office Supplies,Storage,35.33,6,0.0,12.79
CMD-2024-12830,2025-11-02,2025-11-03,Same Day,CUST-418,Corporate,Île-de-France,Furniture,Bookcases,1221.96,1,0.2,276.7
CMD-2024-12831,2024-07-21,2024-07-23,Same Day,CUST-757,Home Office,Occitanie,Office Supplies,Art,515.7,5,0.3,-58.34
CMD-2024-12832,2024-05-27,2024-05-28,Same Day,CUST-191,Consumer,Hauts-de-France,Technology,Copiers,19.69,2,0.0,6.3
CMD-2024-12833,2025-04-16,2025-04-21,Same Day,CUST-734,Home Office,Nouvelle-Aquitaine,Technology,Machines,445.43,7,0.2,-8.54
CMD-2024-12834,2025-10-16,2025-10-21,First Class,CUST-163,Home Office,Hauts-de-France,Technology,Copiers,569.1,1,0.2,-2.52
CMD-2024-12835,2024-07-17,2024-07-19,First Class,CUST-318,Corporate,Occitanie,Office Supplies,Envelopes,110.98,4,0.0,40.12
CMD-2024-12836,2025-03-01,2025-03-04,Second Class,CUST-718,Consumer,Île-de-France,Furniture,Chairs,294.66,6,0.1,82.71
CMD-2024-12837,2025-10-27,2025-10-29,Same Day,CUST-346,Consumer,Île-de-France,Office Supplies,Binders,143.39,3,0.0,56.52
CMD-2024-12838,2025-05-06,2025-05-09,First Class,CUST-572,Consumer,Occitanie,Office Supplies,Binders,249.27,4,0.2,27.99
CMD-2024-12839,2024-05-21,2024-05-25,Second Class,CUST-156,Consumer,Nouvelle-Aquitaine,Furniture,Furnishings,106.52,1,0.3,14.69
CMD-2024-12840,2024-11-08,2024-11-11,Second Class,CUST-144,Home Office,Occitanie,Office Supplies,Art,100.68,3,0.0,20.14
CMD-2024-12841,2024-06-13,2024-06-15,Standard Class,CUST-185,Corporate,Île-de-France,Technology,Copiers,136.53,8,0.3,-6.16
CMD-2024-12842,2024-11-09,2024-11-11,Same Day,CUST-137,Consumer,Île-de-France,Office Supplies,Binders,49.61,2,0.2,0.51
CMD-2024-12843,2024-01-21,2024-01-24,First Class,CUST-281,Home Office,Hauts-de-France,Furniture,Bookcases,406.31,3,0.0,158.16
CMD-2024-12844,2024-03-22,2024-03-23,Same Day,CUST-263,Corporate,Nouvelle-Aquitaine,Furniture,Chairs,109.33,3,0.2,4.22
CMD-2024-12845,2025-08-03,2025-08-06,Second Class,CUST-225,Corporate,Nouvelle-Aquitaine,Office Supplies,Binders,127.44,2,0.0,25.06
CMD-2024-12846,2024-05-10,2024-05-14,Same Day,CUST-306,Corporate,Île-de-France,Furniture,Chairs,508.86,5,0.5,-57.54
CMD-2024-12847,2025-08-21,2025-08-25,Standard Class,CUST-366,Consumer,Occitanie,Technology,Phones,166.01,5,0.1,13.8
CMD-2024-12848,2025-12-30,2025-12-31,Standard Class,CUST-453,Home Office,Île-de-France,Furniture,Bookcases,187.88,3,0.1,13.8
CMD-2024-12849,2024-10-31,2024-11-04,First Class,CUST-510,Corporate,Hauts-de-France,Furniture,Furnishings,704.69,7,0.2,1.42
CMD-2024-12850,2025-01-05,2025-01-07,First Class,CUST-698,Corporate,Occitanie,Office Supplies,Binders,494.15,3,0.1,29.68
CMD-2024-12851,2025-01-18,2025-01-19,First Class,CUST-756,Corporate,Île-de-France,Furniture,Bookcases,55.85,4,0.3,4.98
CMD-2024-12852,2025-03-20,2025-03-21,First Class,CUST-221,Home Office,Nouvelle-Aquitaine,Office Supplies,Art,156.01,7,0.1,35.67
CMD-2024-12853,2025-02-28,2025-03-01,Same Day,CUST-607,Home Office,Hauts-de-France,Furniture,Chairs,796.16,5,0.5,-188.72
CMD-2024-12854,2024-06-09,2024-06-12,Same Day,CUST-709,Consumer,Île-de-France,Furniture,Tables,117.48,2,0.1,15.26
CMD-2024-12855,2024-06-26,2024-06-29,Second Class,CUST-568,Consumer,Île-de-France,Office Supplies,Envelopes,117.2,6,0.0,46.09
CMD-2024-12856,2025-09-20,2025-09-21,Second Class,CUST-232,Home Office,Auvergne-Rhône-Alpes,Furniture,Chairs,62.73,6,0.5,-9.38
CMD-2024-12857,2025-12-08,2025-12-12,First Class,CUST-478,Consumer,Occitanie,Office Supplies,Art,41.71,3,0.2,7.49
CMD-2024-12858,2025-05-04,2025-05-06,Same Day,CUST-417,Home Office,Auvergne-Rhône-Alpes,Office Supplies,Binders,311.61,3,0.2,32.98
CMD-2024-12859,2024-11-22,2024-11-24,First Class,CUST-676,Consumer,Nouvelle-Aquitaine,Furniture,Tables,338.36,6,0.7,-138.28
CMD-2024-12860,2025-08-20,2025-08-23,Second Class,CUST-224,Consumer,Occitanie,Technology,Copiers,779.32,4,0.0,343.77
CMD-2024-12861,2024-10-15,2024-10-20,Same Day,CUST-550,Home Office,Hauts-de-France,Furniture,Bookcases,341.62,4,0.0,109.21
CMD-2024-12862,2025-08-15,2025-08-16,First Class,CUST-307,Corporate,Occitanie,Technology,Phones,76.35,4,0.0,14.45
CMD-2024-12863,2025-10-25,2025-10-30,Standard Class,CUST-399,Corporate,Île-de-France,Office Supplies,Binders,24.01,8,0.1,4.37
CMD-2024-12864,2025-07-26,2025-07-28,Second Class,CUST-588,Consumer,Île-de-France,Technology,Machines,945.45,1,0.3,-20.04
CMD-2024-12865,2025-07-26,2025-07-29,Standard Class,CUST-732,Corporate,Île-de-France,Technology,Phones,106.56,2,0.5,-25.12
CMD-2024-12866,2024-12-19,2024-12-22,Standard Class,CUST-241,Corporate,Occitanie,Technology,Phones,97.26,1,0.1,33.07
CMD-2024-12867,2024-01-28,2024-01-31,Same Day,CUST-573,Consumer,Île-de-France,Technology,Phones,535.08,3,0.2,125.36
CMD-2024-12868,2024-02-12,2024-02-15,Standard Class,CUST-668,Corporate,Île-de-France,Technology,Phones,208.54,4,0.5,-50.1
CMD-2024-12869,2025-11-11,2025-11-14,Standard Class,CUST-403,Home Office,Auvergne-Rhône-Alpes,Office Supplies,Envelopes,68.22,4,0.2,5.16
CMD-2024-12870,2025-02-26,2025-02-27,First Class,CUST-756,Home Office,Île-de-France,Office Supplies,Art,498.8,6,0.0,188.89
CMD-2024-12871,2025-08-20,2025-08-25,Same Day,CUST-655,Corporate,Auvergne-Rhône-Alpes,Office Supplies,Paper,1118.25,8,0.1,137.04
CMD-2024-12872,2024-06-25,2024-06-27,First Class,CUST-743,Home Office,Nouvelle-Aquitaine,Office Supplies,Paper,34.95,6,0.5,-4.28
CMD-2024-12873,2025-06-12,2025-06-14,First Class,CUST-692,Home Office,Occitanie,Technology,Phones,451.11,7,0.7,-121.83
CMD-2024-12874,2025-09-01,2025-09-04,First Class,CUST-129,Corporate,Auvergne-Rhône-Alpes,Office Supplies,Art,123.93,4,0.1,31.75
CMD-2024-12875,2025-05-08,2025-05-11,Same Day,CUST-476,Home Office,Occitanie,Technology,Accessories,178.35,8,0.3,16.39
CMD-2024-12876,2024-07-16,2024-07-19,Second Class,CUST-440,Consumer,Occitanie,Technology,Accessories,556.85,5,0.0,201.59
CMD-2024-12877,2025-09-01,2025-09-05,Same Day,CUST-308,Consumer,Hauts-de-France,Furniture,Chairs,812.73,6,0.0,357.15
CMD-2024-12878,2025-07-30,2025-08-01,First Class,CUST-342,Consumer,Auvergne-Rhône-Alpes,Technology,Copiers,81.89,2,0.5,-16.05
CMD-2024-12879,2025-05-31,2025-06-03,Second Class,CUST-794,Corporate,Île-de-France,Office Supplies,Art,67.65,8,0.0,27.98
CMD-2024-12880,2025-05-28,2025-06-02,Standard Class,CUST-257,Home Office,Hauts-de-France,Furniture,Chairs,33.47,1,0.0,5.24
CMD-2024-12881,2024-01-22,2024-01-26,Second Class,CUST-245,Corporate,Auvergne-Rhône-Alpes,Office Supplies,Art,196.52,8,0.0,46.47
CMD-2024-12882,2024-04-21,2024-04-22,Same Day,CUST-439,Corporate,Auvergne-Rhône-Alpes,Furniture,Furnishings,18.01,2,0.1,1.34
CMD-2024-12883,2024-02-26,2024-03-01,First Class,CUST-191,Home Office,Nouvelle-Aquitaine,Technology,Accessories,131.79,6,0.1,33.65
CMD-2024-12884,2024-03-06,2024-03-10,Standard Class,CUST-428,Home Office,Île-de-France,Office Supplies,Paper,31.77,4,0.0,5.73
CMD-2024-12885,2024-04-07,2024-04-11,Standard Class,CUST-271,Home Office,Nouvelle-Aquitaine,Technology,Machines,129.31,3,0.5,-5.99
CMD-2024-12886,2024-05-23,2024-05-28,First Class,CUST-130,Corporate,Occitanie,Furniture,Bookcases,23.97,8,0.5,-2.54
CMD-2024-12887,2025-03-10,2025-03-12,Standard Class,CUST-720,Corporate,Île-de-France,Technology,Copiers,411.69,5,0.0,65.31
CMD-2024-12888,2025-09-28,2025-10-01,Standard Class,CUST-371,Consumer,Nouvelle-Aquitaine,Furniture,Tables,66.79,6,0.0,24.34
CMD-2024-12889,2025-11-09,2025-11-14,Standard Class,CUST-194,Corporate,Nouvelle-Aquitaine,Office Supplies,Binders,102.55,2,0.2,23.44
CMD-2024-12890,2024-03-26,2024-03-31,Same Day,CUST-176,Home Office,Île-de-France,Furniture,Tables,463.93,8,0.2,78.1
CMD-2024-12891,2025-08-10,2025-08-13,Second Class,CUST-250,Corporate,Auvergne-Rhône-Alpes,Office Supplies,Envelopes,316.72,3,0.0,50.41
CMD-2024-12892,2024-12-09,2024-12-13,Same Day,CUST-241,Consumer,Occitanie,Office Supplies,Storage,69.39,6,0.0,28.27
CMD-2024-12893,2024-10-20,2024-10-21,Standard Class,CUST-330,Home Office,Hauts-de-France,Office Supplies,Binders,31.42,4,0.0,11.62
CMD-2024-12894,2025-07-24,2025-07-28,Same Day,CUST-227,Consumer,Hauts-de-France,Office Supplies,Paper,291.68,7,0.0,76.87
CMD-2024-12895,2025-10-11,2025-10-15,Standard Class,CUST-795,Corporate,Hauts-de-France,Technology,Machines,124.0,4,0.1,19.67
CMD-2024-12896,2025-09-02,2025-09-04,Same Day,CUST-596,Corporate,Occitanie,Office Supplies,Envelopes,334.61,4,0.2,38.13
CMD-2024-12897,2025-12-04,2025-12-08,Second Class,CUST-379,Consumer,Île-de-France,Technology,Accessories,144.65,4,0.2,33.29
CMD-2024-12898,2024-08-30,2024-08-31,First Class,CUST-640,Consumer,Île-de-France,Technology,Machines,108.42,6,0.2,4.95
CMD-2024-12899,2025-07-14,2025-07-19,Second Class,CUST-629,Home Office,Île-de-France,Office Supplies,Art,147.01,7,0.0,26.5
CMD-2024-12900,2024-02-01,2024-02-05,Same Day,CUST-230,Home Office,Hauts-de-France,Furniture,Tables,318.72,5,0.2,73.11
CMD-2024-12901,2025-01-25,2025-01-30,Same Day,CUST-560,Consumer,Auvergne-Rhône-Alpes,Furniture,Chairs,526.51,5,0.0,83.13
CMD-2024-12902,2024-10-03,2024-10-05,Second Class,CUST-368,Home Office,Nouvelle-Aquitaine,Technology,Phones,26.23,2,0.1,8.74
CMD-2024-12903,2025-06-15,2025-06-16,Same Day,CUST-717,Consumer,Hauts-de-France,Furniture,Chairs,178.37,6,0.2,11.01
CMD-2024-12904,2024-06-02,2024-06-05,First Class,CUST-768,Consumer,Occitanie,Technology,Machines,22.35,8,0.1,4.75
CMD-2024-12905,2025-01-17,2025-01-20,First Class,CUST-670,Corporate,Île-de-France,Technology,Phones,154.01,8,0.1,15.35
CMD-2024-12906,2024-03-08,2024-03-10,Second Class,CUST-703,Consumer,Nouvelle-Aquitaine,Technology,Phones,491.36,7,0.1,162.48
CMD-2024-12907,2024-08-01,2024-08-02,Standard Class,CUST-359,Home Office,Île-de-France,Furniture,Furnishings,113.73,8,0.5,-8.54
CMD-2024-12908,2025-10-16,2025-10-21,First Class,CUST-150,Consumer,Île-de-France,Furniture,Furnishings,607.88,7,0.1,205.01
CMD-2024-12909,2025-01-10,2025-01-12,Same Day,CUST-232,Corporate,Île-de-France,Technology,Copiers,234.1,4,0.2,40.96
CMD-2024-12910,2024-07-31,2024-08-04,Standard Class,CUST-778,Home Office,Auvergne-Rhône-Alpes,Office Supplies,Binders,613.5,8,0.7,-260.49
CMD-2024-12911,2024-03-19,2024-03-24,First Class,CUST-104,Consumer,Nouvelle-Aquitaine,Technology,Machines,326.38,5,0.2,20.39
CMD-2024-12912,2025-12-26,2025-12-30,Standard Class,CUST-747,Corporate,Hauts-de-France,Office Supplies,Art,39.02,6,0.1,8.04
CMD-2024-12913,2025-09-19,2025-09-23,Same Day,CUST-601,Home Office,Auvergne-Rhône-Alpes,Office Supplies,Envelopes,72.83,3,0.0,24.19
CMD-2024-12914,2025-08-26,2025-08-31,Second Class,CUST-283,Corporate,Occitanie,Office Supplies,Storage,125.25,5,0.0,53.6
CMD-2024-12915,2025-01-15,2025-01-19,Second Class,CUST-508,Corporate,Occitanie,Office Supplies,Envelopes,56.02,8,0.1,9.81
CMD-2024-12916,2025-11-10,2025-11-13,Same Day,CUST-190,Home Office,Hauts-de-France,Office Supplies,Envelopes,165.26,5,0.2,29.9
CMD-2024-12917,2024-02-27,2024-03-03,Second Class,CUST-535,Corporate,Nouvelle-Aquitaine,Furniture,Chairs,155.24,7,0.0,68.04
CMD-2024-12918,2024-01-26,2024-01-28,Same Day,CUST-288,Corporate,Hauts-de-France,Office Supplies,Storage,703.48,2,0.5,-178.89
CMD-2024-12919,2025-03-22,2025-03-25,Second Class,CUST-579,Corporate,Auvergne-Rhône-Alpes,Office Supplies,Binders,140.11,5,0.0,57.28
CMD-2024-12920,2024-03-06,2024-03-08,First Class,CUST-482,Home Office,Nouvelle-Aquitaine,Furniture,Furnishings,353.81,3,0.2,34.04
CMD-2024-12921,2024-09-10,2024-09-11,Second Class,CUST-421,Corporate,Occitanie,Technology,Copiers,641.07,4,0.0,237.02
CMD-2024-12922,2024-02-13,2024-02-15,Standard Class,CUST-542,Consumer,Nouvelle-Aquitaine,Office Supplies,Binders,476.01,1,0.1,70.48
CMD-2024-12923,2024-04-06,2024-04-11,Second Class,CUST-589,Corporate,Nouvelle-Aquitaine,Office Supplies,Binders,66.49,2,0.3,-1.32
CMD-2024-12924,2025-07-07,2025-07-09,Second Class,CUST-232,Consumer,Nouvelle-Aquitaine,Technology,Phones,165.75,3,0.0,26.21
CMD-2024-12925,2024-08-14,2024-08-15,Second Class,CUST-783,Corporate,Hauts-de-France,Furniture,Furnishings,109.01,2,0.0,48.12
CMD-2024-12926,2025-11-09,2025-11-13,Second Class,CUST-525,Consumer,Île-de-France,Office Supplies,Storage,127.33,8,0.1,38.71
CMD-2024-12927,2025-03-11,2025-03-16,First Class,CUST-349,Home Office,Auvergne-Rhône-Alpes,Furniture,Bookcases,113.46,6,0.1,10.0
CMD-2024-12928,2025-08-23,2025-08-26,Same Day,CUST-160,Corporate,Nouvelle-Aquitaine,Furniture,Furnishings,400.17,8,0.2,107.99
CMD-2024-12929,2025-01-13,2025-01-16,First Class,CUST-661,Consumer,Nouvelle-Aquitaine,Office Supplies,Envelopes,147.38,4,0.5,-17.46
CMD-2024-12930,2024-06-26,2024-06-28,First Class,CUST-521,Home Office,Hauts-de-France,Furniture,Tables,178.17,5,0.0,72.36
CMD-2024-12931,2025-03-02,2025-03-05,Standard Class,CUST-575,Corporate,Auvergne-Rhône-Alpes,Furniture,Tables,904.36,8,0.1,72.35
CMD-2024-12932,2025-12-09,2025-12-10,Same Day,CUST-322,Corporate,Auvergne-Rhône-Alpes,Office Supplies,Art,28.61,6,0.2,2.48
CMD-2024-12933,2024-11-02,2024-11-05,Same Day,CUST-537,Corporate,Occitanie,Office Supplies,Binders,162.26,5,0.7,-45.29
CMD-2024-12934,2025-05-18,2025-05-20,Standard Class,CUST-783,Home Office,Auvergne-Rhône-Alpes,Furniture,Chairs,342.25,8,0.5,-91.75
CMD-2024-12935,2024-09-24,2024-09-27,Same Day,CUST-483,Home Office,Auvergne-Rhône-Alpes,Furniture,Furnishings,51.06,7,0.2,5.96
CMD-2024-12936,2025-08-08,2025-08-12,Second Class,CUST-418,Consumer,Nouvelle-Aquitaine,Furniture,Tables,223.02,3,0.1,43.0
CMD-2024-12937,2024-01-08,2024-01-12,Same Day,CUST-324,Corporate,Île-de-France,Office Supplies,Binders,75.22,4,0.0,16.16
CMD-2024-12938,2025-05-22,2025-05-25,Standard Class,CUST-522,Consumer,Nouvelle-Aquitaine,Technology,Copiers,459.5,1,0.0,110.32
CMD-2024-12939,2025-04-20,2025-04-25,Standard Class,CUST-290,Consumer,Hauts-de-France,Technology,Copiers,102.15,1,0.1,35.77
CMD-2024-12940,2024-10-23,2024-10-26,Standard Class,CUST-178,Consumer,Auvergne-Rhône-Alpes,Furniture,Furnishings,102.8,5,0.2,5.82
CMD-2024-12941,2024-06-12,2024-06-16,Standard Class,CUST-464,Consumer,Île-de-France,Office Supplies,Storage,215.59,6,0.1,26.74
CMD-2024-12942,2025-04-29,2025-05-03,First Class,CUST-121,Consumer,Nouvelle-Aquitaine,Technology,Accessories,59.62,7,0.2,7.8
CMD-2024-12943,2025-08-19,2025-08-20,Same Day,CUST-647,Corporate,Occitanie,Technology,Accessories,88.77,4,0.0,31.18
CMD-2024-12944,2024-03-12,2024-03-14,First Class,CUST-429,Home Office,Hauts-de-France,Technology,Accessories,133.57,4,0.2,25.05
CMD-2024-12945,2025-07-20,2025-07-21,Standard Class,CUST-255,Consumer,Hauts-de-France,Office Supplies,Art,111.01,3,0.0,41.77
CMD-2024-12946,2025-07-12,2025-07-17,Standard Class,CUST-155,Home Office,Hauts-de-France,Technology,Machines,178.72,6,0.0,28.78
CMD-2024-12947,2024-08-25,2024-08-27,First Class,CUST-347,Consumer,Nouvelle-Aquitaine,Furniture,Bookcases,216.39,1,0.0,58.02
CMD-2024-12948,2024-04-13,2024-04-16,Second Class,CUST-360,Corporate,Île-de-France,Furniture,Tables,198.97,3,0.3,22.32
CMD-2024-12949,2024-07-28,2024-07-31,Same Day,CUST-534,Consumer,Île-de-France,Office Supplies,Binders,248.6,8,0.0,104.77
CMD-2024-12950,2025-07-07,2025-07-12,First Class,CUST-626,Consumer,Auvergne-Rhône-Alpes,Furniture,Tables,95.92,2,0.3,5.82
CMD-2024-12951,2025-04-12,2025-04-16,Same Day,CUST-577,Consumer,Île-de-France,Technology,Phones,44.74,4,0.0,7.41
CMD-2024-12952,2025-03-29,2025-04-01,Standard Class,CUST-799,Corporate,Occitanie,Furniture,Tables,329.71,1,0.1,59.02
CMD-2024-12953,2024-09-24,2024-09-25,Standard Class,CUST-637,Consumer,Hauts-de-France,Office Supplies,Storage,433.51,3,0.5,-120.4
CMD-2024-12954,2025-01-20,2025-01-24,Standard Class,CUST-634,Corporate,Nouvelle-Aquitaine,Furniture,Tables,80.35,5,0.1,22.86
CMD-2024-12955,2025-01-21,2025-01-24,Same Day,CUST-480,Home Office,Hauts-de-France,Office Supplies,Art,130.0,2,0.0,21.98
CMD-2024-12956,2024-09-15,2024-09-19,Same Day,CUST-202,Home Office,Hauts-de-France,Office Supplies,Storage,166.86,3,0.0,34.33
CMD-2024-12957,2024-10-09,2024-10-11,First Class,CUST-128,Home Office,Occitanie,Technology,Accessories,182.67,5,0.5,-31.95
CMD-2024-12958,2025-09-17,2025-09-20,Standard Class,CUST-582,Corporate,Hauts-de-France,Office Supplies,Binders,252.01,1,0.0,72.78
CMD-2024-12959,2024-02-09,2024-02-12,First Class,CUST-156,Consumer,Hauts-de-France,Technology,Machines,24.35,1,0.1,4.43
CMD-2024-12960,2025-04-30,2025-05-04,Second Class,CUST-161,Home Office,Occitanie,Furniture,Tables,296.22,2,0.1,58.95
CMD-2024-12961,2024-08-07,2024-08-09,Standard Class,CUST-147,Home Office,Occitanie,Technology,Copiers,29.07,5,0.0,10.58
CMD-2024-12962,2024-05-08,2024-05-09,Standard Class,CUST-466,Consumer,Île-de-France,Technology,Accessories,153.96,4,0.0,40.15
CMD-2024-12963,2025-06-03,2025-06-05,Second Class,CUST-646,Home Office,Hauts-de-France,Office Supplies,Art,401.84,7,0.2,53.98
CMD-2024-12964,2025-09-04,2025-09-05,First Class,CUST-657,Home Office,Auvergne-Rhône-Alpes,Technology,Phones,147.01,7,0.2,8.97
CMD-2024-12965,2025-11-18,2025-11-23,Same Day,CUST-644,Consumer,Auvergne-Rhône-Alpes,Office Supplies,Art,50.52,1,0.0,12.94
CMD-2024-12966,2025-09-10,2025-09-12,Standard Class,CUST-426,Corporate,Auvergne-Rhône-Alpes,Technology,Copiers,939.43,6,0.2,144.8
CMD-2024-12967,2025-09-04,2025-09-05,Same Day,CUST-365,Corporate,Occitanie,Technology,Accessories,499.18,4,0.3,13.55
CMD-2024-12968,2024-09-16,2024-09-20,Standard Class,CUST-275,Home Office,Hauts-de-France,Office Supplies,Storage,339.59,4,0.5,-28.22
CMD-2024-12969,2024-12-31,2025-01-01,Standard Class,CUST-143,Home Office,Île-de-France,Furniture,Furnishings,131.64,7,0.0,41.88
CMD-2024-12970,2025-06-27,2025-07-02,Same Day,CUST-318,Corporate,Hauts-de-France,Office Supplies,Storage,59.69,3,0.0,23.34
CMD-2024-12971,2025-10-10,2025-10-11,Standard Class,CUST-225,Home Office,Auvergne-Rhône-Alpes,Technology,Copiers,639.19,8,0.3,8.32
CMD-2024-12972,2025-06-07,2025-06-09,Second Class,CUST-478,Corporate,Nouvelle-Aquitaine,Furniture,Chairs,182.21,3,0.0,54.17
CMD-2024-12973,2024-01-16,2024-01-17,First Class,CUST-418,Home Office,Auvergne-Rhône-Alpes,Office Supplies,Binders,435.85,1,0.0,152.98
CMD-2024-12974,2024-05-08,2024-05-10,Second Class,CUST-404,Home Office,Occitanie,Furniture,Furnishings,107.11,4,0.3,-5.74
CMD-2024-12975,2025-07-28,2025-08-02,First Class,CUST-299,Corporate,Hauts-de-France,Furniture,Tables,104.85,3,0.0,27.87
CMD-2024-12976,2024-04-18,2024-04-19,Second Class,CUST-184,Consumer,Occitanie,Office Supplies,Art,947.01,5,0.0,319.57
CMD-2024-12977,2025-06-16,2025-06-17,Second Class,CUST-140,Home Office,Île-de-France,Office Supplies,Paper,177.31,5,0.0,28.13
CMD-2024-12978,2025-10-31,2025-11-05,First Class,CUST-650,Home Office,Hauts-de-France,Office Supplies,Paper,48.36,8,0.3,0.54
CMD-2024-12979,2024-09-25,2024-09-26,Standard Class,CUST-462,Consumer,Hauts-de-France,Office Supplies,Storage,69.57,5,0.0,22.93
CMD-2024-12980,2024-06-10,2024-06-12,Same Day,CUST-368,Home Office,Hauts-de-France,Office Supplies,Storage,159.69,8,0.3,27.18
CMD-2024-12981,2024-09-16,2024-09-19,Same Day,CUST-461,Consumer,Nouvelle-Aquitaine,Technology,Accessories,24.55,5,0.1,7.93
CMD-2024-12982,2024-04-11,2024-04-14,Same Day,CUST-466,Consumer,Hauts-de-France,Furniture,Tables,151.6,8,0.1,21.86
CMD-2024-12983,2025-05-20,2025-05-22,Standard Class,CUST-280,Corporate,Nouvelle-Aquitaine,Office Supplies,Binders,134.44,8,0.0,40.62
CMD-2024-12984,2025-07-24,2025-07-25,Second Class,CUST-330,Consumer,Hauts-de-France,Technology,Phones,347.45,8,0.0,58.0
CMD-2024-12985,2024-09-03,2024-09-05,Second Class,CUST-169,Corporate,Auvergne-Rhône-Alpes,Technology,Machines,111.45,4,0.1,14.74
CMD-2024-12986,2025-10-01,2025-10-06,Second Class,CUST-687,Corporate,Île-de-France,Technology,Accessories,905.64,5,0.0,346.37
CMD-2024-12987,2025-06-20,2025-06-22,Standard Class,CUST-588,Corporate,Hauts-de-France,Technology,Machines,58.87,4,0.5,-15.48
CMD-2024-12988,2024-05-10,2024-05-13,First Class,CUST-333,Home Office,Occitanie,Office Supplies,Art,211.68,7,0.1,29.07
CMD-2024-12989,2024-12-18,2024-12-22,Standard Class,CUST-528,Home Office,Auvergne-Rhône-Alpes,Office Supplies,Envelopes,35.68,1,0.1,12.25
CMD-2024-12990,2024-07-14,2024-07-19,Same Day,CUST-747,Consumer,Occitanie,Furniture,Furnishings,306.22,8,0.0,121.62
CMD-2024-12991,2025-10-27,2025-10-28,Second Class,CUST-765,Corporate,Occitanie,Technology,Copiers,1170.05,1,0.2,239.33
CMD-2024-12992,2025-01-16,2025-01-18,Standard Class,CUST-393,Home Office,Nouvelle-Aquitaine,Office Supplies,Storage,391.21,5,0.0,160.15
CMD-2024-12993,2025-10-06,2025-10-11,Standard Class,CUST-447,Home Office,Île-de-France,Furniture,Tables,193.48,5,0.0,72.53
CMD-2024-12994,2024-08-14,2024-08-17,Standard Class,CUST-198,Consumer,Occitanie,Office Supplies,Storage,160.88,5,0.3,-13.49
CMD-2024-12995,2025-12-01,2025-12-02,First Class,CUST-460,Home Office,Auvergne-Rhône-Alpes,Furniture,Bookcases,411.44,8,0.1,88.45
CMD-2024-12996,2025-04-20,2025-04-22,Second Class,CUST-457,Home Office,Île-de-France,Technology,Copiers,619.66,1,0.1,119.76
CMD-2024-12997,2025-04-21,2025-04-23,Standard Class,CUST-229,Home Office,Auvergne-Rhône-Alpes,Furniture,Furnishings,1011.34,3,0.1,155.08
CMD-2024-12998,2024-09-21,2024-09-22,Standard Class,CUST-618,Home Office,Occitanie,Office Supplies,Paper,126.12,1,0.2,27.77
CMD-2024-12999,2025-01-06,2025-01-10,Same Day,CUST-482,Home Office,Île-de-France,Office Supplies,Paper,1049.31,5,0.0,303.5
CMD-2024-13000,2025-04-30,2025-05-04,Second Class,CUST-716,Home Office,Hauts-de-France,Office Supplies,Paper,52.29,3,0.0,8.79
CMD-2024-13001,2025-03-09,2025-03-14,Standard Class,CUST-661,Consumer,Occitanie,Technology,Accessories,79.33,8,0.3,-2.98
CMD-2024-13002,2025-10-07,2025-10-09,Standard Class,CUST-163,Corporate,Occitanie,Office Supplies,Binders,35.51,3,0.0,7.76
CMD-2024-13003,2024-07-29,2024-08-03,Standard Class,CUST-495,Home Office,Nouvelle-Aquitaine,Office Supplies,Envelopes,84.76,2,0.2,20.02
CMD-2024-13004,2025-07-25,2025-07-26,Standard Class,CUST-280,Corporate,Auvergne-Rhône-Alpes,Technology,Machines,336.36,7,0.0,115.79
CMD-2024-13005,2025-01-11,2025-01-16,Second Class,CUST-686,Consumer,Hauts-de-France,Furniture,Tables,436.7,4,0.0,138.92
CMD-2024-13006,2025-01-29,2025-01-31,Standard Class,CUST-288,Consumer,Île-de-France,Technology,Copiers,347.0,7,0.0,104.79
CMD-2024-13007,2025-03-25,2025-03-29,First Class,CUST-282,Corporate,Occitanie,Technology,Machines,234.37,5,0.1,59.77
CMD-2024-13008,2024-12-29,2025-01-02,Standard Class,CUST-591,Corporate,Occitanie,Technology,Accessories,173.73,4,0.2,34.13
CMD-2024-13009,2025-04-01,2025-04-02,First Class,CUST-679,Consumer,Hauts-de-France,Technology,Phones,286.35,2,0.0,90.58
CMD-2024-13010,2025-12-25,2025-12-28,Second Class,CUST-269,Home Office,Occitanie,Furniture,Bookcases,124.05,4,0.0,53.53
CMD-2024-13011,2025-12-28,2026-01-02,Standard Class,CUST-421,Corporate,Auvergne-Rhône-Alpes,Technology,Machines,419.97,5,0.5,-2.92
CMD-2024-13012,2024-08-13,2024-08-14,Same Day,CUST-271,Corporate,Île-de-France,Technology,Accessories,263.75,2,0.0,118.32
CMD-2024-13013,2024-05-10,2024-05-14,First Class,CUST-383,Home Office,Hauts-de-France,Office Supplies,Storage,278.27,4,0.3,22.49
CMD-2024-13014,2025-08-10,2025-08-12,First Class,CUST-718,Corporate,Hauts-de-France,Furniture,Bookcases,183.9,8,0.5,-3.72
CMD-2024-13015,2025-04-20,2025-04-22,Standard Class,CUST-465,Home Office,Nouvelle-Aquitaine,Furniture,Chairs,491.26,1,0.7,-176.19
CMD-2024-13016,2024-10-03,2024-10-06,Same Day,CUST-210,Consumer,Île-de-France,Furniture,Bookcases,78.88,3,0.3,10.88
CMD-2024-13017,2024-06-04,2024-06-07,Same Day,CUST-177,Corporate,Hauts-de-France,Office Supplies,Paper,120.58,7,0.0,50.98
CMD-2024-13018,2024-08-05,2024-08-09,Standard Class,CUST-797,Home Office,Occitanie,Technology,Machines,345.76,2,0.5,-9.94
CMD-2024-13019,2024-07-08,2024-07-11,Second Class,CUST-352,Home Office,Île-de-France,Office Supplies,Envelopes,164.32,1,0.3,21.24
CMD-2024-13020,2025-02-20,2025-02-23,Second Class,CUST-335,Consumer,Auvergne-Rhône-Alpes,Technology,Phones,499.03,5,0.3,0.99
CMD-2024-13021,2025-11-05,2025-11-07,Standard Class,CUST-192,Corporate,Hauts-de-France,Office Supplies,Envelopes,108.56,3,0.0,21.46
CMD-2024-13022,2025-11-22,2025-11-27,Second Class,CUST-741,Home Office,Auvergne-Rhône-Alpes,Technology,Machines,116.41,7,0.5,-23.26
CMD-2024-13023,2025-06-29,2025-07-01,Same Day,CUST-794,Corporate,Hauts-de-France,Office Supplies,Art,498.09,2,0.2,99.71
CMD-2024-13024,2024-02-10,2024-02-12,Second Class,CUST-133,Home Office,Occitanie,Furniture,Furnishings,152.35,3,0.2,6.07
CMD-2024-13025,2024-11-02,2024-11-06,Second Class,CUST-580,Corporate,Nouvelle-Aquitaine,Furniture,Bookcases,174.7,6,0.0,51.27
CMD-2024-13026,2024-12-03,2024-12-07,Second Class,CUST-503,Corporate,Occitanie,Technology,Phones,104.01,8,0.0,33.24
CMD-2024-13027,2024-11-09,2024-11-14,Standard Class,CUST-321,Home Office,Auvergne-Rhône-Alpes,Furniture,Bookcases,86.26,6,0.5,-10.25
CMD-2024-13028,2024-03-15,2024-03-16,Standard Class,CUST-589,Home Office,Île-de-France,Office Supplies,Storage,249.73,2,0.1,85.09
CMD-2024-13029,2024-10-05,2024-10-08,First Class,CUST-439,Corporate,Auvergne-Rhône-Alpes,Office Supplies,Envelopes,43.08,2,0.0,15.01
CMD-2024-13030,2024-06-24,2024-06-27,Second Class,CUST-612,Corporate,Nouvelle-Aquitaine,Technology,Accessories,480.13,4,0.3,55.64
CMD-2024-13031,2025-10-23,2025-10-25,Standard Class,CUST-708,Consumer,Hauts-de-France,Furniture,Chairs,347.31,3,0.0,112.72
CMD-2024-13032,2024-09-29,2024-10-01,Same Day,CUST-698,Home Office,Hauts-de-France,Office Supplies,Art,61.56,6,0.0,24.63
CMD-2024-13033,2025-09-11,2025-09-16,First Class,CUST-351,Corporate,Auvergne-Rhône-Alpes,Furniture,Furnishings,275.53,7,0.0,63.12
CMD-2024-13034,2025-10-12,2025-10-15,Same Day,CUST-463,Corporate,Île-de-France,Office Supplies,Binders,218.04,6,0.0,46.43
CMD-2024-13035,2024-10-15,2024-10-17,Second Class,CUST-626,Home Office,Hauts-de-France,Office Supplies,Binders,59.88,3,0.0,25.62
CMD-2024-13036,2025-12-24,2025-12-26,Same Day,CUST-241,Corporate,Hauts-de-France,Office Supplies,Paper,85.2,6,0.0,30.51
CMD-2024-13037,2024-09-28,2024-10-02,First Class,CUST-410,Corporate,Nouvelle-Aquitaine,Furniture,Chairs,130.7,7,0.0,45.94
CMD-2024-13038,2024-03-06,2024-03-07,Second Class,CUST-484,Consumer,Nouvelle-Aquitaine,Furniture,Chairs,279.32,1,0.1,55.92
CMD-2024-13039,2025-04-27,2025-05-02,Standard Class,CUST-681,Consumer,Île-de-France,Technology,Machines,238.98,8,0.5,-44.69
CMD-2024-13040,2024-09-04,2024-09-05,Same Day,CUST-411,Home Office,Hauts-de-France,Office Supplies,Storage,182.15,6,0.1,41.29
CMD-2024-13041,2024-06-04,2024-06-05,Same Day,CUST-378,Home Office,Occitanie,Technology,Accessories,336.81,8,0.0,62.7
CMD-2024-13042,2024-02-16,2024-02-21,First Class,CUST-665,Home Office,Auvergne-Rhône-Alpes,Technology,Machines,327.08,6,0.0,93.68
CMD-2024-13043,2025-03-29,2025-04-01,Standard Class,CUST-445,Consumer,Hauts-de-France,Furniture,Chairs,226.63,5,0.3,3.76
CMD-2024-13044,2024-07-19,2024-07-21,Second Class,CUST-486,Consumer,Auvergne-Rhône-Alpes,Technology,Machines,355.21,1,0.7,-113.13
CMD-2024-13045,2025-10-21,2025-10-26,Second Class,CUST-401,Consumer,Hauts-de-France,Office Supplies,Paper,104.51,4,0.0,35.58
CMD-2024-13046,2024-05-03,2024-05-05,Second Class,CUST-606,Corporate,Nouvelle-Aquitaine,Furniture,Bookcases,483.76,2,0.0,211.5
CMD-2024-13047,2024-01-01,2024-01-05,First Class,CUST-346,Consumer,Île-de-France,Furniture,Chairs,224.94,7,0.1,57.51
CMD-2024-13048,2025-10-01,2025-10-02,Same Day,CUST-745,Consumer,Occitanie,Furniture,Tables,395.16,6,0.2,92.91
CMD-2024-13049,2024-07-09,2024-07-13,Same Day,CUST-587,Home Office,Nouvelle-Aquitaine,Office Supplies,Paper,188.86,7,0.1,42.85
CMD-2024-13050,2025-08-01,2025-08-02,Same Day,CUST-338,Consumer,Île-de-France,Technology,Copiers,69.22,4,0.1,17.17
CMD-2024-13051,2025-05-30,2025-06-02,Same Day,CUST-628,Consumer,Nouvelle-Aquitaine,Office Supplies,Binders,186.99,4,0.2,-1.69
CMD-2024-13052,2025-03-17,2025-03-22,First Class,CUST-448,Corporate,Auvergne-Rhône-Alpes,Office Supplies,Art,117.04,1,0.5,-30.43
CMD-2024-13053,2024-05-22,2024-05-25,First Class,CUST-451,Consumer,Hauts-de-France,Furniture,Tables,278.05,7,0.0,90.06
CMD-2024-13054,2024-07-09,2024-07-10,Standard Class,CUST-253,Home Office,Nouvelle-Aquitaine,Furniture,Bookcases,157.09,2,0.7,-56.75
CMD-2024-13055,2025-06-16,2025-06-20,First Class,CUST-609,Corporate,Île-de-France,Office Supplies,Binders,412.89,5,0.0,160.88
CMD-2024-13056,2024-08-14,2024-08-15,Same Day,CUST-285,Consumer,Hauts-de-France,Technology,Machines,264.35,4,0.2,35.15
CMD-2024-13057,2024-11-08,2024-11-11,Second Class,CUST-694,Consumer,Auvergne-Rhône-Alpes,Furniture,Bookcases,268.82,5,0.1,87.28
CMD-2024-13058,2025-09-20,2025-09-23,Standard Class,CUST-666,Consumer,Auvergne-Rhône-Alpes,Furniture,Chairs,68.86,2,0.1,24.22
CMD-2024-13059,2024-10-28,2024-11-01,Second Class,CUST-524,Corporate,Occitanie,Technology,Copiers,928.2,2,0.2,13.26
CMD-2024-13060,2025-10-15,2025-10-19,Second Class,CUST-161,Corporate,Hauts-de-France,Office Supplies,Art,420.48,8,0.0,112.88
CMD-2024-13061,2025-04-04,2025-04-07,Same Day,CUST-500,Consumer,Auvergne-Rhône-Alpes,Office Supplies,Envelopes,357.3,1,0.0,124.87
CMD-2024-13062,2025-02-04,2025-02-05,First Class,CUST-158,Home Office,Nouvelle-Aquitaine,Office Supplies,Envelopes,103.18,7,0.1,15.65
CMD-2024-13063,2025-07-04,2025-07-05,First Class,CUST-241,Consumer,Auvergne-Rhône-Alpes,Technology,Phones,183.76,3,0.1,25.75
CMD-2024-13064,2025-01-27,2025-02-01,First Class,CUST-565,Corporate,Auvergne-Rhône-Alpes,Technology,Machines,47.44,7,0.0,18.7
CMD-2024-13065,2024-07-25,2024-07-28,Same Day,CUST-248,Corporate,Auvergne-Rhône-Alpes,Furniture,Furnishings,185.11,6,0.5,-1.09
CMD-2024-13066,2024-07-28,2024-08-02,Same Day,CUST-546,Corporate,Occitanie,Technology,Machines,49.69,1,0.0,18.99
CMD-2024-13067,2024-04-24,2024-04-27,Second Class,CUST-273,Home Office,Île-de-France,Office Supplies,Art,192.16,7,0.0,59.01
CMD-2024-13068,2025-10-07,2025-10-12,Standard Class,CUST-410,Consumer,Auvergne-Rhône-Alpes,Furniture,Furnishings,245.16,5,0.0,69.32
CMD-2024-13069,2024-09-07,2024-09-09,First Class,CUST-161,Consumer,Île-de-France,Office Supplies,Envelopes,123.82,8,0.1,27.47
CMD-2024-13070,2024-08-06,2024-08-07,First Class,CUST-266,Corporate,Hauts-de-France,Furniture,Tables,166.85,7,0.0,48.19
CMD-2024-13071,2025-02-10,2025-02-11,Standard Class,CUST-781,Consumer,Île-de-France,Furniture,Furnishings,473.63,1,0.1,99.87
CMD-2024-13072,2025-03-18,2025-03-20,Second Class,CUST-202,Home Office,Hauts-de-France,Technology,Accessories,40.28,2,0.0,8.5
CMD-2024-13073,2025-08-25,2025-08-29,Second Class,CUST-127,Home Office,Occitanie,Technology,Copiers,360.17,8,0.0,151.68
CMD-2024-13074,2024-12-19,2024-12-21,Standard Class,CUST-695,Consumer,Hauts-de-France,Furniture,Bookcases,56.19,4,0.2,11.03
CMD-2024-13075,2025-07-11,2025-07-12,First Class,CUST-607,Consumer,Hauts-de-France,Office Supplies,Art,23.23,8,0.1,6.14
CMD-2024-13076,2025-07-03,2025-07-06,Same Day,CUST-233,Consumer,Nouvelle-Aquitaine,Office Supplies,Paper,60.16,8,0.0,26.17
CMD-2024-13077,2024-05-21,2024-05-26,Same Day,CUST-158,Consumer,Occitanie,Office Supplies,Paper,333.64,6,0.0,78.51
CMD-2024-13078,2025-09-03,2025-09-04,Standard Class,CUST-189,Consumer,Auvergne-Rhône-Alpes,Office Supplies,Paper,129.27,6,0.3,-12.36
CMD-2024-13079,2025-05-15,2025-05-17,First Class,CUST-169,Consumer,Occitanie,Technology,Machines,468.16,3,0.0,186.25
CMD-2024-13080,2025-12-02,2025-12-05,Standard Class,CUST-284,Corporate,Nouvelle-Aquitaine,Technology,Accessories,178.64,2,0.5,-0.08
CMD-2024-13081,2025-06-30,2025-07-01,Second Class,CUST-537,Corporate,Hauts-de-France,Technology,Accessories,19.95,6,0.1,4.66
CMD-2024-13082,2025-10-20,2025-10-22,Second Class,CUST-671,Corporate,Occitanie,Office Supplies,Envelopes,292.49,8,0.0,49.03
CMD-2024-13083,2025-06-25,2025-06-26,Same Day,CUST-573,Home Office,Nouvelle-Aquitaine,Furniture,Chairs,40.7,6,0.2,8.31
CMD-2024-13084,2025-05-21,2025-05-23,Second Class,CUST-756,Home Office,Auvergne-Rhône-Alpes,Office Supplies,Envelopes,357.69,4,0.3,-35.01
CMD-2024-13085,2025-08-18,2025-08-20,Second Class,CUST-267,Home Office,Hauts-de-France,Furniture,Furnishings,55.49,5,0.0,17.31
CMD-2024-13086,2024-10-07,2024-10-08,Standard Class,CUST-677,Home Office,Occitanie,Office Supplies,Paper,108.24,5,0.0,25.25
CMD-2024-13087,2025-02-27,2025-03-02,Standard Class,CUST-223,Corporate,Occitanie,Office Supplies,Paper,330.13,5,0.0,140.14
CMD-2024-13088,2024-09-26,2024-09-27,First Class,CUST-312,Consumer,Hauts-de-France,Technology,Copiers,693.51,1,0.5,-114.15
CMD-2024-13089,2024-06-02,2024-06-03,Standard Class,CUST-281,Consumer,Occitanie,Furniture,Tables,117.15,5,0.2,28.06
CMD-2024-13090,2025-09-05,2025-09-08,First Class,CUST-170,Consumer,Hauts-de-France,Furniture,Furnishings,404.06,5,0.0,96.86
CMD-2024-13091,2025-12-27,2025-12-28,Same Day,CUST-655,Home Office,Nouvelle-Aquitaine,Technology,Phones,61.57,1,0.0,16.39
CMD-2024-13092,2025-10-23,2025-10-28,Standard Class,CUST-294,Corporate,Hauts-de-France,Furniture,Furnishings,377.12,8,0.0,163.72
CMD-2024-13093,2024-03-23,2024-03-28,Standard Class,CUST-668,Consumer,Auvergne-Rhône-Alpes,Office Supplies,Art,250.72,8,0.0,52.75
CMD-2024-13094,2025-09-13,2025-09-18,Standard Class,CUST-391,Home Office,Hauts-de-France,Technology,Copiers,62.11,8,0.0,20.1
CMD-2024-13095,2025-03-01,2025-03-03,Same Day,CUST-156,Home Office,Occitanie,Furniture,Chairs,94.26,4,0.2,8.16
CMD-2024-13096,2024-10-01,2024-10-05,Standard Class,CUST-782,Home Office,Hauts-de-France,Office Supplies,Storage,46.09,2,0.0,17.62
CMD-2024-13097,2025-12-13,2025-12-14,Second Class,CUST-399,Consumer,Hauts-de-France,Technology,Accessories,121.22,6,0.0,22.88
CMD-2024-13098,2024-10-10,2024-10-14,Standard Class,CUST-417,Corporate,Hauts-de-France,Furniture,Bookcases,65.1,3,0.1,12.44
CMD-2024-13099,2024-06-21,2024-06-26,First Class,CUST-470,Consumer,Auvergne-Rhône-Alpes,Technology,Phones,242.22,6,0.0,87.12
CMD-2024-13100,2024-11-22,2024-11-25,Second Class,CUST-182,Corporate,Auvergne-Rhône-Alpes,Office Supplies,Binders,1159.87,8,0.0,315.61
CMD-2024-13101,2025-12-18,2025-12-23,Standard Class,CUST-193,Corporate,Occitanie,Technology,Accessories,17.66,8,0.0,2.96
CMD-2024-13102,2024-03-03,2024-03-04,Standard Class,CUST-366,Consumer,Occitanie,Office Supplies,Paper,186.28,5,0.0,67.35
CMD-2024-13103,2024-03-13,2024-03-17,Same Day,CUST-475,Consumer,Hauts-de-France,Furniture,Bookcases,202.56,5,0.3,6.27
CMD-2024-13104,2025-09-27,2025-10-01,First Class,CUST-260,Home Office,Île-de-France,Technology,Accessories,555.28,7,0.2,-14.77
CMD-2024-13105,2025-01-09,2025-01-11,Second Class,CUST-713,Home Office,Nouvelle-Aquitaine,Furniture,Bookcases,170.15,6,0.0,56.8
CMD-2024-13106,2025-09-24,2025-09-27,Second Class,CUST-601,Consumer,Hauts-de-France,Furniture,Furnishings,187.61,8,0.0,79.92
CMD-2024-13107,2025-05-22,2025-05-27,Same Day,CUST-476,Consumer,Nouvelle-Aquitaine,Furniture,Bookcases,155.36,6,0.0,28.48
CMD-2024-13108,2025-02-01,2025-02-04,Second Class,CUST-211,Corporate,Auvergne-Rhône-Alpes,Furniture,Chairs,83.91,7,0.1,19.9
CMD-2024-13109,2024-04-29,2024-04-30,Second Class,CUST-677,Corporate,Occitanie,Furniture,Furnishings,27.69,5,0.1,7.71
CMD-2024-13110,2025-03-12,2025-03-14,First Class,CUST-721,Home Office,Île-de-France,Technology,Accessories,130.58,8,0.1,10.61
CMD-2024-13111,2025-11-06,2025-11-11,Standard Class,CUST-731,Corporate,Occitanie,Technology,Accessories,26.89,1,0.0,4.22
CMD-2024-13112,2025-04-09,2025-04-10,Standard Class,CUST-378,Consumer,Auvergne-Rhône-Alpes,Office Supplies,Paper,190.91,8,0.0,55.22
CMD-2024-13113,2024-10-12,2024-10-15,Second Class,CUST-532,Corporate,Hauts-de-France,Furniture,Furnishings,95.77,1,0.2,19.86
CMD-2024-13114,2024-09-21,2024-09-23,First Class,CUST-759,Corporate,Auvergne-Rhône-Alpes,Furniture,Tables,182.8,1,0.3,-13.12
CMD-2024-13115,2024-11-15,2024-11-20,Same Day,CUST-341,Corporate,Île-de-France,Office Supplies,Binders,46.73,3,0.5,-2.29
CMD-2024-13116,2025-11-03,2025-11-06,Standard Class,CUST-321,Consumer,Hauts-de-France,Furniture,Furnishings,608.46,2,0.0,211.12
CMD-2024-13117,2025-01-10,2025-01-15,Second Class,CUST-385,Home Office,Hauts-de-France,Office Supplies,Paper,509.83,5,0.2,35.51
CMD-2024-13118,2024-03-29,2024-03-31,Second Class,CUST-103,Corporate,Île-de-France,Technology,Copiers,61.36,4,0.2,7.65
CMD-2024-13119,2025-10-15,2025-10-17,First Class,CUST-419,Consumer,Occitanie,Technology,Copiers,107.56,6,0.5,-1.11
CMD-2024-13120,2024-07-21,2024-07-24,First Class,CUST-420,Corporate,Hauts-de-France,Office Supplies,Storage,224.13,6,0.0,48.17
CMD-2024-13121,2024-11-29,2024-12-04,First Class,CUST-107,Corporate,Occitanie,Furniture,Furnishings,37.13,5,0.2,4.45
CMD-2024-13122,2024-08-09,2024-08-13,Second Class,CUST-151,Consumer,Nouvelle-Aquitaine,Office Supplies,Storage,111.32,5,0.0,37.55
CMD-2024-13123,2024-02-10,2024-02-11,First Class,CUST-241,Corporate,Île-de-France,Technology,Copiers,78.62,5,0.1,7.97
CMD-2024-13124,2025-12-08,2025-12-10,Second Class,CUST-379,Consumer,Nouvelle-Aquitaine,Furniture,Chairs,558.66,6,0.0,91.09
CMD-2024-13125,2024-03-08,2024-03-13,Standard Class,CUST-187,Home Office,Hauts-de-France,Office Supplies,Binders,436.08,7,0.2,-11.32
CMD-2024-13126,2025-05-28,2025-05-31,Second Class,CUST-259,Corporate,Île-de-France,Technology,Machines,205.76,5,0.3,-4.65
CMD-2024-13127,2025-09-28,2025-10-01,Second Class,CUST-127,Consumer,Hauts-de-France,Office Supplies,Paper,176.63,6,0.0,30.41
CMD-2024-13128,2025-09-13,2025-09-15,Standard Class,CUST-627,Corporate,Île-de-France,Furniture,Chairs,602.33,2,0.1,181.38
CMD-2024-13129,2025-08-20,2025-08-22,First Class,CUST-371,Corporate,Occitanie,Furniture,Bookcases,607.8,4,0.0,273.02
CMD-2024-13130,2025-09-23,2025-09-27,First Class,CUST-199,Corporate,Auvergne-Rhône-Alpes,Furniture,Chairs,781.58,1,0.0,131.61
CMD-2024-13131,2024-05-06,2024-05-09,Second Class,CUST-303,Consumer,Auvergne-Rhône-Alpes,Office Supplies,Binders,44.47,7,0.0,12.44
CMD-2024-13132,2024-09-11,2024-09-16,Second Class,CUST-289,Consumer,Île-de-France,Technology,Accessories,53.5,4,0.0,8.44
CMD-2024-13133,2025-11-25,2025-11-26,Standard Class,CUST-645,Consumer,Nouvelle-Aquitaine,Technology,Accessories,263.44,5,0.3,-21.02
CMD-2024-13134,2024-01-16,2024-01-17,First Class,CUST-393,Home Office,Île-de-France,Office Supplies,Binders,186.52,4,0.0,46.05
CMD-2024-13135,2025-04-21,2025-04-25,Standard Class,CUST-443,Corporate,Occitanie,Office Supplies,Envelopes,19.1,5,0.1,3.4
CMD-2024-13136,2024-03-02,2024-03-07,Second Class,CUST-152,Consumer,Nouvelle-Aquitaine,Technology,Accessories,29.08,4,0.3,4.71
CMD-2024-13137,2025-03-07,2025-03-08,Second Class,CUST-783,Corporate,Île-de-France,Furniture,Chairs,496.79,3,0.5,-90.04
CMD-2024-13138,2025-10-31,2025-11-01,Standard Class,CUST-146,Corporate,Île-de-France,Furniture,Tables,461.95,8,0.2,54.92
CMD-2024-13139,2024-09-24,2024-09-29,Standard Class,CUST-521,Corporate,Hauts-de-France,Furniture,Chairs,112.25,4,0.0,25.11
CMD-2024-13140,2024-02-04,2024-02-09,Same Day,CUST-564,Consumer,Occitanie,Technology,Phones,502.71,8,0.3,-60.31
CMD-2024-13141,2025-07-29,2025-07-31,Same Day,CUST-652,Home Office,Occitanie,Office Supplies,Storage,213.13,1,0.0,89.47
CMD-2024-13142,2025-05-08,2025-05-09,First Class,CUST-528,Home Office,Auvergne-Rhône-Alpes,Technology,Copiers,375.67,1,0.5,-103.49
CMD-2024-13143,2025-07-15,2025-07-16,Standard Class,CUST-496,Home Office,Hauts-de-France,Office Supplies,Envelopes,137.68,7,0.2,35.7
CMD-2024-13144,2025-04-13,2025-04-17,First Class,CUST-293,Home Office,Nouvelle-Aquitaine,Office Supplies,Envelopes,41.48,4,0.2,0.38
CMD-2024-13145,2025-10-22,2025-10-24,Same Day,CUST-165,Consumer,Auvergne-Rhône-Alpes,Furniture,Tables,140.11,6,0.0,46.44
CMD-2024-13146,2024-11-20,2024-11-22,First Class,CUST-654,Home Office,Occitanie,Technology,Phones,149.46,8,0.1,53.78
CMD-2024-13147,2024-10-30,2024-10-31,Same Day,CUST-700,Home Office,Île-de-France,Technology,Phones,191.13,6,0.3,-15.0
CMD-2024-13148,2024-10-02,2024-10-05,Standard Class,CUST-575,Consumer,Hauts-de-France,Furniture,Furnishings,39.55,6,0.3,0.28
CMD-2024-13149,2025-11-14,2025-11-17,Standard Class,CUST-787,Consumer,Occitanie,Office Supplies,Paper,1061.37,4,0.0,407.7
CMD-2024-13150,2024-07-19,2024-07-24,First Class,CUST-125,Corporate,Occitanie,Furniture,Bookcases,76.58,6,0.5,-22.23
CMD-2024-13151,2025-03-20,2025-03-22,Standard Class,CUST-198,Corporate,Hauts-de-France,Furniture,Furnishings,63.69,2,0.0,22.73
CMD-2024-13152,2024-11-19,2024-11-20,First Class,CUST-575,Home Office,Occitanie,Furniture,Bookcases,179.61,4,0.1,15.11
CMD-2024-13153,2024-02-04,2024-02-05,First Class,CUST-672,Corporate,Auvergne-Rhône-Alpes,Technology,Machines,184.51,1,0.2,7.56
CMD-2024-13154,2025-04-26,2025-04-27,Same Day,CUST-181,Consumer,Hauts-de-France,Technology,Phones,142.49,8,0.0,28.22
CMD-2024-13155,2025-12-28,2026-01-01,Second Class,CUST-497,Corporate,Occitanie,Technology,Machines,340.15,7,0.0,143.61
CMD-2024-13156,2025-04-24,2025-04-27,First Class,CUST-793,Corporate,Occitanie,Technology,Copiers,174.95,6,0.2,4.22
CMD-2024-13157,2024-03-05,2024-03-09,Same Day,CUST-799,Consumer,Hauts-de-France,Furniture,Bookcases,221.98,3,0.0,35.99
CMD-2024-13158,2024-01-08,2024-01-09,Same Day,CUST-492,Home Office,Île-de-France,Office Supplies,Binders,298.02,6,0.0,97.24
CMD-2024-13159,2024-10-27,2024-10-28,Same Day,CUST-143,Corporate,Nouvelle-Aquitaine,Office Supplies,Binders,20.58,1,0.2,1.52
CMD-2024-13160,2024-12-08,2024-12-10,Second Class,CUST-577,Corporate,Hauts-de-France,Technology,Accessories,201.0,2,0.3,0.34
CMD-2024-13161,2025-03-06,2025-03-08,Standard Class,CUST-709,Home Office,Île-de-France,Technology,Copiers,489.29,4,0.1,46.83
CMD-2024-13162,2025-02-27,2025-03-02,First Class,CUST-190,Corporate,Occitanie,Technology,Accessories,18.86,6,0.0,7.06
CMD-2024-13163,2024-11-27,2024-12-02,First Class,CUST-428,Home Office,Auvergne-Rhône-Alpes,Technology,Machines,129.29,3,0.0,42.73
CMD-2024-13164,2025-03-13,2025-03-14,Standard Class,CUST-752,Consumer,Occitanie,Furniture,Chairs,588.49,8,0.2,46.65
CMD-2024-13165,2025-08-10,2025-08-12,Standard Class,CUST-513,Consumer,Occitanie,Furniture,Bookcases,110.84,7,0.1,12.36
CMD-2024-13166,2024-06-22,2024-06-25,Same Day,CUST-790,Home Office,Île-de-France,Technology,Accessories,150.04,1,0.2,22.21
CMD-2024-13167,2025-07-12,2025-07-16,Same Day,CUST-798,Consumer,Hauts-de-France,Technology,Copiers,893.29,7,0.3,101.46
CMD-2024-13168,2025-06-10,2025-06-11,Standard Class,CUST-209,Consumer,Nouvelle-Aquitaine,Technology,Accessories,63.91,7,0.0,15.58
CMD-2024-13169,2025-10-20,2025-10-25,First Class,CUST-318,Consumer,Nouvelle-Aquitaine,Technology,Copiers,29.85,3,0.0,4.71
CMD-2024-13170,2024-01-26,2024-01-29,Standard Class,CUST-562,Consumer,Hauts-de-France,Office Supplies,Binders,446.64,8,0.5,-105.27
CMD-2024-13171,2025-08-27,2025-09-01,Standard Class,CUST-614,Consumer,Hauts-de-France,Technology,Phones,461.27,5,0.1,122.11
CMD-2024-13172,2025-02-09,2025-02-10,Second Class,CUST-652,Consumer,Auvergne-Rhône-Alpes,Furniture,Tables,155.54,1,0.1,55.49
CMD-2024-13173,2024-08-19,2024-08-22,Second Class,CUST-736,Corporate,Hauts-de-France,Furniture,Furnishings,173.83,5,0.5,-51.45
CMD-2024-13174,2025-06-16,2025-06-18,Same Day,CUST-356,Corporate,Auvergne-Rhône-Alpes,Office Supplies,Paper,412.48,3,0.5,-85.86
CMD-2024-13175,2025-07-03,2025-07-08,Same Day,CUST-292,Corporate,Hauts-de-France,Office Supplies,Paper,310.14,4,0.1,24.38
CMD-2024-13176,2025-05-19,2025-05-23,First Class,CUST-726,Consumer,Auvergne-Rhône-Alpes,Office Supplies,Art,82.78,4,0.0,20.27
CMD-2024-13177,2025-10-30,2025-11-03,Standard Class,CUST-169,Corporate,Hauts-de-France,Technology,Phones,18.75,4,0.7,-6.72
CMD-2024-13178,2024-06-27,2024-07-02,Standard Class,CUST-558,Home Office,Hauts-de-France,Furniture,Bookcases,158.74,7,0.2,39.09
CMD-2024-13179,2024-05-11,2024-05-12,Second Class,CUST-481,Home Office,Nouvelle-Aquitaine,Office Supplies,Storage,445.84,5,0.0,77.65
CMD-2024-13180,2025-03-30,2025-03-31,First Class,CUST-593,Home Office,Occitanie,Technology,Copiers,512.59,7,0.1,150.26
CMD-2024-13181,2024-12-13,2024-12-14,Standard Class,CUST-196,Corporate,Occitanie,Furniture,Bookcases,703.32,4,0.0,188.95
CMD-2024-13182,2025-06-23,2025-06-27,First Class,CUST-323,Consumer,Auvergne-Rhône-Alpes,Office Supplies,Envelopes,480.66,7,0.3,59.3
CMD-2024-13183,2025-02-09,2025-02-13,Second Class,CUST-380,Home Office,Île-de-France,Furniture,Bookcases,205.87,2,0.1,44.06
CMD-2024-13184,2024-03-16,2024-03-18,Standard Class,CUST-432,Corporate,Nouvelle-Aquitaine,Technology,Copiers,144.38,1,0.3,-15.62
CMD-2024-13185,2025-08-01,2025-08-02,Second Class,CUST-740,Corporate,Hauts-de-France,Technology,Phones,343.02,1,0.3,56.21
CMD-2024-13186,2025-05-06,2025-05-10,Second Class,CUST-710,Consumer,Nouvelle-Aquitaine,Furniture,Tables,311.21,8,0.3,-29.62
CMD-2024-13187,2024-07-12,2024-07-16,Second Class,CUST-504,Consumer,Île-de-France,Technology,Phones,184.95,7,0.2,27.61
CMD-2024-13188,2024-06-10,2024-06-11,Standard Class,CUST-595,Corporate,Nouvelle-Aquitaine,Office Supplies,Paper,35.1,8,0.3,5.03
CMD-2024-13189,2024-12-12,2024-12-13,First Class,CUST-285,Consumer,Île-de-France,Office Supplies,Binders,588.05,3,0.0,102.28
CMD-2024-13190,2024-12-26,2024-12-30,Standard Class,CUST-137,Consumer,Île-de-France,Technology,Machines,148.78,6,0.0,47.04
CMD-2024-13191,2025-08-06,2025-08-11,Second Class,CUST-744,Consumer,Île-de-France,Office Supplies,Binders,114.33,5,0.3,14.55
CMD-2024-13192,2024-03-27,2024-03-31,Same Day,CUST-587,Consumer,Île-de-France,Furniture,Furnishings,233.48,1,0.1,83.09
CMD-2024-13193,2024-09-18,2024-09-20,First Class,CUST-655,Consumer,Île-de-France,Technology,Accessories,261.48,7,0.0,96.04
CMD-2024-13194,2024-08-01,2024-08-04,Same Day,CUST-605,Corporate,Hauts-de-France,Office Supplies,Envelopes,67.05,5,0.0,15.66
CMD-2024-13195,2025-10-26,2025-10-27,Second Class,CUST-588,Home Office,Nouvelle-Aquitaine,Office Supplies,Binders,414.0,3,0.0,148.99
CMD-2024-13196,2025-12-22,2025-12-24,Standard Class,CUST-156,Corporate,Occitanie,Furniture,Tables,90.33,4,0.2,16.42
CMD-2024-13197,2025-07-26,2025-07-31,First Class,CUST-611,Corporate,Occitanie,Office Supplies,Binders,60.46,6,0.2,10.88
CMD-2024-13198,2024-09-18,2024-09-21,Same Day,CUST-347,Corporate,Hauts-de-France,Office Supplies,Paper,129.74,3,0.0,52.71
CMD-2024-13199,2025-12-30,2026-01-03,Standard Class,CUST-203,Corporate,Auvergne-Rhône-Alpes,Office Supplies,Art,303.51,2,0.3,-28.46
CMD-2024-13200,2024-10-09,2024-10-10,First Class,CUST-656,Corporate,Île-de-France,Furniture,Chairs,755.43,4,0.0,137.89
CMD-2024-13201,2025-10-09,2025-10-13,Second Class,CUST-159,Consumer,Nouvelle-Aquitaine,Office Supplies,Art,379.53,4,0.2,61.55
CMD-2024-13202,2025-04-11,2025-04-13,Second Class,CUST-677,Home Office,Île-de-France,Office Supplies,Envelopes,635.23,4,0.1,219.89
CMD-2024-13203,2025-01-14,2025-01-15,Second Class,CUST-658,Consumer,Île-de-France,Office Supplies,Paper,48.34,3,0.2,5.31
CMD-2024-13204,2024-12-27,2024-12-31,Standard Class,CUST-337,Home Office,Occitanie,Technology,Accessories,31.24,2,0.0,13.69
CMD-2024-13205,2025-03-24,2025-03-25,Standard Class,CUST-470,Corporate,Île-de-France,Furniture,Bookcases,194.47,6,0.0,83.9
CMD-2024-13206,2025-03-16,2025-03-18,Second Class,CUST-125,Corporate,Nouvelle-Aquitaine,Furniture,Bookcases,90.44,5,0.3,13.64
CMD-2024-13207,2024-04-02,2024-04-06,Second Class,CUST-492,Corporate,Nouvelle-Aquitaine,Technology,Accessories,402.33,3,0.0,170.17
CMD-2024-13208,2025-09-12,2025-09-15,First Class,CUST-705,Corporate,Occitanie,Office Supplies,Binders,260.24,1,0.7,-54.78
CMD-2024-13209,2025-02-27,2025-03-04,Same Day,CUST-209,Corporate,Hauts-de-France,Technology,Phones,791.85,1,0.1,242.28
CMD-2024-13210,2024-05-21,2024-05-25,First Class,CUST-491,Corporate,Occitanie,Technology,Accessories,79.7,3,0.0,28.57
CMD-2024-13211,2024-10-17,2024-10-18,Same Day,CUST-353,Corporate,Occitanie,Office Supplies,Paper,161.32,5,0.1,10.86
CMD-2024-13212,2025-03-07,2025-03-11,Standard Class,CUST-651,Home Office,Île-de-France,Furniture,Tables,168.04,1,0.0,31.87
CMD-2024-13213,2025-11-19,2025-11-20,First Class,CUST-196,Corporate,Auvergne-Rhône-Alpes,Technology,Phones,75.14,5,0.1,7.53
CMD-2024-13214,2025-10-14,2025-10-16,Standard Class,CUST-637,Corporate,Hauts-de-France,Furniture,Furnishings,211.2,4,0.7,-99.88
CMD-2024-13215,2025-12-01,2025-12-06,Standard Class,CUST-203,Corporate,Hauts-de-France,Furniture,Bookcases,143.85,3,0.0,26.61
CMD-2024-13216,2024-02-18,2024-02-19,Same Day,CUST-714,Home Office,Hauts-de-France,Technology,Accessories,145.22,4,0.2,35.71
CMD-2024-13217,2024-10-28,2024-11-01,Same Day,CUST-686,Home Office,Île-de-France,Office Supplies,Storage,114.13,1,0.0,39.85
CMD-2024-13218,2024-07-08,2024-07-10,First Class,CUST-696,Corporate,Occitanie,Furniture,Chairs,18.76,5,0.2,1.19
CMD-2024-13219,2024-05-15,2024-05-18,First Class,CUST-595,Consumer,Île-de-France,Furniture,Bookcases,177.44,4,0.0,68.85
CMD-2024-13220,2025-07-08,2025-07-12,First Class,CUST-313,Home Office,Nouvelle-Aquitaine,Furniture,Bookcases,104.84,1,0.1,21.65
CMD-2024-13221,2025-02-07,2025-02-12,Same Day,CUST-212,Corporate,Auvergne-Rhône-Alpes,Furniture,Furnishings,15.29,7,0.7,-6.69
CMD-2024-13222,2025-08-24,2025-08-26,Second Class,CUST-411,Home Office,Auvergne-Rhône-Alpes,Technology,Phones,95.98,2,0.0,39.87
CMD-2024-13223,2024-12-06,2024-12-10,Second Class,CUST-668,Consumer,Île-de-France,Technology,Machines,86.85,4,0.1,14.03
CMD-2024-13224,2025-12-04,2025-12-05,Same Day,CUST-200,Corporate,Occitanie,Furniture,Chairs,124.99,2,0.1,33.7
CMD-2024-13225,2024-11-13,2024-11-14,First Class,CUST-746,Home Office,Hauts-de-France,Office Supplies,Storage,46.11,2,0.1,6.79
CMD-2024-13226,2025-09-09,2025-09-10,Second Class,CUST-752,Consumer,Nouvelle-Aquitaine,Technology,Accessories,170.9,6,0.1,35.89
CMD-2024-13227,2024-12-28,2025-01-01,Standard Class,CUST-183,Home Office,Nouvelle-Aquitaine,Furniture,Bookcases,274.4,8,0.1,83.66
CMD-2024-13228,2025-01-16,2025-01-21,Second Class,CUST-401,Home Office,Auvergne-Rhône-Alpes,Office Supplies,Envelopes,233.85,1,0.0,46.08
CMD-2024-13229,2024-08-20,2024-08-21,Second Class,CUST-672,Corporate,Occitanie,Technology,Machines,373.25,3,0.5,-2.55
CMD-2024-13230,2024-12-09,2024-12-13,Same Day,CUST-316,Corporate,Hauts-de-France,Technology,Copiers,147.33,5,0.3,-14.58
CMD-2024-13231,2025-07-02,2025-07-06,Same Day,CUST-667,Home Office,Auvergne-Rhône-Alpes,Technology,Machines,176.06,7,0.0,54.61
CMD-2024-13232,2025-07-06,2025-07-11,Second Class,CUST-640,Consumer,Occitanie,Furniture,Bookcases,380.83,1,0.0,161.78
CMD-2024-13233,2025-06-12,2025-06-14,Standard Class,CUST-722,Corporate,Hauts-de-France,Technology,Copiers,137.78,6,0.2,34.96
CMD-2024-13234,2025-07-24,2025-07-26,Standard Class,CUST-191,Home Office,Île-de-France,Furniture,Chairs,281.05,6,0.7,-115.33
CMD-2024-13235,2024-07-01,2024-07-05,First Class,CUST-753,Home Office,Occitanie,Furniture,Tables,140.45,7,0.5,-36.07
CMD-2024-13236,2024-02-10,2024-02-12,Second Class,CUST-551,Corporate,Nouvelle-Aquitaine,Furniture,Chairs,133.98,4,0.3,13.04
CMD-2024-13237,2025-07-04,2025-07-07,Second Class,CUST-713,Corporate,Occitanie,Technology,Copiers,329.15,5,0.0,53.52
CMD-2024-13238,2025-01-31,2025-02-05,Standard Class,CUST-170,Home Office,Occitanie,Furniture,Chairs,57.28,6,0.5,-8.85
CMD-2024-13239,2025-12-04,2025-12-08,Same Day,CUST-624,Corporate,Occitanie,Office Supplies,Storage,105.94,3,0.3,12.6
CMD-2024-13240,2025-05-08,2025-05-10,Second Class,CUST-500,Home Office,Hauts-de-France,Office Supplies,Storage,70.84,1,0.0,22.53
CMD-2024-13241,2025-10-20,2025-10-22,Standard Class,CUST-768,Consumer,Hauts-de-France,Office Supplies,Storage,112.88,3,0.0,23.3
CMD-2024-13242,2024-11-28,2024-12-03,Second Class,CUST-180,Corporate,Île-de-France,Furniture,Chairs,72.61,4,0.1,14.97
CMD-2024-13243,2024-05-06,2024-05-07,Same Day,CUST-199,Corporate,Île-de-France,Furniture,Furnishings,205.54,8,0.2,50.64
CMD-2024-13244,2025-07-11,2025-07-13,First Class,CUST-694,Home Office,Hauts-de-France,Technology,Phones,367.07,1,0.0,123.03
CMD-2024-13245,2025-07-10,2025-07-15,Same Day,CUST-317,Corporate,Hauts-de-France,Technology,Machines,354.82,4,0.0,130.02
CMD-2024-13246,2024-01-01,2024-01-02,Same Day,CUST-224,Consumer,Auvergne-Rhône-Alpes,Technology,Accessories,114.74,5,0.0,28.79
CMD-2024-13247,2024-06-16,2024-06-20,Standard Class,CUST-300,Home Office,Occitanie,Office Supplies,Art,1002.43,5,0.0,207.05
CMD-2024-13248,2025-09-11,2025-09-12,Standard Class,CUST-101,Consumer,Occitanie,Technology,Phones,213.23,8,0.0,48.34
CMD-2024-13249,2024-01-19,2024-01-21,Same Day,CUST-673,Consumer,Nouvelle-Aquitaine,Technology,Accessories,127.16,3,0.2,16.52
CMD-2024-13250,2024-11-27,2024-12-01,Standard Class,CUST-119,Consumer,Hauts-de-France,Office Supplies,Art,412.12,3,0.0,96.46
CMD-2024-13251,2025-08-06,2025-08-10,Same Day,CUST-279,Consumer,Hauts-de-France,Technology,Machines,302.95,5,0.5,-41.63
CMD-2024-13252,2025-03-31,2025-04-01,Same Day,CUST-508,Home Office,Île-de-France,Technology,Copiers,319.35,2,0.3,29.49
CMD-2024-13253,2024-04-18,2024-04-22,Second Class,CUST-161,Corporate,Île-de-France,Technology,Accessories,63.03,5,0.5,-5.02
CMD-2024-13254,2024-09-24,2024-09-25,Same Day,CUST-372,Consumer,Occitanie,Furniture,Bookcases,153.98,7,0.2,2.99
CMD-2024-13255,2025-03-20,2025-03-21,First Class,CUST-109,Consumer,Occitanie,Furniture,Tables,450.44,1,0.0,168.97
CMD-2024-13256,2024-08-27,2024-08-28,Standard Class,CUST-798,Home Office,Hauts-de-France,Furniture,Furnishings,169.28,7,0.0,59.55
CMD-2024-13257,2024-10-27,2024-11-01,First Class,CUST-721,Consumer,Occitanie,Furniture,Bookcases,268.06,4,0.0,41.17
CMD-2024-13258,2025-08-24,2025-08-26,Standard Class,CUST-639,Consumer,Hauts-de-France,Office Supplies,Envelopes,210.05,5,0.7,-97.11
CMD-2024-13259,2024-04-12,2024-04-16,Same Day,CUST-559,Consumer,Nouvelle-Aquitaine,Office Supplies,Binders,421.43,5,0.0,144.92
CMD-2024-13260,2024-09-06,2024-09-09,First Class,CUST-160,Consumer,Nouvelle-Aquitaine,Office Supplies,Paper,88.67,8,0.1,15.53
CMD-2024-13261,2025-03-28,2025-03-30,Second Class,CUST-157,Corporate,Auvergne-Rhône-Alpes,Office Supplies,Paper,203.49,8,0.2,2.81
CMD-2024-13262,2025-06-03,2025-06-06,Same Day,CUST-399,Consumer,Île-de-France,Furniture,Tables,43.93,6,0.5,-12.59
CMD-2024-13263,2024-06-01,2024-06-02,Same Day,CUST-596,Home Office,Auvergne-Rhône-Alpes,Technology,Machines,272.81,4,0.2,4.86
CMD-2024-13264,2024-06-22,2024-06-26,Same Day,CUST-438,Corporate,Nouvelle-Aquitaine,Technology,Copiers,304.66,6,0.2,78.38
CMD-2024-13265,2024-12-08,2024-12-10,Second Class,CUST-351,Home Office,Occitanie,Technology,Phones,24.63,4,0.1,6.85
CMD-2024-13266,2025-10-31,2025-11-03,First Class,CUST-506,Corporate,Île-de-France,Office Supplies,Envelopes,262.8,7,0.1,57.37
CMD-2024-13267,2025-03-06,2025-03-09,Same Day,CUST-355,Corporate,Île-de-France,Office Supplies,Envelopes,132.84,1,0.0,57.45
CMD-2024-13268,2025-12-27,2025-12-30,First Class,CUST-480,Consumer,Auvergne-Rhône-Alpes,Furniture,Furnishings,44.15,4,0.3,2.9
CMD-2024-13269,2025-11-19,2025-11-21,Same Day,CUST-244,Consumer,Île-de-France,Technology,Accessories,134.8,3,0.1,37.43
CMD-2024-13270,2025-11-17,2025-11-22,Same Day,CUST-690,Home Office,Nouvelle-Aquitaine,Furniture,Furnishings,62.51,8,0.0,14.68
CMD-2024-13271,2025-10-19,2025-10-20,Same Day,CUST-440,Corporate,Occitanie,Office Supplies,Binders,133.16,5,0.5,-16.42
CMD-2024-13272,2024-11-19,2024-11-23,Second Class,CUST-502,Corporate,Auvergne-Rhône-Alpes,Furniture,Furnishings,121.71,8,0.1,12.54
CMD-2024-13273,2025-11-03,2025-11-06,Same Day,CUST-387,Consumer,Occitanie,Office Supplies,Envelopes,310.0,4,0.3,0.42
CMD-2024-13274,2025-09-30,2025-10-02,First Class,CUST-313,Corporate,Auvergne-Rhône-Alpes,Office Supplies,Art,342.4,1,0.3,-37.67
CMD-2024-13275,2025-02-23,2025-02-26,Same Day,CUST-631,Consumer,Hauts-de-France,Office Supplies,Envelopes,220.48,4,0.3,-12.13
CMD-2024-13276,2025-08-16,2025-08-18,First Class,CUST-675,Consumer,Île-de-France,Office Supplies,Storage,20.05,5,0.0,3.46
CMD-2024-13277,2025-04-29,2025-05-04,First Class,CUST-647,Home Office,Hauts-de-France,Office Supplies,Storage,603.27,2,0.0,160.67
CMD-2024-13278,2025-10-20,2025-10-23,Standard Class,CUST-310,Consumer,Île-de-France,Technology,Copiers,270.0,4,0.3,35.89
CMD-2024-13279,2025-02-15,2025-02-18,First Class,CUST-270,Consumer,Hauts-de-France,Technology,Accessories,22.65,3,0.3,-0.15
CMD-2024-13280,2024-03-24,2024-03-28,Standard Class,CUST-637,Corporate,Occitanie,Furniture,Chairs,390.83,8,0.1,120.96
CMD-2024-13281,2024-04-22,2024-04-24,Second Class,CUST-362,Home Office,Nouvelle-Aquitaine,Technology,Copiers,64.16,5,0.0,22.26
CMD-2024-13282,2024-11-27,2024-11-29,Same Day,CUST-775,Home Office,Auvergne-Rhône-Alpes,Office Supplies,Envelopes,205.44,1,0.0,62.22
CMD-2024-13283,2025-01-12,2025-01-17,Second Class,CUST-489,Home Office,Île-de-France,Technology,Machines,153.28,7,0.5,-35.09
CMD-2024-13284,2025-10-16,2025-10-19,Second Class,CUST-520,Consumer,Auvergne-Rhône-Alpes,Office Supplies,Art,134.78,7,0.0,57.5
CMD-2024-13285,2024-02-10,2024-02-14,First Class,CUST-161,Home Office,Nouvelle-Aquitaine,Furniture,Bookcases,500.03,5,0.0,83.14
CMD-2024-13286,2024-04-14,2024-04-15,Same Day,CUST-185,Consumer,Hauts-de-France,Technology,Machines,141.53,6,0.2,25.0
CMD-2024-13287,2024-07-20,2024-07-24,Same Day,CUST-684,Consumer,Occitanie,Office Supplies,Art,32.23,2,0.0,10.84
CMD-2024-13288,2025-03-25,2025-03-29,Second Class,CUST-590,Consumer,Auvergne-Rhône-Alpes,Furniture,Chairs,659.75,1,0.5,-110.63
CMD-2024-13289,2024-09-22,2024-09-26,Standard Class,CUST-159,Consumer,Hauts-de-France,Furniture,Furnishings,572.14,2,0.0,127.07
CMD-2024-13290,2024-07-28,2024-08-01,Standard Class,CUST-576,Home Office,Île-de-France,Technology,Phones,268.74,7,0.0,75.03
CMD-2024-13291,2025-07-16,2025-07-19,First Class,CUST-419,Home Office,Auvergne-Rhône-Alpes,Office Supplies,Storage,153.8,2,0.1,49.5
CMD-2024-13292,2024-04-27,2024-05-01,Standard Class,CUST-789,Corporate,Auvergne-Rhône-Alpes,Technology,Accessories,36.44,3,0.1,11.33
CMD-2024-13293,2025-12-13,2025-12-15,Standard Class,CUST-151,Home Office,Île-de-France,Furniture,Bookcases,359.13,8,0.0,155.29
CMD-2024-13294,2025-01-11,2025-01-13,Second Class,CUST-756,Corporate,Nouvelle-Aquitaine,Furniture,Bookcases,32.27,7,0.1,4.92
CMD-2024-13295,2025-07-04,2025-07-08,Standard Class,CUST-176,Home Office,Hauts-de-France,Office Supplies,Envelopes,30.63,4,0.0,8.15
CMD-2024-13296,2025-06-23,2025-06-25,Same Day,CUST-218,Home Office,Auvergne-Rhône-Alpes,Office Supplies,Storage,184.59,3,0.3,-21.11
CMD-2024-13297,2024-03-24,2024-03-27,Second Class,CUST-281,Home Office,Hauts-de-France,Furniture,Tables,53.39,3,0.0,23.11
CMD-2024-13298,2025-03-29,2025-03-30,Second Class,CUST-605,Consumer,Occitanie,Technology,Copiers,16.71,6,0.7,-6.37
CMD-2024-13299,2025-10-28,2025-11-01,Standard Class,CUST-749,Home Office,Hauts-de-France,Office Supplies,Envelopes,136.02,3,0.1,24.65
CMD-2024-13300,2025-09-20,2025-09-22,Same Day,CUST-736,Home Office,Hauts-de-France,Technology,Copiers,47.47,1,0.0,20.05
CMD-2024-13301,2025-05-28,2025-05-30,Same Day,CUST-252,Corporate,Île-de-France,Furniture,Bookcases,53.49,4,0.0,16.47
CMD-2024-13302,2025-08-27,2025-08-30,Standard Class,CUST-117,Home Office,Hauts-de-France,Furniture,Tables,32.61,4,0.1,7.5
CMD-2024-13303,2025-11-08,2025-11-11,Same Day,CUST-163,Consumer,Nouvelle-Aquitaine,Office Supplies,Art,65.5,7,0.0,13.29
CMD-2024-13304,2025-01-21,2025-01-22,First Class,CUST-596,Home Office,Hauts-de-France,Furniture,Bookcases,291.53,1,0.0,87.34
CMD-2024-13305,2024-12-15,2024-12-20,First Class,CUST-178,Corporate,Occitanie,Furniture,Tables,379.12,3,0.0,161.3
CMD-2024-13306,2024-10-22,2024-10-27,Standard Class,CUST-158,Home Office,Hauts-de-France,Office Supplies,Paper,147.54,3,0.2,20.3
CMD-2024-13307,2024-09-14,2024-09-19,Second Class,CUST-510,Home Office,Île-de-France,Furniture,Bookcases,170.4,2,0.1,23.27
CMD-2024-13308,2024-03-21,2024-03-22,Second Class,CUST-160,Corporate,Occitanie,Technology,Copiers,22.3,7,0.0,3.55
CMD-2024-13309,2024-09-24,2024-09-28,Same Day,CUST-566,Home Office,Île-de-France,Furniture,Furnishings,30.8,7,0.1,4.96
CMD-2024-13310,2025-02-22,2025-02-27,First Class,CUST-729,Corporate,Nouvelle-Aquitaine,Office Supplies,Art,80.52,2,0.2,11.42
CMD-2024-13311,2024-08-22,2024-08-27,Second Class,CUST-178,Corporate,Nouvelle-Aquitaine,Office Supplies,Paper,187.71,6,0.0,30.56
CMD-2024-13312,2024-11-06,2024-11-08,Same Day,CUST-782,Consumer,Île-de-France,Furniture,Tables,310.98,5,0.3,19.57
CMD-2024-13313,2024-12-22,2024-12-24,First Class,CUST-587,Consumer,Nouvelle-Aquitaine,Furniture,Tables,219.35,2,0.1,47.6
CMD-2024-13314,2024-07-31,2024-08-04,Second Class,CUST-343,Corporate,Île-de-France,Technology,Phones,124.51,4,0.5,-8.09
CMD-2024-13315,2025-07-27,2025-07-30,Same Day,CUST-307,Consumer,Auvergne-Rhône-Alpes,Office Supplies,Art,42.7,8,0.0,6.78
CMD-2024-13316,2024-02-18,2024-02-19,Standard Class,CUST-186,Consumer,Hauts-de-France,Office Supplies,Binders,348.88,1,0.7,-85.74
CMD-2024-13317,2024-05-06,2024-05-11,Standard Class,CUST-750,Corporate,Auvergne-Rhône-Alpes,Technology,Machines,114.49,3,0.1,24.76
CMD-2024-13318,2024-08-10,2024-08-11,Second Class,CUST-699,Home Office,Nouvelle-Aquitaine,Technology,Machines,308.04,5,0.1,52.72
CMD-2024-13319,2024-10-05,2024-10-07,Same Day,CUST-744,Home Office,Île-de-France,Office Supplies,Paper,173.28,2,0.1,60.58
CMD-2024-13320,2025-02-11,2025-02-12,First Class,CUST-138,Home Office,Île-de-France,Technology,Copiers,310.23,7,0.0,61.44
CMD-2024-13321,2025-05-19,2025-05-21,Standard Class,CUST-275,Consumer,Île-de-France,Technology,Accessories,538.22,5,0.5,-74.06
CMD-2024-13322,2024-10-20,2024-10-21,First Class,CUST-577,Consumer,Île-de-France,Technology,Copiers,573.51,1,0.1,89.64
CMD-2024-13323,2024-10-03,2024-10-05,Same Day,CUST-691,Home Office,Hauts-de-France,Technology,Accessories,183.51,8,0.0,56.57
CMD-2024-13324,2025-03-13,2025-03-14,Standard Class,CUST-119,Corporate,Occitanie,Furniture,Tables,172.62,1,0.0,54.49
CMD-2024-13325,2024-04-16,2024-04-21,Second Class,CUST-320,Corporate,Auvergne-Rhône-Alpes,Office Supplies,Envelopes,82.94,7,0.0,14.67
CMD-2024-13326,2025-10-19,2025-10-24,Standard Class,CUST-374,Corporate,Nouvelle-Aquitaine,Technology,Phones,619.06,5,0.1,159.93
CMD-2024-13327,2025-02-23,2025-02-27,Second Class,CUST-799,Consumer,Île-de-France,Technology,Phones,149.71,5,0.1,37.48
CMD-2024-13328,2025-09-02,2025-09-03,First Class,CUST-253,Home Office,Auvergne-Rhône-Alpes,Technology,Machines,45.03,6,0.1,13.1
CMD-2024-13329,2025-03-04,2025-03-07,Standard Class,CUST-562,Corporate,Occitanie,Furniture,Chairs,139.71,5,0.0,24.76
CMD-2024-13330,2025-01-09,2025-01-13,Same Day,CUST-508,Home Office,Auvergne-Rhône-Alpes,Technology,Copiers,44.89,3,0.1,6.7
CMD-2024-13331,2024-03-13,2024-03-14,First Class,CUST-754,Home Office,Nouvelle-Aquitaine,Furniture,Bookcases,168.61,8,0.1,43.0
CMD-2024-13332,2025-09-25,2025-09-28,First Class,CUST-350,Consumer,Île-de-France,Office Supplies,Envelopes,196.25,8,0.0,37.49
CMD-2024-13333,2024-01-30,2024-02-04,Second Class,CUST-311,Corporate,Nouvelle-Aquitaine,Technology,Machines,105.67,8,0.0,37.33
CMD-2024-13334,2024-07-06,2024-07-11,Same Day,CUST-577,Consumer,Île-de-France,Technology,Accessories,31.36,4,0.0,5.26
CMD-2024-13335,2024-12-29,2025-01-03,First Class,CUST-760,Home Office,Occitanie,Technology,Machines,647.19,2,0.5,-129.13
CMD-2024-13336,2025-03-26,2025-03-29,Standard Class,CUST-786,Home Office,Nouvelle-Aquitaine,Furniture,Furnishings,341.56,7,0.2,76.51
CMD-2024-13337,2024-07-13,2024-07-15,Second Class,CUST-518,Home Office,Auvergne-Rhône-Alpes,Office Supplies,Binders,416.63,2,0.7,-103.2
CMD-2024-13338,2024-06-04,2024-06-05,Same Day,CUST-271,Corporate,Occitanie,Technology,Accessories,115.56,8,0.0,39.69
CMD-2024-13339,2024-06-20,2024-06-24,Second Class,CUST-606,Corporate,Nouvelle-Aquitaine,Office Supplies,Paper,329.73,2,0.3,46.54
CMD-2024-13340,2024-02-10,2024-02-14,Second Class,CUST-745,Corporate,Île-de-France,Technology,Accessories,161.15,5,0.1,43.96
CMD-2024-13341,2024-03-03,2024-03-08,First Class,CUST-727,Home Office,Occitanie,Office Supplies,Binders,64.39,7,0.1,13.9
CMD-2024-13342,2024-01-23,2024-01-25,Standard Class,CUST-302,Home Office,Île-de-France,Furniture,Furnishings,44.23,5,0.0,19.63
CMD-2024-13343,2024-12-25,2024-12-26,Standard Class,CUST-591,Corporate,Hauts-de-France,Office Supplies,Art,108.1,6,0.2,19.29
CMD-2024-13344,2024-03-15,2024-03-16,Same Day,CUST-394,Home Office,Auvergne-Rhône-Alpes,Furniture,Chairs,47.56,5,0.5,-5.69
CMD-2024-13345,2025-07-13,2025-07-17,Same Day,CUST-556,Home Office,Île-de-France,Furniture,Furnishings,1413.99,6,0.0,385.54
CMD-2024-13346,2025-11-02,2025-11-06,Standard Class,CUST-245,Home Office,Nouvelle-Aquitaine,Office Supplies,Paper,26.1,6,0.0,10.98
CMD-2024-13347,2024-04-27,2024-05-01,Second Class,CUST-337,Corporate,Hauts-de-France,Office Supplies,Art,143.01,3,0.2,8.4
CMD-2024-13348,2025-09-03,2025-09-04,Second Class,CUST-523,Consumer,Occitanie,Furniture,Tables,147.36,3,0.7,-70.33
CMD-2024-13349,2025-01-14,2025-01-18,Standard Class,CUST-391,Consumer,Nouvelle-Aquitaine,Technology,Machines,93.67,3,0.2,2.72
CMD-2024-13350,2025-11-09,2025-11-10,First Class,CUST-255,Consumer,Occitanie,Technology,Machines,201.37,8,0.0,36.82
CMD-2024-13351,2024-10-16,2024-10-21,Second Class,CUST-449,Corporate,Hauts-de-France,Office Supplies,Art,50.75,3,0.0,12.47
CMD-2024-13352,2025-03-15,2025-03-17,Standard Class,CUST-541,Home Office,Nouvelle-Aquitaine,Furniture,Bookcases,352.06,1,0.0,140.04
CMD-2024-13353,2025-10-29,2025-11-02,First Class,CUST-342,Consumer,Île-de-France,Furniture,Chairs,103.91,3,0.3,7.84
CMD-2024-13354,2024-01-07,2024-01-08,Second Class,CUST-306,Consumer,Nouvelle-Aquitaine,Office Supplies,Art,211.87,3,0.2,4.38
CMD-2024-13355,2024-07-14,2024-07-19,Same Day,CUST-527,Corporate,Auvergne-Rhône-Alpes,Office Supplies,Storage,291.65,3,0.1,86.52
CMD-2024-13356,2025-02-24,2025-02-27,Second Class,CUST-357,Home Office,Île-de-France,Furniture,Tables,498.69,6,0.0,150.24
CMD-2024-13357,2025-07-21,2025-07-26,Second Class,CUST-684,Home Office,Auvergne-Rhône-Alpes,Office Supplies,Storage,412.45,2,0.5,-60.29
CMD-2024-13358,2024-07-11,2024-07-13,Standard Class,CUST-134,Corporate,Nouvelle-Aquitaine,Office Supplies,Art,221.2,7,0.2,17.39
CMD-2024-13359,2025-07-12,2025-07-17,Second Class,CUST-228,Consumer,Nouvelle-Aquitaine,Furniture,Chairs,123.17,2,0.7,-27.17
CMD-2024-13360,2024-05-27,2024-05-31,Second Class,CUST-529,Home Office,Occitanie,Technology,Phones,168.91,2,0.1,26.27
CMD-2024-13361,2025-10-30,2025-11-03,First Class,CUST-799,Home Office,Nouvelle-Aquitaine,Office Supplies,Binders,337.12,4,0.3,-30.93
CMD-2024-13362,2024-07-20,2024-07-23,Standard Class,CUST-418,Consumer,Île-de-France,Furniture,Furnishings,477.0,1,0.3,-13.92
CMD-2024-13363,2025-03-19,2025-03-20,First Class,CUST-194,Corporate,Auvergne-Rhône-Alpes,Office Supplies,Storage,39.11,6,0.0,14.26
CMD-2024-13364,2025-02-22,2025-02-27,Same Day,CUST-319,Consumer,Hauts-de-France,Technology,Phones,121.9,5,0.5,-12.52
CMD-2024-13365,2025-03-02,2025-03-05,Second Class,CUST-400,Home Office,Auvergne-Rhône-Alpes,Technology,Accessories,344.26,6,0.0,71.06
CMD-2024-13366,2025-04-23,2025-04-27,Standard Class,CUST-736,Corporate,Occitanie,Office Supplies,Paper,139.3,3,0.2,0.49
CMD-2024-13367,2025-04-19,2025-04-20,Same Day,CUST-284,Consumer,Hauts-de-France,Furniture,Furnishings,103.84,2,0.5,-10.56
CMD-2024-13368,2024-05-05,2024-05-06,Standard Class,CUST-136,Consumer,Hauts-de-France,Furniture,Bookcases,131.57,6,0.0,46.43
CMD-2024-13369,2025-01-29,2025-01-31,Second Class,CUST-721,Corporate,Nouvelle-Aquitaine,Office Supplies,Art,218.15,1,0.1,37.05
CMD-2024-13370,2025-07-29,2025-08-02,Standard Class,CUST-499,Home Office,Occitanie,Office Supplies,Paper,1894.52,3,0.1,592.68
CMD-2024-13371,2024-11-20,2024-11-21,Standard Class,CUST-789,Corporate,Occitanie,Furniture,Chairs,164.43,4,0.2,43.32
CMD-2024-13372,2025-01-26,2025-01-28,First Class,CUST-241,Corporate,Nouvelle-Aquitaine,Technology,Copiers,66.44,5,0.3,-3.87
CMD-2024-13373,2025-11-18,2025-11-20,Standard Class,CUST-233,Home Office,Île-de-France,Office Supplies,Binders,54.1,3,0.1,12.61
CMD-2024-13374,2025-09-19,2025-09-23,Standard Class,CUST-544,Consumer,Nouvelle-Aquitaine,Office Supplies,Storage,24.52,7,0.3,-2.9
CMD-2024-13375,2025-03-15,2025-03-16,First Class,CUST-760,Corporate,Occitanie,Technology,Phones,195.03,5,0.0,70.97
CMD-2024-13376,2024-07-22,2024-07-23,Second Class,CUST-387,Corporate,Hauts-de-France,Office Supplies,Envelopes,188.03,6,0.0,51.57
CMD-2024-13377,2025-04-30,2025-05-05,Same Day,CUST-357,Consumer,Île-de-France,Office Supplies,Paper,65.54,3,0.0,13.63
CMD-2024-13378,2024-01-31,2024-02-01,First Class,CUST-138,Home Office,Occitanie,Furniture,Tables,276.48,4,0.2,54.1
CMD-2024-13379,2025-01-22,2025-01-24,Second Class,CUST-404,Consumer,Occitanie,Office Supplies,Art,312.29,6,0.0,122.79
CMD-2024-13380,2025-09-16,2025-09-19,Second Class,CUST-382,Consumer,Nouvelle-Aquitaine,Furniture,Tables,80.98,1,0.2,0.27
CMD-2024-13381,2025-03-09,2025-03-13,Same Day,CUST-625,Corporate,Auvergne-Rhône-Alpes,Technology,Machines,107.78,5,0.0,17.49
CMD-2024-13382,2025-01-10,2025-01-13,Second Class,CUST-506,Corporate,Occitanie,Office Supplies,Art,1038.77,5,0.2,72.95
CMD-2024-13383,2024-12-09,2024-12-10,First Class,CUST-458,Home Office,Auvergne-Rhône-Alpes,Office Supplies,Binders,118.14,1,0.0,39.91
CMD-2024-13384,2025-03-18,2025-03-20,Second Class,CUST-477,Corporate,Île-de-France,Office Supplies,Binders,329.7,8,0.2,68.59
CMD-2024-13385,2025-08-01,2025-08-04,Same Day,CUST-568,Consumer,Hauts-de-France,Furniture,Furnishings,147.62,8,0.1,33.04
CMD-2024-13386,2024-03-15,2024-03-19,Same Day,CUST-380,Consumer,Auvergne-Rhône-Alpes,Technology,Machines,361.87,7,0.5,-45.51
CMD-2024-13387,2025-07-10,2025-07-15,First Class,CUST-664,Home Office,Auvergne-Rhône-Alpes,Technology,Phones,337.4,8,0.2,70.84
CMD-2024-13388,2025-10-27,2025-10-30,First Class,CUST-110,Corporate,Auvergne-Rhône-Alpes,Furniture,Tables,257.41,5,0.2,33.12
CMD-2024-13389,2024-06-03,2024-06-08,Second Class,CUST-774,Corporate,Auvergne-Rhône-Alpes,Technology,Accessories,439.49,8,0.5,-51.27
CMD-2024-13390,2025-03-05,2025-03-06,Same Day,CUST-794,Home Office,Auvergne-Rhône-Alpes,Furniture,Chairs,631.1,6,0.2,78.8
CMD-2024-13391,2024-12-28,2024-12-29,Same Day,CUST-285,Home Office,Île-de-France,Furniture,Tables,205.84,2,0.0,85.25
CMD-2024-13392,2025-03-23,2025-03-27,Second Class,CUST-648,Corporate,Occitanie,Office Supplies,Storage,74.64,7,0.3,-3.68
CMD-2024-13393,2024-08-21,2024-08-26,Same Day,CUST-108,Home Office,Hauts-de-France,Technology,Phones,126.88,1,0.2,6.24
CMD-2024-13394,2025-07-16,2025-07-21,First Class,CUST-127,Consumer,Occitanie,Furniture,Tables,327.42,4,0.0,61.68
CMD-2024-13395,2024-09-18,2024-09-22,First Class,CUST-785,Home Office,Île-de-France,Furniture,Bookcases,246.52,7,0.2,53.21
CMD-2024-13396,2024-05-04,2024-05-07,Second Class,CUST-563,Consumer,Île-de-France,Technology,Machines,58.07,3,0.3,0.21
CMD-2024-13397,2024-09-01,2024-09-05,Second Class,CUST-738,Consumer,Auvergne-Rhône-Alpes,Technology,Accessories,26.57,8,0.7,-9.98
CMD-2024-13398,2025-06-25,2025-06-26,Second Class,CUST-610,Consumer,Île-de-France,Technology,Copiers,267.72,3,0.5,-1.5
CMD-2024-13399,2025-04-29,2025-05-04,First Class,CUST-601,Corporate,Île-de-France,Office Supplies,Envelopes,78.61,1,0.0,33.65
CMD-2024-13400,2024-05-01,2024-05-03,First Class,CUST-681,Consumer,Auvergne-Rhône-Alpes,Technology,Copiers,167.35,8,0.0,73.9
CMD-2024-13401,2024-05-04,2024-05-06,Same Day,CUST-762,Home Office,Île-de-France,Office Supplies,Envelopes,317.14,2,0.0,61.11
CMD-2024-13402,2025-07-02,2025-07-03,First Class,CUST-760,Consumer,Île-de-France,Office Supplies,Paper,196.95,6,0.0,82.2
CMD-2024-13403,2024-06-18,2024-06-23,Second Class,CUST-317,Corporate,Île-de-France,Office Supplies,Paper,34.14,4,0.3,-0.73
CMD-2024-13404,2024-05-03,2024-05-08,Standard Class,CUST-528,Corporate,Nouvelle-Aquitaine,Technology,Phones,60.16,3,0.0,9.25
CMD-2024-13405,2024-02-04,2024-02-08,Standard Class,CUST-737,Corporate,Occitanie,Office Supplies,Envelopes,69.47,3,0.1,12.32
CMD-2024-13406,2024-03-27,2024-03-30,Standard Class,CUST-102,Corporate,Nouvelle-Aquitaine,Technology,Phones,80.61,6,0.2,9.9
CMD-2024-13407,2025-10-07,2025-10-11,Standard Class,CUST-286,Home Office,Occitanie,Furniture,Bookcases,198.33,2,0.2,0.49
CMD-2024-13408,2025-12-08,2025-12-10,Standard Class,CUST-142,Corporate,Auvergne-Rhône-Alpes,Office Supplies,Art,169.24,5,0.0,52.68
CMD-2024-13409,2024-07-19,2024-07-24,First Class,CUST-710,Home Office,Auvergne-Rhône-Alpes,Furniture,Furnishings,64.96,7,0.0,25.71
CMD-2024-13410,2025-01-03,2025-01-06,Second Class,CUST-510,Corporate,Occitanie,Furniture,Chairs,30.39,1,0.0,8.0
CMD-2024-13411,2024-03-17,2024-03-21,Second Class,CUST-289,Corporate,Occitanie,Technology,Machines,56.37,2,0.0,14.42
CMD-2024-13412,2024-02-28,2024-03-02,Same Day,CUST-141,Home Office,Hauts-de-France,Furniture,Furnishings,930.04,2,0.7,-351.89
CMD-2024-13413,2025-03-06,2025-03-08,Second Class,CUST-196,Consumer,Occitanie,Furniture,Furnishings,154.07,2,0.3,24.18
CMD-2024-13414,2025-09-29,2025-10-02,Same Day,CUST-747,Home Office,Occitanie,Technology,Machines,459.4,2,0.1,34.28
CMD-2024-13415,2025-05-14,2025-05-19,Second Class,CUST-756,Consumer,Auvergne-Rhône-Alpes,Office Supplies,Binders,430.54,5,0.3,5.82
CMD-2024-13416,2024-04-18,2024-04-21,Same Day,CUST-616,Home Office,Auvergne-Rhône-Alpes,Office Supplies,Storage,172.62,6,0.0,39.6
CMD-2024-13417,2024-10-04,2024-10-07,Same Day,CUST-235,Consumer,Île-de-France,Office Supplies,Paper,284.83,4,0.2,67.83
CMD-2024-13418,2024-03-08,2024-03-12,Second Class,CUST-609,Corporate,Île-de-France,Furniture,Furnishings,62.11,7,0.0,11.11
CMD-2024-13419,2024-03-09,2024-03-12,Standard Class,CUST-618,Consumer,Auvergne-Rhône-Alpes,Office Supplies,Binders,271.53,2,0.2,25.37
CMD-2024-13420,2024-06-13,2024-06-16,Second Class,CUST-136,Consumer,Île-de-France,Office Supplies,Art,84.96,7,0.1,15.47
CMD-2024-13421,2025-05-03,2025-05-05,Second Class,CUST-678,Corporate,Nouvelle-Aquitaine,Office Supplies,Binders,407.52,2,0.0,169.74
CMD-2024-13422,2024-10-31,2024-11-03,Standard Class,CUST-616,Corporate,Nouvelle-Aquitaine,Furniture,Chairs,34.24,1,0.0,7.35
CMD-2024-13423,2025-11-04,2025-11-08,Second Class,CUST-157,Consumer,Île-de-France,Technology,Machines,341.35,3,0.0,117.24
CMD-2024-13424,2024-12-30,2025-01-03,Same Day,CUST-254,Consumer,Île-de-France,Technology,Accessories,38.16,5,0.2,0.39
CMD-2024-13425,2025-01-13,2025-01-18,Standard Class,CUST-212,Home Office,Occitanie,Furniture,Tables,483.65,2,0.0,210.96
CMD-2024-13426,2024-12-08,2024-12-10,Standard Class,CUST-559,Corporate,Occitanie,Furniture,Tables,94.79,8,0.2,14.02
CMD-2024-13427,2025-07-07,2025-07-08,First Class,CUST-703,Corporate,Nouvelle-Aquitaine,Office Supplies,Art,248.74,4,0.2,39.27
CMD-2024-13428,2024-12-19,2024-12-24,Same Day,CUST-700,Corporate,Nouvelle-Aquitaine,Technology,Accessories,162.06,4,0.2,16.23
CMD-2024-13429,2025-02-19,2025-02-22,Same Day,CUST-541,Home Office,Occitanie,Technology,Machines,115.36,4,0.2,8.38
CMD-2024-13430,2024-04-18,2024-04-20,Second Class,CUST-789,Home Office,Occitanie,Furniture,Tables,243.11,8,0.0,51.98
CMD-2024-13431,2025-07-16,2025-07-21,Second Class,CUST-327,Consumer,Occitanie,Furniture,Bookcases,663.42,1,0.1,160.01
CMD-2024-13432,2025-05-11,2025-05-15,Same Day,CUST-678,Home Office,Île-de-France,Technology,Machines,24.27,4,0.5,-0.33
CMD-2024-13433,2024-12-06,2024-12-08,Same Day,CUST-221,Home Office,Auvergne-Rhône-Alpes,Office Supplies,Envelopes,567.53,6,0.1,95.31
CMD-2024-13434,2025-01-17,2025-01-19,Same Day,CUST-770,Home Office,Nouvelle-Aquitaine,Furniture,Furnishings,221.64,1,0.1,72.02
CMD-2024-13435,2025-06-16,2025-06-19,Second Class,CUST-456,Corporate,Hauts-de-France,Office Supplies,Envelopes,377.27,5,0.2,5.52
CMD-2024-13436,2024-10-26,2024-10-28,Same Day,CUST-367,Consumer,Occitanie,Furniture,Tables,121.55,4,0.0,52.37
CMD-2024-13437,2024-05-18,2024-05-20,Same Day,CUST-794,Home Office,Île-de-France,Technology,Machines,155.44,3,0.2,11.68
CMD-2024-13438,2024-12-24,2024-12-25,Standard Class,CUST-584,Home Office,Nouvelle-Aquitaine,Furniture,Furnishings,461.91,2,0.5,-85.95
CMD-2024-13439,2025-05-13,2025-05-16,Same Day,CUST-103,Home Office,Occitanie,Office Supplies,Art,132.89,5,0.0,38.39
CMD-2024-13440,2025-01-19,2025-01-21,First Class,CUST-577,Corporate,Île-de-France,Technology,Phones,183.3,6,0.3,17.5
CMD-2024-13441,2025-08-26,2025-08-28,Second Class,CUST-220,Consumer,Nouvelle-Aquitaine,Office Supplies,Storage,19.49,3,0.0,7.13
CMD-2024-13442,2024-10-06,2024-10-07,Standard Class,CUST-585,Consumer,Nouvelle-Aquitaine,Furniture,Tables,52.99,5,0.1,10.8
CMD-2024-13443,2025-09-28,2025-09-29,Same Day,CUST-318,Home Office,Hauts-de-France,Office Supplies,Paper,240.8,6,0.3,8.9
CMD-2024-13444,2025-04-27,2025-05-01,Same Day,CUST-793,Consumer,Hauts-de-France,Office Supplies,Storage,292.69,4,0.3,-32.49
CMD-2024-13445,2024-04-20,2024-04-23,Standard Class,CUST-377,Corporate,Nouvelle-Aquitaine,Technology,Machines,207.22,5,0.3,-5.95
CMD-2024-13446,2024-05-18,2024-05-19,Standard Class,CUST-356,Home Office,Île-de-France,Office Supplies,Paper,49.03,5,0.5,-9.62
CMD-2024-13447,2025-03-10,2025-03-12,Standard Class,CUST-403,Consumer,Occitanie,Technology,Phones,144.69,5,0.0,45.96
CMD-2024-13448,2025-05-23,2025-05-24,First Class,CUST-142,Home Office,Occitanie,Office Supplies,Binders,111.5,1,0.2,15.33
CMD-2024-13449,2024-09-29,2024-10-04,First Class,CUST-629,Corporate,Nouvelle-Aquitaine,Furniture,Chairs,165.59,8,0.0,60.1
CMD-2024-13450,2024-04-08,2024-04-12,Standard Class,CUST-788,Home Office,Occitanie,Furniture,Chairs,464.41,3,0.0,169.56
CMD-2024-13451,2024-04-13,2024-04-17,Same Day,CUST-687,Corporate,Hauts-de-France,Office Supplies,Storage,344.01,7,0.0,75.88
CMD-2024-13452,2024-08-01,2024-08-04,Second Class,CUST-792,Home Office,Occitanie,Office Supplies,Binders,34.3,6,0.2,6.9
CMD-2024-13453,2025-10-25,2025-10-29,First Class,CUST-249,Home Office,Auvergne-Rhône-Alpes,Technology,Machines,501.22,8,0.1,33.02
CMD-2024-13454,2024-06-13,2024-06-16,Second Class,CUST-693,Consumer,Hauts-de-France,Office Supplies,Binders,155.41,4,0.3,14.74
CMD-2024-13455,2025-06-03,2025-06-08,Second Class,CUST-109,Consumer,Hauts-de-France,Furniture,Tables,314.65,2,0.2,0.19
CMD-2024-13456,2024-10-10,2024-10-12,First Class,CUST-311,Corporate,Nouvelle-Aquitaine,Furniture,Chairs,48.19,4,0.0,17.78
CMD-2024-13457,2025-05-31,2025-06-05,Second Class,CUST-751,Corporate,Nouvelle-Aquitaine,Office Supplies,Art,259.39,4,0.1,56.58
CMD-2024-13458,2025-10-18,2025-10-21,Same Day,CUST-359,Corporate,Occitanie,Furniture,Bookcases,74.32,1,0.0,20.9
CMD-2024-13459,2025-09-04,2025-09-07,First Class,CUST-481,Consumer,Occitanie,Technology,Phones,141.92,1,0.1,37.92
CMD-2024-13460,2024-06-12,2024-06-15,First Class,CUST-488,Home Office,Nouvelle-Aquitaine,Office Supplies,Binders,18.74,5,0.3,-2.04
CMD-2024-13461,2025-10-20,2025-10-22,Second Class,CUST-435,Corporate,Île-de-France,Technology,Copiers,51.17,8,0.1,6.5
CMD-2024-13462,2024-03-04,2024-03-07,Second Class,CUST-104,Home Office,Occitanie,Office Supplies,Envelopes,36.25,4,0.3,2.35
CMD-2024-13463,2024-03-31,2024-04-05,Standard Class,CUST-182,Home Office,Île-de-France,Technology,Copiers,75.3,3,0.2,16.88
CMD-2024-13464,2024-04-26,2024-04-28,First Class,CUST-105,Consumer,Hauts-de-France,Technology,Accessories,38.18,1,0.1,6.66
CMD-2024-13465,2024-09-23,2024-09-28,Second Class,CUST-251,Consumer,Auvergne-Rhône-Alpes,Technology,Copiers,274.02,6,0.2,13.05
CMD-2024-13466,2025-11-15,2025-11-17,Same Day,CUST-280,Home Office,Île-de-France,Furniture,Bookcases,21.48,8,0.0,6.56
CMD-2024-13467,2025-07-12,2025-07-15,First Class,CUST-266,Corporate,Occitanie,Office Supplies,Binders,226.56,1,0.0,76.28
CMD-2024-13468,2024-05-19,2024-05-21,Standard Class,CUST-569,Consumer,Nouvelle-Aquitaine,Technology,Copiers,48.36,3,0.0,13.35
CMD-2024-13469,2024-09-02,2024-09-03,Same Day,CUST-177,Home Office,Nouvelle-Aquitaine,Technology,Phones,653.74,1,0.0,270.0
CMD-2024-13470,2025-10-22,2025-10-27,Standard Class,CUST-511,Consumer,Auvergne-Rhône-Alpes,Office Supplies,Art,609.98,7,0.0,187.28
CMD-2024-13471,2025-01-29,2025-01-30,Standard Class,CUST-653,Home Office,Auvergne-Rhône-Alpes,Technology,Phones,71.22,3,0.7,-33.42
CMD-2024-13472,2025-05-01,2025-05-02,Same Day,CUST-673,Consumer,Hauts-de-France,Office Supplies,Art,224.66,8,0.1,28.51
CMD-2024-13473,2025-04-20,2025-04-23,Standard Class,CUST-480,Corporate,Île-de-France,Technology,Machines,21.25,7,0.2,2.24
CMD-2024-13474,2025-05-31,2025-06-03,Standard Class,CUST-412,Corporate,Auvergne-Rhône-Alpes,Office Supplies,Art,605.73,7,0.0,217.65
CMD-2024-13475,2024-07-02,2024-07-03,Standard Class,CUST-494,Consumer,Hauts-de-France,Technology,Copiers,177.85,2,0.0,38.4
CMD-2024-13476,2024-01-20,2024-01-22,Standard Class,CUST-642,Consumer,Hauts-de-France,Office Supplies,Binders,24.72,3,0.0,10.95
CMD-2024-13477,2025-07-11,2025-07-14,Standard Class,CUST-103,Consumer,Hauts-de-France,Office Supplies,Binders,107.25,2,0.2,7.03
CMD-2024-13478,2025-06-07,2025-06-12,First Class,CUST-208,Corporate,Occitanie,Furniture,Chairs,32.59,6,0.1,7.16
CMD-2024-13479,2025-08-04,2025-08-05,Second Class,CUST-192,Consumer,Auvergne-Rhône-Alpes,Technology,Accessories,124.81,5,0.1,8.2
CMD-2024-13480,2025-06-12,2025-06-17,First Class,CUST-198,Corporate,Nouvelle-Aquitaine,Office Supplies,Binders,258.86,5,0.1,84.25
CMD-2024-13481,2024-05-26,2024-05-31,First Class,CUST-291,Consumer,Hauts-de-France,Furniture,Tables,154.63,8,0.2,31.95
CMD-2024-13482,2025-10-27,2025-11-01,Second Class,CUST-432,Consumer,Nouvelle-Aquitaine,Technology,Accessories,121.49,8,0.0,25.35
CMD-2024-13483,2024-10-30,2024-10-31,Second Class,CUST-311,Home Office,Occitanie,Technology,Phones,42.91,8,0.2,10.73
CMD-2024-13484,2025-09-11,2025-09-15,Same Day,CUST-694,Corporate,Île-de-France,Office Supplies,Envelopes,76.81,7,0.1,11.89
CMD-2024-13485,2025-08-04,2025-08-07,Standard Class,CUST-306,Consumer,Occitanie,Technology,Accessories,38.21,1,0.2,6.79
CMD-2024-13486,2025-11-25,2025-11-30,Second Class,CUST-726,Corporate,Occitanie,Furniture,Tables,377.48,3,0.0,149.37
CMD-2024-13487,2024-08-15,2024-08-16,Same Day,CUST-672,Home Office,Auvergne-Rhône-Alpes,Furniture,Furnishings,46.97,1,0.0,17.49
CMD-2024-13488,2024-04-11,2024-04-15,Same Day,CUST-455,Corporate,Hauts-de-France,Office Supplies,Envelopes,214.05,3,0.0,91.03
CMD-2024-13489,2025-08-09,2025-08-10,First Class,CUST-352,Corporate,Occitanie,Office Supplies,Paper,107.33,8,0.7,-23.69
CMD-2024-13490,2025-02-20,2025-02-23,Same Day,CUST-690,Corporate,Hauts-de-France,Office Supplies,Storage,71.35,1,0.1,25.57
CMD-2024-13491,2024-08-03,2024-08-04,Standard Class,CUST-295,Corporate,Nouvelle-Aquitaine,Technology,Copiers,239.44,5,0.7,-101.81
CMD-2024-13492,2025-02-10,2025-02-12,First Class,CUST-361,Corporate,Île-de-France,Office Supplies,Binders,149.34,6,0.1,22.61
CMD-2024-13493,2025-02-02,2025-02-04,Second Class,CUST-421,Corporate,Île-de-France,Technology,Machines,127.43,5,0.0,43.44
CMD-2024-13494,2025-12-15,2025-12-20,First Class,CUST-519,Corporate,Nouvelle-Aquitaine,Furniture,Tables,212.69,1,0.1,59.53
CMD-2024-13495,2025-12-04,2025-12-05,First Class,CUST-597,Consumer,Auvergne-Rhône-Alpes,Furniture,Chairs,163.68,3,0.0,50.8
CMD-2024-13496,2025-05-13,2025-05-14,Standard Class,CUST-431,Consumer,Nouvelle-Aquitaine,Technology,Accessories,94.57,4,0.5,-26.27
CMD-2024-13497,2025-04-09,2025-04-14,Standard Class,CUST-395,Corporate,Nouvelle-Aquitaine,Office Supplies,Storage,195.15,6,0.3,25.85
CMD-2024-13498,2025-11-21,2025-11-26,First Class,CUST-335,Corporate,Auvergne-Rhône-Alpes,Technology,Copiers,258.57,3,0.2,66.78
CMD-2024-13499,2024-03-22,2024-03-26,Second Class,CUST-780,Consumer,Auvergne-Rhône-Alpes,Office Supplies,Envelopes,20.95,1,0.1,3.81
CMD-2024-13500,2025-08-26,2025-08-27,Standard Class,CUST-106,Home Office,Occitanie,Office Supplies,Storage,152.97,3,0.1,19.5
CMD-2024-13501,2025-11-17,2025-11-20,First Class,CUST-633,Consumer,Hauts-de-France,Office Supplies,Art,28.07,8,0.7,-13.31
CMD-2024-13502,2024-12-30,2025-01-02,Standard Class,CUST-171,Home Office,Île-de-France,Technology,Copiers,60.38,2,0.0,13.36
CMD-2024-13503,2024-06-11,2024-06-14,Standard Class,CUST-599,Corporate,Auvergne-Rhône-Alpes,Furniture,Bookcases,195.87,3,0.2,35.25
CMD-2024-13504,2024-02-17,2024-02-22,Same Day,CUST-717,Corporate,Auvergne-Rhône-Alpes,Office Supplies,Art,457.49,5,0.1,152.56
CMD-2024-13505,2025-05-25,2025-05-30,Second Class,CUST-238,Consumer,Occitanie,Technology,Copiers,486.66,7,0.7,-219.94
CMD-2024-13506,2024-11-24,2024-11-29,First Class,CUST-485,Consumer,Occitanie,Furniture,Bookcases,30.95,5,0.3,1.42
CMD-2024-13507,2024-04-25,2024-04-28,First Class,CUST-641,Consumer,Hauts-de-France,Technology,Machines,134.5,2,0.7,-36.5
CMD-2024-13508,2024-12-02,2024-12-06,Same Day,CUST-423,Corporate,Auvergne-Rhône-Alpes,Furniture,Furnishings,207.43,6,0.1,29.64
CMD-2024-13509,2024-05-26,2024-05-28,First Class,CUST-700,Consumer,Auvergne-Rhône-Alpes,Office Supplies,Storage,50.0,3,0.0,16.05
CMD-2024-13510,2025-07-28,2025-07-29,First Class,CUST-764,Consumer,Occitanie,Furniture,Chairs,334.0,6,0.1,91.71
CMD-2024-13511,2024-11-18,2024-11-20,Same Day,CUST-172,Home Office,Nouvelle-Aquitaine,Furniture,Bookcases,314.97,4,0.2,69.71
CMD-2024-13512,2025-03-18,2025-03-19,Same Day,CUST-488,Corporate,Hauts-de-France,Furniture,Chairs,529.04,3,0.2,55.95
CMD-2024-13513,2024-01-13,2024-01-18,First Class,CUST-337,Corporate,Auvergne-Rhône-Alpes,Furniture,Bookcases,16.87,5,0.0,6.32
CMD-2024-13514,2025-05-08,2025-05-11,Same Day,CUST-421,Corporate,Île-de-France,Technology,Machines,68.73,7,0.1,10.35
CMD-2024-13515,2025-12-01,2025-12-03,Standard Class,CUST-440,Consumer,Île-de-France,Technology,Accessories,401.22,5,0.0,85.83
CMD-2024-13516,2024-10-13,2024-10-18,Standard Class,CUST-404,Corporate,Occitanie,Furniture,Chairs,259.29,6,0.3,-16.54
CMD-2024-13517,2025-12-20,2025-12-21,Standard Class,CUST-107,Consumer,Île-de-France,Furniture,Chairs,509.56,1,0.0,131.29
CMD-2024-13518,2024-04-23,2024-04-25,Standard Class,CUST-306,Home Office,Occitanie,Furniture,Furnishings,27.95,5,0.2,-0.54
CMD-2024-13519,2025-04-24,2025-04-26,Same Day,CUST-510,Corporate,Nouvelle-Aquitaine,Technology,Accessories,214.92,1,0.0,50.48
CMD-2024-13520,2024-01-22,2024-01-24,Second Class,CUST-357,Home Office,Occitanie,Furniture,Tables,200.19,5,0.0,69.2
CMD-2024-13521,2024-12-14,2024-12-16,Second Class,CUST-750,Home Office,Auvergne-Rhône-Alpes,Technology,Accessories,22.99,8,0.5,-2.43
CMD-2024-13522,2025-12-26,2025-12-28,First Class,CUST-145,Corporate,Île-de-France,Office Supplies,Storage,173.52,5,0.0,29.86
CMD-2024-13523,2025-11-13,2025-11-18,Second Class,CUST-225,Corporate,Auvergne-Rhône-Alpes,Furniture,Chairs,221.88,7,0.0,52.41
CMD-2024-13524,2025-07-19,2025-07-20,Standard Class,CUST-120,Consumer,Île-de-France,Technology,Accessories,61.71,4,0.0,19.8
CMD-2024-13525,2024-11-15,2024-11-16,Same Day,CUST-269,Home Office,Île-de-France,Technology,Machines,85.24,1,0.1,13.26
CMD-2024-13526,2024-05-05,2024-05-09,Standard Class,CUST-643,Home Office,Occitanie,Office Supplies,Art,239.98,1,0.1,44.49
CMD-2024-13527,2024-10-03,2024-10-06,Standard Class,CUST-515,Consumer,Hauts-de-France,Technology,Accessories,153.97,5,0.0,56.02
CMD-2024-13528,2024-07-22,2024-07-24,Same Day,CUST-554,Corporate,Île-de-France,Office Supplies,Art,444.45,8,0.2,-12.1
CMD-2024-13529,2024-07-12,2024-07-13,Standard Class,CUST-761,Home Office,Île-de-France,Technology,Accessories,107.21,1,0.0,24.97
CMD-2024-13530,2025-11-11,2025-11-14,Standard Class,CUST-305,Consumer,Hauts-de-France,Office Supplies,Binders,83.23,5,0.3,-6.43
CMD-2024-13531,2025-10-25,2025-10-28,Same Day,CUST-432,Home Office,Auvergne-Rhône-Alpes,Office Supplies,Binders,936.98,5,0.3,-76.57
CMD-2024-13532,2025-06-30,2025-07-05,Same Day,CUST-120,Home Office,Île-de-France,Furniture,Bookcases,547.54,6,0.7,-105.29
CMD-2024-13533,2025-11-26,2025-11-28,First Class,CUST-749,Consumer,Occitanie,Technology,Accessories,21.47,3,0.5,-4.02
CMD-2024-13534,2024-10-12,2024-10-16,First Class,CUST-164,Home Office,Hauts-de-France,Technology,Machines,339.03,1,0.0,104.46
CMD-2024-13535,2024-02-26,2024-02-29,Standard Class,CUST-676,Consumer,Hauts-de-France,Furniture,Bookcases,40.72,7,0.0,15.07
CMD-2024-13536,2024-10-29,2024-11-03,First Class,CUST-187,Consumer,Île-de-France,Furniture,Chairs,21.13,2,0.2,-0.33
CMD-2024-13537,2024-06-11,2024-06-13,Second Class,CUST-578,Home Office,Auvergne-Rhône-Alpes,Technology,Phones,85.35,6,0.0,18.97
CMD-2024-13538,2024-01-19,2024-01-20,Second Class,CUST-142,Home Office,Auvergne-Rhône-Alpes,Technology,Machines,84.04,1,0.0,33.59
CMD-2024-13539,2025-01-04,2025-01-08,Standard Class,CUST-240,Corporate,Nouvelle-Aquitaine,Furniture,Furnishings,391.42,7,0.0,159.93
CMD-2024-13540,2024-09-20,2024-09-22,First Class,CUST-473,Corporate,Nouvelle-Aquitaine,Furniture,Furnishings,287.84,8,0.1,49.48
CMD-2024-13541,2024-04-22,2024-04-27,Standard Class,CUST-615,Home Office,Occitanie,Technology,Machines,894.1,1,0.1,154.2
CMD-2024-13542,2025-05-02,2025-05-07,First Class,CUST-599,Corporate,Île-de-France,Technology,Copiers,288.48,4,0.0,108.78
CMD-2024-13543,2024-11-22,2024-11-27,Same Day,CUST-378,Corporate,Auvergne-Rhône-Alpes,Office Supplies,Art,134.18,2,0.0,32.0
CMD-2024-13544,2025-06-25,2025-06-30,Same Day,CUST-425,Consumer,Nouvelle-Aquitaine,Furniture,Tables,279.09,2,0.2,1.43
CMD-2024-13545,2025-10-08,2025-10-13,Same Day,CUST-517,Home Office,Île-de-France,Office Supplies,Storage,1669.89,7,0.0,379.5
CMD-2024-13546,2025-08-01,2025-08-05,Same Day,CUST-652,Corporate,Île-de-France,Furniture,Furnishings,287.44,4,0.7,-104.57
CMD-2024-13547,2024-03-05,2024-03-08,Standard Class,CUST-701,Corporate,Auvergne-Rhône-Alpes,Technology,Accessories,330.51,4,0.0,54.75
CMD-2024-13548,2024-10-18,2024-10-21,Standard Class,CUST-407,Corporate,Île-de-France,Technology,Machines,628.04,1,0.2,71.35
CMD-2024-13549,2024-01-25,2024-01-26,Standard Class,CUST-756,Home Office,Hauts-de-France,Technology,Accessories,41.54,3,0.0,15.45
CMD-2024-13550,2025-07-02,2025-07-05,Second Class,CUST-406,Consumer,Nouvelle-Aquitaine,Office Supplies,Paper,283.41,7,0.0,86.19
CMD-2024-13551,2024-01-01,2024-01-06,Same Day,CUST-569,Home Office,Occitanie,Office Supplies,Storage,433.55,4,0.1,35.36
CMD-2024-13552,2025-07-02,2025-07-05,Same Day,CUST-283,Consumer,Nouvelle-Aquitaine,Technology,Phones,694.22,2,0.1,133.32
CMD-2024-13553,2024-05-20,2024-05-23,Same Day,CUST-730,Corporate,Île-de-France,Office Supplies,Envelopes,67.13,7,0.3,6.22
CMD-2024-13554,2025-10-09,2025-10-14,First Class,CUST-724,Home Office,Hauts-de-France,Technology,Copiers,169.23,2,0.2,-2.13
CMD-2024-13555,2024-07-06,2024-07-10,First Class,CUST-390,Consumer,Nouvelle-Aquitaine,Office Supplies,Binders,266.06,1,0.0,44.69
CMD-2024-13556,2024-05-07,2024-05-12,Second Class,CUST-348,Corporate,Auvergne-Rhône-Alpes,Office Supplies,Paper,77.55,7,0.0,20.25
CMD-2024-13557,2024-07-19,2024-07-22,Second Class,CUST-423,Corporate,Hauts-de-France,Technology,Phones,216.84,3,0.0,45.21
CMD-2024-13558,2024-05-06,2024-05-09,First Class,CUST-542,Home Office,Nouvelle-Aquitaine,Technology,Machines,80.52,5,0.0,34.66
CMD-2024-13559,2024-09-13,2024-09-14,First Class,CUST-703,Consumer,Île-de-France,Furniture,Furnishings,104.24,7,0.1,24.43
CMD-2024-13560,2025-11-06,2025-11-11,Standard Class,CUST-158,Corporate,Auvergne-Rhône-Alpes,Office Supplies,Binders,143.16,4,0.7,-56.38
CMD-2024-13561,2025-06-30,2025-07-01,Standard Class,CUST-368,Corporate,Île-de-France,Furniture,Bookcases,180.73,4,0.1,49.06
CMD-2024-13562,2024-07-12,2024-07-13,First Class,CUST-417,Corporate,Île-de-France,Office Supplies,Paper,146.27,1,0.2,12.06
CMD-2024-13563,2025-12-03,2025-12-05,Same Day,CUST-193,Consumer,Auvergne-Rhône-Alpes,Office Supplies,Storage,164.52,6,0.2,1.59
CMD-2024-13564,2024-04-13,2024-04-14,First Class,CUST-353,Consumer,Hauts-de-France,Technology,Accessories,93.03,6,0.3,-4.54
CMD-2024-13565,2025-06-18,2025-06-21,Standard Class,CUST-786,Corporate,Nouvelle-Aquitaine,Technology,Accessories,53.09,3,0.0,18.2
CMD-2024-13566,2024-09-21,2024-09-24,Second Class,CUST-559,Consumer,Hauts-de-France,Office Supplies,Binders,25.67,2,0.2,-0.37
CMD-2024-13567,2025-01-18,2025-01-20,First Class,CUST-614,Corporate,Auvergne-Rhône-Alpes,Technology,Phones,62.99,2,0.3,-2.41
CMD-2024-13568,2024-09-16,2024-09-18,First Class,CUST-632,Corporate,Nouvelle-Aquitaine,Office Supplies,Binders,206.87,5,0.0,43.96
CMD-2024-13569,2025-02-17,2025-02-22,Same Day,CUST-203,Consumer,Auvergne-Rhône-Alpes,Technology,Machines,354.31,2,0.0,74.53
CMD-2024-13570,2024-12-23,2024-12-25,Second Class,CUST-501,Consumer,Occitanie,Technology,Accessories,55.79,6,0.7,-15.35
CMD-2024-13571,2024-03-15,2024-03-19,Same Day,CUST-432,Home Office,Occitanie,Technology,Accessories,40.28,6,0.2,8.77
CMD-2024-13572,2024-12-20,2024-12-23,Second Class,CUST-707,Home Office,Hauts-de-France,Office Supplies,Storage,319.36,8,0.0,116.49
CMD-2024-13573,2025-08-06,2025-08-09,Same Day,CUST-192,Consumer,Auvergne-Rhône-Alpes,Technology,Machines,95.1,4,0.1,24.13
CMD-2024-13574,2024-07-06,2024-07-08,Second Class,CUST-656,Consumer,Nouvelle-Aquitaine,Office Supplies,Art,680.76,5,0.0,289.28
CMD-2024-13575,2025-11-15,2025-11-17,First Class,CUST-673,Consumer,Hauts-de-France,Furniture,Bookcases,290.63,3,0.1,22.53
CMD-2024-13576,2024-10-16,2024-10-19,First Class,CUST-641,Consumer,Occitanie,Office Supplies,Binders,102.04,5,0.0,20.43
CMD-2024-13577,2024-02-14,2024-02-16,First Class,CUST-536,Corporate,Occitanie,Furniture,Tables,90.21,7,0.0,24.75
CMD-2024-13578,2025-07-26,2025-07-31,Standard Class,CUST-109,Corporate,Occitanie,Technology,Accessories,178.17,3,0.2,14.56
CMD-2024-13579,2024-03-23,2024-03-25,Second Class,CUST-555,Home Office,Hauts-de-France,Office Supplies,Storage,33.14,6,0.2,3.16
CMD-2024-13580,2024-05-02,2024-05-04,Second Class,CUST-514,Consumer,Nouvelle-Aquitaine,Technology,Accessories,42.54,2,0.3,-2.47
CMD-2024-13581,2024-12-23,2024-12-28,Same Day,CUST-617,Home Office,Occitanie,Furniture,Chairs,57.55,1,0.0,11.21
CMD-2024-13582,2025-06-11,2025-06-16,Standard Class,CUST-474,Consumer,Hauts-de-France,Technology,Machines,342.89,5,0.3,11.23
CMD-2024-13583,2024-03-06,2024-03-11,Same Day,CUST-630,Consumer,Hauts-de-France,Office Supplies,Binders,173.68,5,0.0,74.41
CMD-2024-13584,2025-10-18,2025-10-21,Standard Class,CUST-623,Consumer,Île-de-France,Office Supplies,Binders,17.34,4,0.0,4.64
CMD-2024-13585,2025-01-09,2025-01-11,Same Day,CUST-472,Corporate,Île-de-France,Furniture,Bookcases,261.26,8,0.5,-74.98
CMD-2024-13586,2024-06-10,2024-06-15,Standard Class,CUST-714,Home Office,Nouvelle-Aquitaine,Furniture,Furnishings,136.24,8,0.1,37.04
CMD-2024-13587,2025-01-14,2025-01-19,Same Day,CUST-538,Consumer,Occitanie,Office Supplies,Binders,172.32,8,0.0,40.9
CMD-2024-13588,2025-10-17,2025-10-20,Same Day,CUST-294,Home Office,Île-de-France,Technology,Phones,68.01,4,0.0,15.2
CMD-2024-13589,2024-12-23,2024-12-27,Standard Class,CUST-364,Home Office,Nouvelle-Aquitaine,Office Supplies,Art,191.54,6,0.1,30.12
CMD-2024-13590,2024-07-06,2024-07-08,Second Class,CUST-606,Corporate,Île-de-France,Technology,Copiers,866.52,3,0.2,162.16
CMD-2024-13591,2024-11-17,2024-11-21,Same Day,CUST-745,Corporate,Occitanie,Office Supplies,Storage,31.78,8,0.7,-7.45
CMD-2024-13592,2025-03-25,2025-03-29,Standard Class,CUST-525,Consumer,Hauts-de-France,Office Supplies,Storage,88.47,1,0.2,12.95
CMD-2024-13593,2025-04-18,2025-04-23,Standard Class,CUST-788,Home Office,Occitanie,Office Supplies,Art,76.25,7,0.3,-1.77
CMD-2024-13594,2024-01-13,2024-01-16,Second Class,CUST-198,Corporate,Île-de-France,Office Supplies,Storage,77.86,4,0.2,4.92
CMD-2024-13595,2024-07-02,2024-07-04,Second Class,CUST-129,Home Office,Occitanie,Furniture,Furnishings,119.71,4,0.3,-9.9
CMD-2024-13596,2024-04-20,2024-04-22,Second Class,CUST-390,Home Office,Hauts-de-France,Furniture,Chairs,389.96,2,0.0,167.68
CMD-2024-13597,2025-05-22,2025-05-24,Second Class,CUST-674,Consumer,Auvergne-Rhône-Alpes,Technology,Accessories,551.85,2,0.5,-59.91
CMD-2024-13598,2024-10-16,2024-10-20,Same Day,CUST-586,Home Office,Hauts-de-France,Furniture,Furnishings,64.7,6,0.0,10.23
CMD-2024-13599,2024-10-21,2024-10-22,Same Day,CUST-505,Corporate,Île-de-France,Furniture,Bookcases,187.25,8,0.5,-18.97
CMD-2024-13600,2025-03-26,2025-03-29,First Class,CUST-127,Consumer,Hauts-de-France,Office Supplies,Paper,237.88,6,0.0,67.59
CMD-2024-13601,2024-08-02,2024-08-03,Same Day,CUST-245,Consumer,Nouvelle-Aquitaine,Furniture,Tables,177.31,4,0.2,46.41
CMD-2024-13602,2025-09-23,2025-09-27,First Class,CUST-387,Consumer,Occitanie,Technology,Phones,140.25,3,0.2,30.25
CMD-2024-13603,2025-07-20,2025-07-25,First Class,CUST-680,Corporate,Auvergne-Rhône-Alpes,Technology,Phones,61.9,7,0.7,-26.53
CMD-2024-13604,2024-01-27,2024-01-28,Same Day,CUST-351,Consumer,Auvergne-Rhône-Alpes,Office Supplies,Paper,162.37,8,0.2,30.21
CMD-2024-13605,2025-09-21,2025-09-22,First Class,CUST-261,Home Office,Occitanie,Technology,Phones,127.83,1,0.0,37.8
CMD-2024-13606,2024-08-18,2024-08-21,Second Class,CUST-209,Consumer,Occitanie,Technology,Machines,364.25,4,0.1,42.29
CMD-2024-13607,2025-07-18,2025-07-22,First Class,CUST-743,Corporate,Nouvelle-Aquitaine,Office Supplies,Paper,332.29,3,0.0,119.5
CMD-2024-13608,2024-11-16,2024-11-19,Same Day,CUST-497,Corporate,Hauts-de-France,Furniture,Furnishings,46.65,3,0.0,14.66
CMD-2024-13609,2024-08-20,2024-08-25,Standard Class,CUST-370,Consumer,Auvergne-Rhône-Alpes,Furniture,Bookcases,35.39,8,0.0,5.63
CMD-2024-13610,2025-10-31,2025-11-02,Same Day,CUST-287,Home Office,Île-de-France,Technology,Phones,540.28,4,0.0,185.84
CMD-2024-13611,2025-03-12,2025-03-16,Standard Class,CUST-631,Corporate,Occitanie,Office Supplies,Envelopes,183.7,8,0.1,46.02
CMD-2024-13612,2025-06-16,2025-06-21,Standard Class,CUST-375,Corporate,Occitanie,Technology,Phones,444.12,3,0.5,-114.04
CMD-2024-13613,2025-02-06,2025-02-11,First Class,CUST-788,Corporate,Auvergne-Rhône-Alpes,Office Supplies,Paper,28.18,5,0.5,-5.5
CMD-2024-13614,2024-02-22,2024-02-23,First Class,CUST-710,Consumer,Occitanie,Technology,Machines,179.48,8,0.0,58.47
CMD-2024-13615,2024-11-08,2024-11-11,Standard Class,CUST-346,Corporate,Auvergne-Rhône-Alpes,Office Supplies,Storage,185.56,3,0.0,35.56
CMD-2024-13616,2024-10-07,2024-10-08,First Class,CUST-423,Corporate,Île-de-France,Furniture,Tables,448.65,4,0.0,182.07
CMD-2024-13617,2025-12-26,2025-12-27,Second Class,CUST-117,Corporate,Île-de-France,Furniture,Furnishings,37.6,3,0.0,5.95
CMD-2024-13618,2024-01-31,2024-02-02,Same Day,CUST-507,Consumer,Auvergne-Rhône-Alpes,Furniture,Furnishings,75.51,8,0.0,13.66
CMD-2024-13619,2024-12-02,2024-12-05,First Class,CUST-510,Corporate,Occitanie,Furniture,Furnishings,129.79,7,0.0,23.99
CMD-2024-13620,2024-07-01,2024-07-03,Standard Class,CUST-224,Corporate,Nouvelle-Aquitaine,Technology,Phones,456.92,4,0.1,99.81
CMD-2024-13621,2024-01-23,2024-01-28,Standard Class,CUST-419,Consumer,Nouvelle-Aquitaine,Office Supplies,Paper,629.89,2,0.1,154.97
CMD-2024-13622,2025-06-27,2025-06-29,Same Day,CUST-252,Consumer,Hauts-de-France,Technology,Accessories,1098.12,4,0.1,198.89
CMD-2024-13623,2025-03-21,2025-03-26,First Class,CUST-680,Home Office,Nouvelle-Aquitaine,Office Supplies,Art,718.76,3,0.0,170.06
CMD-2024-13624,2024-03-14,2024-03-15,First Class,CUST-757,Corporate,Occitanie,Office Supplies,Art,16.31,4,0.2,3.47
CMD-2024-13625,2024-01-10,2024-01-12,Standard Class,CUST-656,Consumer,Nouvelle-Aquitaine,Technology,Copiers,25.75,1,0.3,-2.56
CMD-2024-13626,2025-04-28,2025-05-01,Same Day,CUST-119,Home Office,Hauts-de-France,Office Supplies,Storage,50.14,4,0.0,11.74
CMD-2024-13627,2025-03-31,2025-04-02,Standard Class,CUST-346,Corporate,Île-de-France,Furniture,Chairs,109.39,4,0.0,17.69
CMD-2024-13628,2025-07-19,2025-07-24,Same Day,CUST-489,Consumer,Auvergne-Rhône-Alpes,Technology,Phones,404.72,8,0.0,62.39
CMD-2024-13629,2025-07-17,2025-07-21,First Class,CUST-446,Consumer,Nouvelle-Aquitaine,Office Supplies,Binders,505.98,1,0.0,129.54
CMD-2024-13630,2025-10-21,2025-10-24,First Class,CUST-575,Corporate,Auvergne-Rhône-Alpes,Office Supplies,Binders,60.5,1,0.1,7.17
CMD-2024-13631,2024-06-08,2024-06-13,Same Day,CUST-302,Corporate,Auvergne-Rhône-Alpes,Furniture,Tables,227.67,1,0.0,52.48
CMD-2024-13632,2024-01-14,2024-01-18,Standard Class,CUST-108,Home Office,Île-de-France,Furniture,Furnishings,563.52,6,0.1,172.6
CMD-2024-13633,2024-06-26,2024-06-29,Standard Class,CUST-791,Corporate,Hauts-de-France,Technology,Phones,152.09,5,0.0,30.25
CMD-2024-13634,2025-02-15,2025-02-19,Standard Class,CUST-767,Corporate,Occitanie,Office Supplies,Storage,39.05,6,0.2,7.97
CMD-2024-13635,2024-02-22,2024-02-23,Same Day,CUST-630,Corporate,Occitanie,Technology,Phones,149.67,4,0.0,52.76
CMD-2024-13636,2025-02-11,2025-02-12,Same Day,CUST-202,Consumer,Occitanie,Technology,Accessories,118.68,6,0.1,18.74
CMD-2024-13637,2024-01-22,2024-01-24,Standard Class,CUST-345,Home Office,Hauts-de-France,Furniture,Tables,204.63,8,0.0,64.25
CMD-2024-13638,2024-01-30,2024-02-01,Standard Class,CUST-696,Home Office,Hauts-de-France,Furniture,Chairs,142.03,6,0.0,40.24
CMD-2024-13639,2025-12-03,2025-12-05,Same Day,CUST-418,Home Office,Hauts-de-France,Furniture,Chairs,18.85,1,0.3,-1.54
CMD-2024-13640,2024-09-16,2024-09-18,Same Day,CUST-450,Consumer,Nouvelle-Aquitaine,Technology,Accessories,1140.44,1,0.2,276.16
CMD-2024-13641,2024-07-23,2024-07-27,Standard Class,CUST-333,Corporate,Auvergne-Rhône-Alpes,Technology,Copiers,187.54,2,0.0,60.18
CMD-2024-13642,2024-02-28,2024-03-02,Standard Class,CUST-746,Consumer,Hauts-de-France,Technology,Phones,156.19,6,0.2,36.56
CMD-2024-13643,2025-04-15,2025-04-18,First Class,CUST-136,Home Office,Hauts-de-France,Office Supplies,Envelopes,695.38,5,0.1,213.58
CMD-2024-13644,2025-04-10,2025-04-12,Second Class,CUST-444,Corporate,Nouvelle-Aquitaine,Technology,Phones,52.28,8,0.1,4.39
CMD-2024-13645,2024-01-12,2024-01-13,Same Day,CUST-703,Corporate,Auvergne-Rhône-Alpes,Office Supplies,Envelopes,61.15,8,0.0,12.97
CMD-2024-13646,2025-09-22,2025-09-27,Second Class,CUST-391,Home Office,Occitanie,Office Supplies,Envelopes,378.07,8,0.3,-28.89
CMD-2024-13647,2024-10-16,2024-10-18,Same Day,CUST-116,Corporate,Île-de-France,Office Supplies,Storage,81.49,4,0.0,32.53
CMD-2024-13648,2024-12-19,2024-12-21,First Class,CUST-189,Consumer,Hauts-de-France,Office Supplies,Envelopes,368.23,7,0.0,150.51
CMD-2024-13649,2025-09-30,2025-10-01,Same Day,CUST-447,Home Office,Hauts-de-France,Technology,Phones,84.7,8,0.0,26.12
CMD-2024-13650,2024-03-15,2024-03-20,Same Day,CUST-776,Consumer,Île-de-France,Technology,Copiers,22.43,7,0.2,0.03
CMD-2024-13651,2025-12-16,2025-12-20,Second Class,CUST-543,Corporate,Hauts-de-France,Furniture,Furnishings,175.11,3,0.5,-45.41
CMD-2024-13652,2025-07-14,2025-07-18,First Class,CUST-352,Home Office,Hauts-de-France,Technology,Copiers,63.18,5,0.3,7.84
CMD-2024-13653,2025-08-13,2025-08-18,First Class,CUST-692,Corporate,Hauts-de-France,Office Supplies,Storage,327.0,5,0.2,81.34
CMD-2024-13654,2025-03-16,2025-03-21,First Class,CUST-283,Home Office,Île-de-France,Furniture,Chairs,240.5,2,0.7,-101.05
CMD-2024-13655,2024-08-28,2024-09-01,First Class,CUST-389,Home Office,Nouvelle-Aquitaine,Office Supplies,Envelopes,580.8,4,0.2,-15.48
CMD-2024-13656,2024-06-02,2024-06-04,Same Day,CUST-314,Home Office,Nouvelle-Aquitaine,Technology,Phones,351.12,4,0.2,24.33
CMD-2024-13657,2024-04-05,2024-04-07,Second Class,CUST-257,Home Office,Île-de-France,Office Supplies,Binders,58.87,1,0.7,-27.72
CMD-2024-13658,2025-12-26,2025-12-27,First Class,CUST-790,Home Office,Nouvelle-Aquitaine,Technology,Accessories,369.25,1,0.0,147.11
CMD-2024-13659,2024-10-20,2024-10-25,Standard Class,CUST-492,Corporate,Occitanie,Furniture,Bookcases,240.83,5,0.1,49.96
CMD-2024-13660,2024-07-27,2024-07-29,First Class,CUST-119,Home Office,Occitanie,Furniture,Furnishings,258.21,2,0.2,41.97
CMD-2024-13661,2024-12-08,2024-12-10,Second Class,CUST-570,Consumer,Île-de-France,Office Supplies,Storage,407.78,4,0.5,-72.0
CMD-2024-13662,2024-03-28,2024-03-29,Second Class,CUST-530,Home Office,Auvergne-Rhône-Alpes,Furniture,Furnishings,202.64,2,0.3,-3.31
CMD-2024-13663,2025-01-24,2025-01-29,Second Class,CUST-758,Consumer,Hauts-de-France,Office Supplies,Envelopes,153.02,3,0.3,-8.16
CMD-2024-13664,2024-11-20,2024-11-21,Second Class,CUST-167,Corporate,Auvergne-Rhône-Alpes,Office Supplies,Envelopes,237.72,7,0.5,-16.36
CMD-2024-13665,2024-06-05,2024-06-06,Standard Class,CUST-176,Home Office,Hauts-de-France,Office Supplies,Art,92.83,4,0.1,24.94
CMD-2024-13666,2025-10-29,2025-11-02,First Class,CUST-201,Home Office,Nouvelle-Aquitaine,Technology,Copiers,59.36,1,0.0,15.33
CMD-2024-13667,2025-10-12,2025-10-13,Same Day,CUST-751,Consumer,Nouvelle-Aquitaine,Office Supplies,Envelopes,225.9,5,0.0,55.65
CMD-2024-13668,2025-09-24,2025-09-29,Same Day,CUST-684,Home Office,Occitanie,Office Supplies,Art,73.6,2,0.1,4.44
CMD-2024-13669,2025-07-30,2025-08-01,Standard Class,CUST-306,Corporate,Auvergne-Rhône-Alpes,Technology,Phones,33.32,7,0.0,5.63
CMD-2024-13670,2025-09-10,2025-09-12,First Class,CUST-312,Corporate,Île-de-France,Technology,Machines,15.12,7,0.1,3.73
CMD-2024-13671,2025-10-20,2025-10-24,First Class,CUST-178,Home Office,Hauts-de-France,Technology,Accessories,221.21,8,0.0,67.33
CMD-2024-13672,2024-05-16,2024-05-21,Same Day,CUST-212,Consumer,Nouvelle-Aquitaine,Technology,Accessories,113.92,7,0.5,-19.32
CMD-2024-13673,2025-11-04,2025-11-06,Standard Class,CUST-232,Corporate,Hauts-de-France,Furniture,Bookcases,322.03,1,0.0,128.25
CMD-2024-13674,2025-03-03,2025-03-04,Same Day,CUST-296,Home Office,Île-de-France,Office Supplies,Binders,118.46,5,0.3,3.69
CMD-2024-13675,2025-03-27,2025-03-30,Standard Class,CUST-124,Consumer,Hauts-de-France,Furniture,Furnishings,161.42,1,0.5,-29.81
CMD-2024-13676,2025-09-03,2025-09-06,Second Class,CUST-571,Consumer,Occitanie,Furniture,Chairs,129.99,4,0.1,14.09
CMD-2024-13677,2024-05-20,2024-05-23,First Class,CUST-712,Corporate,Île-de-France,Office Supplies,Paper,246.32,2,0.0,97.59
CMD-2024-13678,2024-03-23,2024-03-26,First Class,CUST-642,Home Office,Île-de-France,Technology,Phones,111.86,3,0.2,15.98
CMD-2024-13679,2024-06-25,2024-06-26,First Class,CUST-389,Corporate,Hauts-de-France,Office Supplies,Paper,744.92,8,0.2,-1.69
CMD-2024-13680,2024-07-16,2024-07-18,First Class,CUST-355,Consumer,Hauts-de-France,Furniture,Bookcases,620.26,6,0.0,213.78
CMD-2024-13681,2025-09-15,2025-09-19,First Class,CUST-305,Corporate,Nouvelle-Aquitaine,Furniture,Chairs,429.49,8,0.0,119.19
CMD-2024-13682,2025-07-21,2025-07-22,First Class,CUST-574,Home Office,Hauts-de-France,Technology,Accessories,571.49,7,0.0,224.83
CMD-2024-13683,2025-11-21,2025-11-23,Second Class,CUST-167,Corporate,Île-de-France,Furniture,Tables,146.18,1,0.0,62.23
CMD-2024-13684,2025-02-24,2025-03-01,First Class,CUST-314,Consumer,Hauts-de-France,Technology,Accessories,184.14,6,0.0,60.79
CMD-2024-13685,2025-02-04,2025-02-06,Second Class,CUST-733,Corporate,Nouvelle-Aquitaine,Office Supplies,Storage,313.13,2,0.0,115.7
CMD-2024-13686,2025-11-28,2025-11-30,First Class,CUST-521,Consumer,Auvergne-Rhône-Alpes,Technology,Machines,277.07,4,0.1,21.33
CMD-2024-13687,2025-04-15,2025-04-17,First Class,CUST-657,Consumer,Occitanie,Office Supplies,Paper,501.96,8,0.5,-66.22
CMD-2024-13688,2024-08-05,2024-08-06,Standard Class,CUST-680,Consumer,Île-de-France,Furniture,Chairs,292.19,1,0.2,57.45
CMD-2024-13689,2025-12-29,2025-12-31,First Class,CUST-638,Corporate,Nouvelle-Aquitaine,Technology,Accessories,1369.88,4,0.5,-206.81
CMD-2024-13690,2025-09-23,2025-09-25,Same Day,CUST-782,Home Office,Occitanie,Office Supplies,Envelopes,109.27,3,0.2,16.18
CMD-2024-13691,2024-06-23,2024-06-28,Standard Class,CUST-561,Consumer,Hauts-de-France,Technology,Copiers,408.74,7,0.2,97.97
CMD-2024-13692,2024-01-23,2024-01-28,Standard Class,CUST-554,Corporate,Hauts-de-France,Office Supplies,Storage,278.15,3,0.0,58.25
CMD-2024-13693,2025-12-25,2025-12-28,Standard Class,CUST-400,Consumer,Auvergne-Rhône-Alpes,Office Supplies,Envelopes,273.65,7,0.0,49.11
CMD-2024-13694,2024-08-22,2024-08-23,Same Day,CUST-387,Corporate,Hauts-de-France,Office Supplies,Envelopes,101.74,5,0.3,8.87
CMD-2024-13695,2024-01-13,2024-01-15,Second Class,CUST-101,Consumer,Occitanie,Technology,Machines,353.78,5,0.5,-18.8
CMD-2024-13696,2024-04-10,2024-04-13,Standard Class,CUST-119,Corporate,Nouvelle-Aquitaine,Furniture,Bookcases,522.4,5,0.1,164.63
CMD-2024-13697,2025-06-19,2025-06-22,Standard Class,CUST-576,Consumer,Auvergne-Rhône-Alpes,Office Supplies,Storage,69.25,4,0.0,23.72
CMD-2024-13698,2025-06-06,2025-06-07,Standard Class,CUST-590,Consumer,Occitanie,Office Supplies,Envelopes,231.07,5,0.2,50.83
CMD-2024-13699,2025-03-27,2025-03-30,First Class,CUST-356,Consumer,Nouvelle-Aquitaine,Technology,Accessories,124.52,2,0.0,44.85
CMD-2024-13700,2025-03-06,2025-03-09,Second Class,CUST-552,Home Office,Occitanie,Furniture,Chairs,1018.41,6,0.0,179.46
CMD-2024-13701,2025-08-28,2025-08-29,Same Day,CUST-537,Corporate,Hauts-de-France,Furniture,Tables,158.37,6,0.3,17.2
CMD-2024-13702,2025-12-13,2025-12-17,Same Day,CUST-497,Home Office,Occitanie,Technology,Accessories,72.02,4,0.1,8.2
CMD-2024-13703,2025-06-16,2025-06-19,Second Class,CUST-252,Corporate,Auvergne-Rhône-Alpes,Technology,Accessories,120.83,4,0.2,4.95
CMD-2024-13704,2025-12-23,2025-12-28,Second Class,CUST-748,Consumer,Occitanie,Furniture,Bookcases,248.39,5,0.5,-45.11
CMD-2024-13705,2025-10-13,2025-10-16,Second Class,CUST-321,Corporate,Île-de-France,Office Supplies,Art,32.41,7,0.1,5.0
CMD-2024-13706,2024-10-19,2024-10-20,First Class,CUST-535,Corporate,Hauts-de-France,Office Supplies,Envelopes,218.57,6,0.1,34.21
CMD-2024-13707,2024-04-10,2024-04-11,Standard Class,CUST-235,Consumer,Occitanie,Furniture,Chairs,603.92,8,0.0,121.25
CMD-2024-13708,2025-05-16,2025-05-20,First Class,CUST-627,Consumer,Nouvelle-Aquitaine,Furniture,Tables,432.9,6,0.0,103.1
CMD-2024-13709,2024-10-30,2024-11-03,Second Class,CUST-725,Consumer,Hauts-de-France,Technology,Accessories,30.42,5,0.2,-0.73
CMD-2024-13710,2025-06-23,2025-06-28,First Class,CUST-378,Corporate,Nouvelle-Aquitaine,Office Supplies,Envelopes,1119.21,4,0.0,326.67
CMD-2024-13711,2025-07-06,2025-07-11,Same Day,CUST-684,Consumer,Auvergne-Rhône-Alpes,Office Supplies,Paper,278.94,3,0.0,106.16
CMD-2024-13712,2024-12-20,2024-12-23,First Class,CUST-584,Consumer,Île-de-France,Office Supplies,Binders,53.96,7,0.0,22.05
CMD-2024-13713,2024-10-29,2024-11-02,Second Class,CUST-645,Corporate,Occitanie,Office Supplies,Binders,17.75,8,0.1,5.43
CMD-2024-13714,2025-05-10,2025-05-15,Standard Class,CUST-344,Home Office,Hauts-de-France,Technology,Copiers,56.33,3,0.1,10.42
CMD-2024-13715,2025-10-19,2025-10-22,First Class,CUST-117,Corporate,Occitanie,Office Supplies,Art,415.67,5,0.2,78.61
CMD-2024-13716,2024-08-14,2024-08-16,Second Class,CUST-655,Corporate,Occitanie,Furniture,Bookcases,19.81,3,0.1,2.9
CMD-2024-13717,2024-08-23,2024-08-26,First Class,CUST-242,Corporate,Hauts-de-France,Technology,Machines,73.4,2,0.0,12.23
CMD-2024-13718,2025-03-30,2025-04-04,Same Day,CUST-600,Consumer,Île-de-France,Office Supplies,Paper,326.51,2,0.1,85.8
CMD-2024-13719,2024-01-13,2024-01-16,First Class,CUST-626,Corporate,Île-de-France,Technology,Accessories,209.07,2,0.5,-22.03
CMD-2024-13720,2024-07-28,2024-07-30,First Class,CUST-192,Home Office,Auvergne-Rhône-Alpes,Technology,Machines,350.86,4,0.0,137.01
CMD-2024-13721,2025-01-31,2025-02-05,Standard Class,CUST-482,Corporate,Hauts-de-France,Furniture,Chairs,316.62,4,0.2,49.02
CMD-2024-13722,2024-04-09,2024-04-12,First Class,CUST-378,Corporate,Hauts-de-France,Furniture,Bookcases,26.42,4,0.1,2.83
CMD-2024-13723,2024-01-31,2024-02-05,First Class,CUST-548,Consumer,Nouvelle-Aquitaine,Office Supplies,Binders,505.68,4,0.2,114.26
CMD-2024-13724,2025-06-11,2025-06-14,Same Day,CUST-682,Consumer,Nouvelle-Aquitaine,Technology,Phones,71.65,4,0.0,24.23
CMD-2024-13725,2025-10-10,2025-10-11,Same Day,CUST-720,Home Office,Nouvelle-Aquitaine,Technology,Copiers,192.34,5,0.5,-11.1
CMD-2024-13726,2024-11-24,2024-11-29,Same Day,CUST-387,Corporate,Île-de-France,Technology,Copiers,242.4,8,0.1,70.84
CMD-2024-13727,2024-06-14,2024-06-19,Standard Class,CUST-575,Corporate,Auvergne-Rhône-Alpes,Technology,Accessories,55.63,3,0.3,-1.7
CMD-2024-13728,2025-04-03,2025-04-08,Same Day,CUST-771,Corporate,Auvergne-Rhône-Alpes,Technology,Phones,837.66,5,0.0,144.38
CMD-2024-13729,2024-04-09,2024-04-14,Same Day,CUST-270,Corporate,Occitanie,Office Supplies,Paper,162.34,8,0.2,3.73
CMD-2024-13730,2025-09-12,2025-09-15,First Class,CUST-624,Corporate,Auvergne-Rhône-Alpes,Furniture,Furnishings,28.06,3,0.2,-0.06
CMD-2024-13731,2024-06-21,2024-06-25,First Class,CUST-471,Corporate,Nouvelle-Aquitaine,Office Supplies,Paper,624.13,5,0.0,139.2
CMD-2024-13732,2024-06-10,2024-06-13,Standard Class,CUST-492,Consumer,Hauts-de-France,Office Supplies,Envelopes,209.16,2,0.0,60.21
CMD-2024-13733,2025-12-28,2025-12-30,Same Day,CUST-284,Home Office,Occitanie,Office Supplies,Envelopes,279.28,1,0.2,67.6
CMD-2024-13734,2024-09-19,2024-09-20,Second Class,CUST-609,Corporate,Île-de-France,Technology,Machines,178.86,4,0.0,73.62
CMD-2024-13735,2024-09-30,2024-10-03,First Class,CUST-531,Corporate,Auvergne-Rhône-Alpes,Technology,Machines,411.05,1,0.2,76.28
CMD-2024-13736,2024-01-03,2024-01-06,Second Class,CUST-308,Consumer,Hauts-de-France,Office Supplies,Art,22.41,1,0.0,3.52
CMD-2024-13737,2024-01-28,2024-02-02,Second Class,CUST-428,Corporate,Nouvelle-Aquitaine,Furniture,Tables,83.75,2,0.0,21.14
CMD-2024-13738,2024-11-21,2024-11-23,Same Day,CUST-460,Consumer,Île-de-France,Office Supplies,Binders,154.53,1,0.2,27.0
CMD-2024-13739,2024-05-28,2024-06-02,Second Class,CUST-543,Home Office,Île-de-France,Office Supplies,Art,32.53,1,0.0,6.14
CMD-2024-13740,2025-06-23,2025-06-28,Standard Class,CUST-540,Corporate,Auvergne-Rhône-Alpes,Office Supplies,Binders,284.25,2,0.7,-68.13
CMD-2024-13741,2025-05-02,2025-05-06,Standard Class,CUST-468,Home Office,Hauts-de-France,Office Supplies,Paper,125.07,8,0.3,19.31
CMD-2024-13742,2025-03-13,2025-03-14,First Class,CUST-205,Corporate,Nouvelle-Aquitaine,Furniture,Furnishings,85.04,3,0.1,14.14
CMD-2024-13743,2024-03-05,2024-03-09,Second Class,CUST-424,Home Office,Nouvelle-Aquitaine,Technology,Machines,15.74,5,0.3,1.44
CMD-2024-13744,2024-12-21,2024-12-26,Standard Class,CUST-331,Home Office,Nouvelle-Aquitaine,Office Supplies,Binders,294.92,6,0.3,-22.28
CMD-2024-13745,2025-06-16,2025-06-17,Standard Class,CUST-348,Corporate,Nouvelle-Aquitaine,Furniture,Chairs,409.82,1,0.0,146.41
CMD-2024-13746,2024-09-08,2024-09-11,Second Class,CUST-416,Home Office,Auvergne-Rhône-Alpes,Technology,Machines,125.57,8,0.3,-14.26
CMD-2024-13747,2024-08-22,2024-08-24,Standard Class,CUST-363,Consumer,Auvergne-Rhône-Alpes,Furniture,Tables,197.73,4,0.0,38.6
CMD-2024-13748,2024-08-14,2024-08-18,Second Class,CUST-602,Consumer,Hauts-de-France,Furniture,Tables,71.84,2,0.0,26.08
CMD-2024-13749,2025-06-08,2025-06-10,Standard Class,CUST-362,Home Office,Occitanie,Office Supplies,Storage,229.14,7,0.1,62.68
CMD-2024-13750,2024-11-08,2024-11-13,Second Class,CUST-781,Home Office,Auvergne-Rhône-Alpes,Office Supplies,Art,17.69,7,0.2,2.87
CMD-2024-13751,2024-02-18,2024-02-19,Standard Class,CUST-515,Consumer,Nouvelle-Aquitaine,Technology,Phones,162.55,1,0.0,47.66
CMD-2024-13752,2024-04-27,2024-04-30,Standard Class,CUST-767,Corporate,Hauts-de-France,Office Supplies,Paper,242.35,6,0.0,85.42
CMD-2024-13753,2024-02-23,2024-02-24,Standard Class,CUST-169,Consumer,Nouvelle-Aquitaine,Office Supplies,Envelopes,565.74,3,0.1,165.28
CMD-2024-13754,2025-10-11,2025-10-13,Same Day,CUST-333,Home Office,Auvergne-Rhône-Alpes,Furniture,Chairs,120.64,8,0.0,53.07
CMD-2024-13755,2025-07-18,2025-07-20,Same Day,CUST-531,Consumer,Hauts-de-France,Technology,Accessories,333.78,3,0.2,78.97
CMD-2024-13756,2024-02-13,2024-02-16,Standard Class,CUST-153,Corporate,Nouvelle-Aquitaine,Furniture,Chairs,215.32,6,0.2,44.86
CMD-2024-13757,2024-02-22,2024-02-25,Same Day,CUST-269,Consumer,Occitanie,Office Supplies,Paper,590.84,4,0.0,211.77
CMD-2024-13758,2025-08-08,2025-08-09,Second Class,CUST-135,Corporate,Île-de-France,Technology,Accessories,126.79,1,0.0,40.86
CMD-2024-13759,2025-07-11,2025-07-15,Same Day,CUST-358,Home Office,Île-de-France,Technology,Copiers,99.55,4,0.1,9.57
CMD-2024-13760,2025-06-08,2025-06-09,First Class,CUST-350,Consumer,Nouvelle-Aquitaine,Office Supplies,Envelopes,494.96,3,0.1,54.28
CMD-2024-13761,2025-11-07,2025-11-09,First Class,CUST-112,Consumer,Île-de-France,Furniture,Bookcases,26.11,7,0.0,10.34
CMD-2024-13762,2024-04-11,2024-04-12,Standard Class,CUST-770,Corporate,Occitanie,Furniture,Bookcases,47.26,3,0.0,18.48
CMD-2024-13763,2025-02-01,2025-02-06,Same Day,CUST-640,Consumer,Occitanie,Technology,Phones,33.92,5,0.0,11.34
CMD-2024-13764,2024-05-17,2024-05-18,First Class,CUST-156,Consumer,Nouvelle-Aquitaine,Furniture,Chairs,422.49,3,0.0,119.0
CMD-2024-13765,2025-11-05,2025-11-06,Standard Class,CUST-260,Corporate,Occitanie,Office Supplies,Binders,17.35,2,0.1,1.18
CMD-2024-13766,2025-01-21,2025-01-26,First Class,CUST-536,Consumer,Île-de-France,Technology,Accessories,450.16,5,0.2,30.68
CMD-2024-13767,2024-04-20,2024-04-22,Standard Class,CUST-329,Corporate,Nouvelle-Aquitaine,Technology,Machines,147.03,4,0.1,27.38
CMD-2024-13768,2025-09-05,2025-09-08,First Class,CUST-292,Home Office,Île-de-France,Office Supplies,Storage,15.89,3,0.3,0.41
CMD-2024-13769,2024-01-17,2024-01-18,First Class,CUST-719,Consumer,Occitanie,Office Supplies,Envelopes,127.99,6,0.0,54.88
CMD-2024-13770,2024-06-30,2024-07-04,Same Day,CUST-456,Corporate,Occitanie,Furniture,Bookcases,60.49,2,0.0,11.05
CMD-2024-13771,2025-06-19,2025-06-22,Standard Class,CUST-451,Corporate,Hauts-de-France,Technology,Machines,230.43,5,0.1,49.69
CMD-2024-13772,2025-06-24,2025-06-28,First Class,CUST-357,Consumer,Auvergne-Rhône-Alpes,Technology,Machines,265.24,2,0.2,21.32
CMD-2024-13773,2024-06-19,2024-06-20,Standard Class,CUST-721,Corporate,Auvergne-Rhône-Alpes,Office Supplies,Binders,162.07,5,0.2,43.28
CMD-2024-13774,2025-02-12,2025-02-16,Same Day,CUST-741,Home Office,Nouvelle-Aquitaine,Technology,Machines,24.1,5,0.2,5.51
CMD-2024-13775,2025-01-12,2025-01-15,First Class,CUST-734,Home Office,Île-de-France,Furniture,Chairs,249.85,5,0.2,25.39
CMD-2024-13776,2024-07-06,2024-07-10,Second Class,CUST-727,Consumer,Auvergne-Rhône-Alpes,Furniture,Furnishings,420.99,8,0.0,189.41
CMD-2024-13777,2024-08-17,2024-08-21,Second Class,CUST-392,Home Office,Nouvelle-Aquitaine,Technology,Accessories,295.31,8,0.2,36.68
CMD-2024-13778,2024-04-28,2024-05-01,Second Class,CUST-485,Consumer,Occitanie,Office Supplies,Storage,404.78,6,0.2,8.15
CMD-2024-13779,2024-06-04,2024-06-07,Standard Class,CUST-333,Consumer,Auvergne-Rhône-Alpes,Office Supplies,Paper,64.23,4,0.7,-20.12
CMD-2024-13780,2025-11-17,2025-11-20,Same Day,CUST-395,Corporate,Île-de-France,Office Supplies,Envelopes,498.39,5,0.2,18.87
CMD-2024-13781,2025-04-09,2025-04-12,Standard Class,CUST-636,Corporate,Hauts-de-France,Technology,Accessories,100.56,5,0.2,16.18
CMD-2024-13782,2024-04-13,2024-04-18,Standard Class,CUST-478,Corporate,Hauts-de-France,Technology,Accessories,17.97,8,0.1,6.13
CMD-2024-13783,2025-08-26,2025-08-27,Second Class,CUST-777,Corporate,Auvergne-Rhône-Alpes,Furniture,Furnishings,422.88,2,0.3,48.99
CMD-2024-13784,2025-11-28,2025-12-01,Same Day,CUST-309,Consumer,Hauts-de-France,Furniture,Furnishings,640.73,5,0.7,-255.04
CMD-2024-13785,2025-05-16,2025-05-18,First Class,CUST-638,Corporate,Nouvelle-Aquitaine,Technology,Copiers,249.48,4,0.2,14.73
CMD-2024-13786,2025-11-23,2025-11-27,Standard Class,CUST-277,Corporate,Île-de-France,Technology,Copiers,72.91,7,0.1,5.89
CMD-2024-13787,2025-11-12,2025-11-15,Second Class,CUST-655,Home Office,Occitanie,Technology,Accessories,78.8,6,0.0,18.58
CMD-2024-13788,2025-11-29,2025-12-02,Standard Class,CUST-171,Consumer,Île-de-France,Office Supplies,Binders,153.26,6,0.2,-0.34
CMD-2024-13789,2024-06-23,2024-06-24,Standard Class,CUST-607,Home Office,Occitanie,Office Supplies,Binders,516.85,2,0.2,61.94
CMD-2024-13790,2025-11-04,2025-11-07,Same Day,CUST-321,Home Office,Hauts-de-France,Office Supplies,Binders,50.65,7,0.2,9.24
CMD-2024-13791,2025-02-24,2025-03-01,First Class,CUST-327,Home Office,Nouvelle-Aquitaine,Technology,Phones,399.68,5,0.0,150.02
CMD-2024-13792,2024-05-13,2024-05-15,Standard Class,CUST-332,Corporate,Occitanie,Office Supplies,Storage,90.75,2,0.2,-1.1
CMD-2024-13793,2025-01-25,2025-01-27,Standard Class,CUST-367,Consumer,Hauts-de-France,Technology,Accessories,378.73,8,0.0,95.43
CMD-2024-13794,2025-05-15,2025-05-18,First Class,CUST-353,Home Office,Occitanie,Furniture,Chairs,571.41,6,0.2,32.26
CMD-2024-13795,2025-10-26,2025-10-27,Same Day,CUST-774,Home Office,Auvergne-Rhône-Alpes,Office Supplies,Paper,137.7,4,0.0,24.96
CMD-2024-13796,2024-02-02,2024-02-05,Standard Class,CUST-105,Consumer,Île-de-France,Technology,Machines,114.93,2,0.2,9.05
CMD-2024-13797,2024-02-24,2024-02-28,Same Day,CUST-146,Corporate,Nouvelle-Aquitaine,Furniture,Chairs,371.53,4,0.0,89.09
CMD-2024-13798,2025-06-02,2025-06-04,Same Day,CUST-506,Home Office,Hauts-de-France,Technology,Machines,180.86,8,0.0,61.56
CMD-2024-13799,2025-09-29,2025-10-03,Standard Class,CUST-679,Consumer,Nouvelle-Aquitaine,Technology,Phones,268.76,8,0.1,87.34
CMD-2024-13800,2024-01-12,2024-01-17,First Class,CUST-353,Corporate,Île-de-France,Furniture,Bookcases,229.51,7,0.0,65.74
CMD-2024-13801,2025-06-11,2025-06-13,Standard Class,CUST-548,Corporate,Occitanie,Office Supplies,Envelopes,51.5,7,0.2,9.99
CMD-2024-13802,2025-12-20,2025-12-22,Standard Class,CUST-158,Corporate,Occitanie,Office Supplies,Storage,424.86,3,0.5,-108.85
CMD-2024-13803,2025-07-08,2025-07-13,Second Class,CUST-492,Corporate,Nouvelle-Aquitaine,Furniture,Tables,62.93,5,0.5,-1.98
CMD-2024-13804,2025-01-07,2025-01-11,First Class,CUST-730,Corporate,Occitanie,Furniture,Furnishings,607.33,4,0.0,118.9
CMD-2024-13805,2025-04-28,2025-05-01,Second Class,CUST-797,Consumer,Occitanie,Technology,Machines,78.46,5,0.3,-4.89
CMD-2024-13806,2025-10-08,2025-10-09,First Class,CUST-659,Corporate,Occitanie,Technology,Copiers,306.24,7,0.0,55.72
CMD-2024-13807,2024-08-15,2024-08-19,Standard Class,CUST-290,Home Office,Auvergne-Rhône-Alpes,Office Supplies,Paper,88.7,4,0.5,-18.37
CMD-2024-13808,2025-09-14,2025-09-19,Same Day,CUST-364,Consumer,Hauts-de-France,Technology,Machines,99.13,1,0.2,13.45
CMD-2024-13809,2024-11-02,2024-11-07,Second Class,CUST-783,Home Office,Hauts-de-France,Office Supplies,Binders,96.63,7,0.0,43.14
CMD-2024-13810,2025-04-01,2025-04-06,Second Class,CUST-657,Home Office,Île-de-France,Technology,Machines,318.14,1,0.0,123.44
CMD-2024-13811,2024-06-08,2024-06-10,Second Class,CUST-242,Corporate,Occitanie,Office Supplies,Storage,194.03,1,0.0,51.25
CMD-2024-13812,2024-11-26,2024-11-29,Second Class,CUST-345,Corporate,Nouvelle-Aquitaine,Office Supplies,Art,486.94,7,0.2,69.51
CMD-2024-13813,2024-08-12,2024-08-14,First Class,CUST-315,Consumer,Occitanie,Technology,Phones,95.8,4,0.0,32.28
CMD-2024-13814,2025-12-29,2025-12-31,Same Day,CUST-536,Consumer,Île-de-France,Technology,Machines,274.08,6,0.2,59.43
CMD-2024-13815,2025-05-18,2025-05-20,Same Day,CUST-787,Home Office,Occitanie,Office Supplies,Storage,322.59,6,0.1,90.63
CMD-2024-13816,2025-03-31,2025-04-05,Standard Class,CUST-575,Corporate,Auvergne-Rhône-Alpes,Furniture,Tables,51.14,5,0.7,-15.81
CMD-2024-13817,2024-02-14,2024-02-18,Standard Class,CUST-483,Corporate,Île-de-France,Technology,Machines,127.6,1,0.5,-12.66
CMD-2024-13818,2024-08-01,2024-08-02,Second Class,CUST-756,Home Office,Hauts-de-France,Office Supplies,Storage,160.06,5,0.0,59.83
CMD-2024-13819,2024-02-28,2024-02-29,Standard Class,CUST-646,Corporate,Hauts-de-France,Technology,Accessories,111.71,4,0.2,1.11
CMD-2024-13820,2025-10-05,2025-10-08,Standard Class,CUST-514,Consumer,Auvergne-Rhône-Alpes,Office Supplies,Paper,100.53,5,0.3,-6.02
CMD-2024-13821,2025-09-07,2025-09-10,First Class,CUST-231,Home Office,Hauts-de-France,Furniture,Tables,270.13,5,0.3,23.39
CMD-2024-13822,2024-07-13,2024-07-18,Standard Class,CUST-497,Corporate,Auvergne-Rhône-Alpes,Technology,Phones,68.5,1,0.0,27.75
CMD-2024-13823,2025-05-03,2025-05-04,Standard Class,CUST-606,Home Office,Hauts-de-France,Office Supplies,Binders,286.87,7,0.0,78.25
CMD-2024-13824,2024-06-05,2024-06-09,Standard Class,CUST-252,Corporate,Hauts-de-France,Furniture,Tables,616.49,6,0.0,273.7
CMD-2024-13825,2025-09-01,2025-09-06,Same Day,CUST-659,Corporate,Occitanie,Technology,Accessories,198.23,2,0.0,42.58
CMD-2024-13826,2024-08-13,2024-08-16,Same Day,CUST-267,Corporate,Île-de-France,Furniture,Furnishings,222.96,3,0.0,61.32
CMD-2024-13827,2025-02-15,2025-02-20,Standard Class,CUST-789,Consumer,Hauts-de-France,Technology,Copiers,30.71,4,0.1,5.33
CMD-2024-13828,2024-07-23,2024-07-26,Second Class,CUST-706,Home Office,Île-de-France,Technology,Phones,454.69,4,0.2,113.26
CMD-2024-13829,2024-03-19,2024-03-20,Same Day,CUST-329,Consumer,Île-de-France,Technology,Copiers,88.94,4,0.1,12.95
CMD-2024-13830,2024-05-03,2024-05-08,First Class,CUST-503,Consumer,Hauts-de-France,Furniture,Furnishings,225.02,3,0.2,25.03
CMD-2024-13831,2025-04-15,2025-04-17,First Class,CUST-243,Home Office,Île-de-France,Technology,Accessories,866.09,2,0.0,178.56
CMD-2024-13832,2024-08-05,2024-08-08,First Class,CUST-775,Home Office,Auvergne-Rhône-Alpes,Office Supplies,Binders,214.12,6,0.3,7.79
CMD-2024-13833,2025-05-30,2025-06-01,Standard Class,CUST-630,Corporate,Nouvelle-Aquitaine,Office Supplies,Envelopes,298.78,5,0.5,-12.78
CMD-2024-13834,2025-08-24,2025-08-27,Second Class,CUST-167,Corporate,Auvergne-Rhône-Alpes,Furniture,Chairs,144.66,6,0.1,21.87
CMD-2024-13835,2024-04-13,2024-04-15,First Class,CUST-197,Home Office,Hauts-de-France,Office Supplies,Paper,28.7,8,0.3,3.54
CMD-2024-13836,2025-01-27,2025-01-28,Second Class,CUST-106,Corporate,Auvergne-Rhône-Alpes,Office Supplies,Paper,366.45,4,0.0,155.15
CMD-2024-13837,2025-09-22,2025-09-23,First Class,CUST-276,Corporate,Nouvelle-Aquitaine,Furniture,Chairs,22.84,5,0.2,-0.19
CMD-2024-13838,2025-10-06,2025-10-10,Second Class,CUST-305,Home Office,Auvergne-Rhône-Alpes,Furniture,Furnishings,280.36,1,0.0,105.68
CMD-2024-13839,2025-08-30,2025-09-03,Standard Class,CUST-398,Consumer,Île-de-France,Technology,Copiers,20.1,6,0.0,4.55
CMD-2024-13840,2025-03-09,2025-03-13,Standard Class,CUST-328,Home Office,Hauts-de-France,Office Supplies,Art,451.2,1,0.0,91.41
CMD-2024-13841,2024-11-26,2024-12-01,First Class,CUST-730,Home Office,Île-de-France,Technology,Phones,52.74,1,0.1,12.68
CMD-2024-13842,2024-05-22,2024-05-25,First Class,CUST-369,Consumer,Île-de-France,Technology,Copiers,173.86,7,0.0,62.88
CMD-2024-13843,2025-06-23,2025-06-28,Same Day,CUST-180,Corporate,Hauts-de-France,Office Supplies,Binders,215.02,6,0.1,38.37
CMD-2024-13844,2024-10-04,2024-10-08,First Class,CUST-771,Consumer,Hauts-de-France,Technology,Phones,149.56,4,0.0,24.19
CMD-2024-13845,2024-08-20,2024-08-23,Same Day,CUST-287,Consumer,Occitanie,Technology,Copiers,106.67,3,0.3,16.28
CMD-2024-13846,2025-06-12,2025-06-17,Same Day,CUST-799,Home Office,Nouvelle-Aquitaine,Furniture,Furnishings,153.77,4,0.1,42.94
CMD-2024-13847,2025-07-24,2025-07-25,Standard Class,CUST-600,Corporate,Île-de-France,Furniture,Tables,97.09,1,0.0,22.48
CMD-2024-13848,2024-03-30,2024-04-02,Standard Class,CUST-586,Corporate,Île-de-France,Office Supplies,Art,141.82,1,0.0,42.41
CMD-2024-13849,2025-05-06,2025-05-10,Same Day,CUST-587,Consumer,Hauts-de-France,Office Supplies,Paper,112.81,4,0.3,-12.6
CMD-2024-13850,2024-07-17,2024-07-18,First Class,CUST-577,Home Office,Hauts-de-France,Technology,Machines,198.74,3,0.0,50.04
CMD-2024-13851,2024-12-27,2024-12-30,Same Day,CUST-388,Consumer,Auvergne-Rhône-Alpes,Technology,Copiers,74.78,3,0.1,16.21
CMD-2024-13852,2025-03-16,2025-03-21,First Class,CUST-205,Corporate,Île-de-France,Office Supplies,Paper,1000.41,7,0.1,215.26
CMD-2024-13853,2024-01-26,2024-01-30,Standard Class,CUST-740,Corporate,Île-de-France,Technology,Machines,167.88,5,0.0,35.67
CMD-2024-13854,2024-01-25,2024-01-30,First Class,CUST-708,Home Office,Hauts-de-France,Furniture,Furnishings,62.49,2,0.0,23.94
CMD-2024-13855,2025-01-28,2025-01-29,Same Day,CUST-675,Home Office,Île-de-France,Technology,Phones,157.63,1,0.1,23.59
CMD-2024-13856,2025-05-21,2025-05-22,First Class,CUST-739,Consumer,Nouvelle-Aquitaine,Furniture,Tables,457.86,8,0.0,148.4
CMD-2024-13857,2024-10-27,2024-10-28,Same Day,CUST-322,Home Office,Occitanie,Furniture,Chairs,19.85,3,0.0,4.59
CMD-2024-13858,2024-12-04,2024-12-07,First Class,CUST-481,Consumer,Hauts-de-France,Furniture,Tables,265.37,6,0.0,73.65
CMD-2024-13859,2024-09-23,2024-09-27,Same Day,CUST-203,Home Office,Hauts-de-France,Furniture,Tables,189.68,7,0.0,40.26
CMD-2024-13860,2025-04-05,2025-04-06,Standard Class,CUST-763,Consumer,Île-de-France,Furniture,Chairs,55.88,1,0.0,18.99
CMD-2024-13861,2025-11-23,2025-11-28,Same Day,CUST-213,Corporate,Occitanie,Technology,Phones,389.19,2,0.5,-67.07
CMD-2024-13862,2025-03-31,2025-04-04,Standard Class,CUST-607,Corporate,Occitanie,Technology,Accessories,116.26,6,0.1,7.54
CMD-2024-13863,2024-12-25,2024-12-30,Same Day,CUST-154,Corporate,Hauts-de-France,Technology,Accessories,91.53,1,0.2,-1.97
CMD-2024-13864,2024-03-08,2024-03-13,Same Day,CUST-220,Corporate,Hauts-de-France,Furniture,Tables,402.42,7,0.0,117.24
CMD-2024-13865,2025-02-15,2025-02-16,Second Class,CUST-316,Corporate,Hauts-de-France,Furniture,Bookcases,238.86,7,0.0,48.96
CMD-2024-13866,2025-05-05,2025-05-09,Second Class,CUST-734,Corporate,Nouvelle-Aquitaine,Furniture,Tables,517.77,3,0.3,28.74
CMD-2024-13867,2024-02-18,2024-02-20,Second Class,CUST-102,Home Office,Île-de-France,Technology,Machines,233.67,5,0.1,42.63
CMD-2024-13868,2025-11-17,2025-11-20,Second Class,CUST-191,Home Office,Nouvelle-Aquitaine,Office Supplies,Art,312.05,4,0.0,108.07
CMD-2024-13869,2025-07-17,2025-07-19,First Class,CUST-506,Home Office,Hauts-de-France,Office Supplies,Storage,413.33,8,0.0,180.1
CMD-2024-13870,2024-04-11,2024-04-14,Standard Class,CUST-775,Consumer,Occitanie,Technology,Phones,27.38,7,0.1,5.99
CMD-2024-13871,2024-08-03,2024-08-07,Standard Class,CUST-540,Home Office,Île-de-France,Technology,Phones,344.19,6,0.3,40.0
CMD-2024-13872,2025-03-13,2025-03-14,Second Class,CUST-730,Home Office,Île-de-France,Technology,Accessories,224.25,4,0.0,84.3
CMD-2024-13873,2025-11-30,2025-12-04,First Class,CUST-531,Consumer,Hauts-de-France,Furniture,Furnishings,30.85,3,0.1,10.38
CMD-2024-13874,2025-07-22,2025-07-24,Same Day,CUST-160,Consumer,Hauts-de-France,Furniture,Tables,171.3,8,0.2,5.86
CMD-2024-13875,2025-07-12,2025-07-17,Same Day,CUST-572,Corporate,Hauts-de-France,Technology,Copiers,33.93,3,0.7,-7.87
CMD-2024-13876,2024-06-07,2024-06-10,Standard Class,CUST-346,Home Office,Hauts-de-France,Office Supplies,Storage,307.95,8,0.3,46.7
CMD-2024-13877,2025-05-03,2025-05-06,Standard Class,CUST-471,Home Office,Hauts-de-France,Technology,Copiers,188.97,8,0.0,50.61
CMD-2024-13878,2025-11-16,2025-11-18,First Class,CUST-388,Consumer,Hauts-de-France,Furniture,Furnishings,690.37,6,0.2,44.28
CMD-2024-13879,2024-08-29,2024-08-30,Same Day,CUST-689,Corporate,Île-de-France,Furniture,Bookcases,59.5,2,0.2,15.21
CMD-2024-13880,2024-01-05,2024-01-09,First Class,CUST-123,Home Office,Nouvelle-Aquitaine,Office Supplies,Storage,219.93,8,0.2,34.81
CMD-2024-13881,2025-08-18,2025-08-20,Same Day,CUST-505,Consumer,Occitanie,Technology,Accessories,67.3,7,0.3,-0.39
CMD-2024-13882,2024-12-26,2024-12-30,Second Class,CUST-407,Consumer,Hauts-de-France,Office Supplies,Art,224.46,6,0.5,-14.02
CMD-2024-13883,2025-04-03,2025-04-04,Second Class,CUST-712,Home Office,Occitanie,Office Supplies,Art,297.14,1,0.0,71.71
CMD-2024-13884,2024-09-04,2024-09-09,First Class,CUST-471,Consumer,Île-de-France,Technology,Machines,296.87,2,0.0,60.24
CMD-2024-13885,2025-07-19,2025-07-23,Standard Class,CUST-734,Consumer,Occitanie,Technology,Accessories,386.32,8,0.2,51.45
CMD-2024-13886,2025-11-03,2025-11-04,First Class,CUST-314,Home Office,Île-de-France,Furniture,Furnishings,437.64,4,0.0,139.99
CMD-2024-13887,2025-02-25,2025-02-27,First Class,CUST-361,Corporate,Auvergne-Rhône-Alpes,Office Supplies,Envelopes,32.69,1,0.0,13.0
CMD-2024-13888,2024-01-15,2024-01-20,Same Day,CUST-445,Home Office,Nouvelle-Aquitaine,Office Supplies,Storage,107.51,2,0.0,30.87
CMD-2024-13889,2025-07-26,2025-07-31,Same Day,CUST-512,Corporate,Auvergne-Rhône-Alpes,Furniture,Furnishings,270.63,4,0.3,33.66
CMD-2024-13890,2024-05-01,2024-05-06,Same Day,CUST-222,Consumer,Île-de-France,Office Supplies,Envelopes,166.87,1,0.0,40.62
CMD-2024-13891,2024-10-03,2024-10-06,Same Day,CUST-419,Home Office,Auvergne-Rhône-Alpes,Technology,Phones,61.54,5,0.2,8.78
CMD-2024-13892,2025-07-11,2025-07-12,Standard Class,CUST-436,Home Office,Île-de-France,Technology,Phones,192.0,7,0.0,40.81
CMD-2024-13893,2025-03-28,2025-04-01,Standard Class,CUST-257,Corporate,Auvergne-Rhône-Alpes,Office Supplies,Paper,130.13,6,0.0,34.57
CMD-2024-13894,2025-01-24,2025-01-26,Second Class,CUST-426,Consumer,Île-de-France,Office Supplies,Paper,123.76,6,0.0,50.4
CMD-2024-13895,2024-10-20,2024-10-25,First Class,CUST-760,Home Office,Nouvelle-Aquitaine,Furniture,Chairs,380.08,6,0.0,81.64
CMD-2024-13896,2025-07-27,2025-08-01,Second Class,CUST-164,Home Office,Nouvelle-Aquitaine,Office Supplies,Art,130.19,8,0.3,16.02
CMD-2024-13897,2025-08-20,2025-08-25,Same Day,CUST-468,Consumer,Nouvelle-Aquitaine,Office Supplies,Storage,20.9,5,0.3,-0.73
CMD-2024-13898,2025-03-21,2025-03-22,First Class,CUST-103,Corporate,Île-de-France,Office Supplies,Binders,28.16,7,0.2,-0.55
CMD-2024-13899,2024-07-28,2024-07-30,Same Day,CUST-785,Home Office,Occitanie,Office Supplies,Paper,441.72,2,0.0,80.83
CMD-2024-13900,2025-08-12,2025-08-13,First Class,CUST-747,Consumer,Auvergne-Rhône-Alpes,Office Supplies,Art,726.48,7,0.1,206.15
CMD-2024-13901,2025-12-14,2025-12-16,Standard Class,CUST-159,Home Office,Auvergne-Rhône-Alpes,Technology,Machines,271.53,3,0.0,62.08
CMD-2024-13902,2024-10-28,2024-11-01,Same Day,CUST-144,Home Office,Auvergne-Rhône-Alpes,Office Supplies,Binders,114.69,1,0.0,39.71
CMD-2024-13903,2024-08-10,2024-08-13,First Class,CUST-683,Home Office,Auvergne-Rhône-Alpes,Technology,Accessories,628.88,2,0.1,169.65
CMD-2024-13904,2024-01-03,2024-01-05,First Class,CUST-706,Corporate,Nouvelle-Aquitaine,Office Supplies,Art,254.16,3,0.2,18.69
CMD-2024-13905,2025-06-01,2025-06-02,Same Day,CUST-642,Consumer,Occitanie,Furniture,Tables,424.21,6,0.0,124.07
CMD-2024-13906,2024-04-02,2024-04-03,Standard Class,CUST-255,Home Office,Auvergne-Rhône-Alpes,Office Supplies,Art,334.4,6,0.0,90.67
CMD-2024-13907,2025-06-03,2025-06-04,Standard Class,CUST-163,Home Office,Occitanie,Furniture,Tables,119.86,6,0.5,-1.89
CMD-2024-13908,2025-03-03,2025-03-06,Standard Class,CUST-520,Home Office,Île-de-France,Technology,Copiers,158.32,3,0.0,38.94
CMD-2024-13909,2025-05-07,2025-05-09,First Class,CUST-422,Corporate,Île-de-France,Technology,Machines,60.31,1,0.5,-14.78
CMD-2024-13910,2024-08-22,2024-08-24,Standard Class,CUST-208,Home Office,Auvergne-Rhône-Alpes,Office Supplies,Binders,90.97,1,0.7,-33.69
CMD-2024-13911,2025-09-11,2025-09-13,First Class,CUST-562,Consumer,Hauts-de-France,Office Supplies,Binders,346.24,3,0.1,90.32
CMD-2024-13912,2024-06-09,2024-06-11,Second Class,CUST-679,Corporate,Nouvelle-Aquitaine,Technology,Copiers,508.7,4,0.0,182.73
CMD-2024-13913,2025-12-21,2025-12-26,Standard Class,CUST-646,Consumer,Auvergne-Rhône-Alpes,Office Supplies,Art,298.59,6,0.2,73.82
CMD-2024-13914,2024-11-26,2024-12-01,Same Day,CUST-350,Home Office,Nouvelle-Aquitaine,Office Supplies,Envelopes,152.68,2,0.0,63.29
CMD-2024-13915,2024-11-28,2024-11-29,Same Day,CUST-609,Home Office,Auvergne-Rhône-Alpes,Furniture,Furnishings,34.91,1,0.0,8.26
CMD-2024-13916,2024-02-19,2024-02-24,Same Day,CUST-647,Corporate,Nouvelle-Aquitaine,Technology,Phones,27.9,7,0.2,2.97
CMD-2024-13917,2025-06-06,2025-06-08,Same Day,CUST-540,Home Office,Hauts-de-France,Office Supplies,Binders,118.16,3,0.0,44.21
CMD-2024-13918,2025-10-29,2025-10-31,Second Class,CUST-553,Consumer,Hauts-de-France,Furniture,Bookcases,152.12,8,0.0,64.65
CMD-2024-13919,2025-05-06,2025-05-11,Second Class,CUST-743,Consumer,Île-de-France,Office Supplies,Binders,221.66,4,0.2,15.77
CMD-2024-13920,2025-08-04,2025-08-08,Standard Class,CUST-778,Consumer,Auvergne-Rhône-Alpes,Office Supplies,Storage,16.43,5,0.2,1.7
CMD-2024-13921,2025-11-11,2025-11-12,Standard Class,CUST-373,Home Office,Hauts-de-France,Office Supplies,Paper,1022.12,8,0.0,429.13
CMD-2024-13922,2024-09-28,2024-10-01,Same Day,CUST-159,Home Office,Hauts-de-France,Office Supplies,Paper,114.54,8,0.0,29.5
CMD-2024-13923,2025-08-02,2025-08-03,Same Day,CUST-441,Corporate,Auvergne-Rhône-Alpes,Technology,Machines,429.59,3,0.0,126.37
CMD-2024-13924,2024-09-08,2024-09-09,Same Day,CUST-493,Corporate,Auvergne-Rhône-Alpes,Technology,Phones,183.44,7,0.0,77.29
CMD-2024-13925,2025-07-13,2025-07-14,First Class,CUST-212,Consumer,Île-de-France,Technology,Machines,45.75,4,0.2,9.64
CMD-2024-13926,2025-11-26,2025-12-01,Standard Class,CUST-320,Consumer,Hauts-de-France,Technology,Copiers,366.41,5,0.2,15.77
CMD-2024-13927,2025-11-29,2025-11-30,Same Day,CUST-167,Corporate,Nouvelle-Aquitaine,Furniture,Bookcases,287.2,4,0.2,19.37
CMD-2024-13928,2024-03-30,2024-04-01,Same Day,CUST-414,Corporate,Auvergne-Rhône-Alpes,Office Supplies,Paper,179.91,1,0.0,46.04
CMD-2024-13929,2025-03-21,2025-03-22,Same Day,CUST-566,Consumer,Auvergne-Rhône-Alpes,Office Supplies,Envelopes,173.99,8,0.0,73.74
CMD-2024-13930,2024-11-27,2024-11-29,Second Class,CUST-362,Corporate,Auvergne-Rhône-Alpes,Technology,Copiers,35.14,3,0.0,15.8
CMD-2024-13931,2024-05-18,2024-05-23,Second Class,CUST-230,Home Office,Auvergne-Rhône-Alpes,Furniture,Tables,249.67,7,0.0,95.42
CMD-2024-13932,2024-12-22,2024-12-27,Second Class,CUST-523,Home Office,Hauts-de-France,Technology,Phones,547.81,5,0.0,161.77
CMD-2024-13933,2025-08-23,2025-08-24,First Class,CUST-366,Corporate,Nouvelle-Aquitaine,Technology,Accessories,36.53,4,0.0,5.59
CMD-2024-13934,2024-09-30,2024-10-02,First Class,CUST-311,Corporate,Île-de-France,Technology,Machines,82.29,8,0.0,29.56
CMD-2024-13935,2024-01-19,2024-01-21,Standard Class,CUST-662,Home Office,Occitanie,Office Supplies,Binders,526.71,5,0.2,45.72
CMD-2024-13936,2024-11-06,2024-11-08,Same Day,CUST-387,Home Office,Hauts-de-France,Technology,Machines,88.6,8,0.2,14.17
CMD-2024-13937,2024-06-02,2024-06-04,Standard Class,CUST-524,Consumer,Hauts-de-France,Office Supplies,Envelopes,248.45,2,0.1,60.13
CMD-2024-13938,2025-01-24,2025-01-27,Standard Class,CUST-653,Corporate,Occitanie,Technology,Accessories,183.37,7,0.0,53.96
CMD-2024-13939,2024-09-16,2024-09-21,Second Class,CUST-343,Home Office,Occitanie,Office Supplies,Envelopes,214.57,3,0.3,35.04
CMD-2024-13940,2025-09-11,2025-09-13,Same Day,CUST-732,Corporate,Auvergne-Rhône-Alpes,Office Supplies,Storage,133.25,1,0.5,-39.05
CMD-2024-13941,2025-07-24,2025-07-27,Second Class,CUST-433,Home Office,Nouvelle-Aquitaine,Office Supplies,Paper,93.47,8,0.0,33.99
CMD-2024-13942,2024-05-04,2024-05-07,Second Class,CUST-427,Home Office,Hauts-de-France,Office Supplies,Binders,25.95,5,0.2,2.41
CMD-2024-13943,2024-12-19,2024-12-24,Same Day,CUST-205,Corporate,Hauts-de-France,Office Supplies,Paper,315.01,6,0.3,29.65
CMD-2024-13944,2024-09-29,2024-10-03,Standard Class,CUST-178,Consumer,Île-de-France,Office Supplies,Storage,316.57,4,0.1,83.12
CMD-2024-13945,2025-09-10,2025-09-11,Standard Class,CUST-264,Home Office,Occitanie,Office Supplies,Binders,259.39,6,0.0,39.71
CMD-2024-13946,2024-09-01,2024-09-06,Second Class,CUST-730,Corporate,Occitanie,Technology,Copiers,242.0,5,0.1,35.24
CMD-2024-13947,2025-03-25,2025-03-29,Same Day,CUST-156,Home Office,Hauts-de-France,Technology,Copiers,76.45,7,0.1,8.92
CMD-2024-13948,2024-09-03,2024-09-04,Standard Class,CUST-287,Corporate,Occitanie,Technology,Accessories,19.97,6,0.0,4.0
CMD-2024-13949,2025-06-03,2025-06-04,First Class,CUST-151,Corporate,Auvergne-Rhône-Alpes,Furniture,Bookcases,378.88,4,0.5,-30.86
CMD-2024-13950,2024-05-20,2024-05-21,Standard Class,CUST-171,Home Office,Île-de-France,Furniture,Bookcases,163.63,5,0.2,6.85
CMD-2024-13951,2024-12-27,2024-12-30,Same Day,CUST-423,Consumer,Hauts-de-France,Office Supplies,Binders,95.63,1,0.0,27.96
CMD-2024-13952,2024-01-08,2024-01-10,Same Day,CUST-711,Home Office,Île-de-France,Office Supplies,Paper,38.65,1,0.1,5.18
CMD-2024-13953,2025-04-22,2025-04-23,Same Day,CUST-437,Home Office,Auvergne-Rhône-Alpes,Furniture,Bookcases,29.25,3,0.2,4.21
CMD-2024-13954,2024-12-17,2024-12-19,Second Class,CUST-254,Consumer,Île-de-France,Furniture,Bookcases,109.39,1,0.0,40.06
CMD-2024-13955,2025-05-09,2025-05-10,Standard Class,CUST-158,Consumer,Occitanie,Office Supplies,Art,374.35,5,0.0,93.33
CMD-2024-13956,2025-08-28,2025-08-31,First Class,CUST-374,Corporate,Hauts-de-France,Technology,Accessories,567.18,7,0.5,-67.55
CMD-2024-13957,2025-03-02,2025-03-03,Second Class,CUST-300,Corporate,Île-de-France,Office Supplies,Art,514.54,5,0.1,158.2
CMD-2024-13958,2024-02-08,2024-02-13,Standard Class,CUST-394,Consumer,Nouvelle-Aquitaine,Technology,Machines,570.66,1,0.0,101.73
CMD-2024-13959,2025-08-15,2025-08-19,Same Day,CUST-421,Consumer,Hauts-de-France,Office Supplies,Storage,539.26,2,0.0,195.86
CMD-2024-13960,2024-07-05,2024-07-06,Standard Class,CUST-428,Home Office,Île-de-France,Technology,Machines,179.81,5,0.1,28.22
CMD-2024-13961,2025-08-18,2025-08-22,Same Day,CUST-489,Consumer,Hauts-de-France,Office Supplies,Art,69.5,3,0.1,6.73
CMD-2024-13962,2025-08-22,2025-08-26,Same Day,CUST-383,Home Office,Île-de-France,Furniture,Chairs,366.94,2,0.0,115.11
CMD-2024-13963,2024-04-02,2024-04-05,Standard Class,CUST-275,Home Office,Île-de-France,Technology,Copiers,67.9,1,0.1,8.68
CMD-2024-13964,2024-03-26,2024-03-30,Standard Class,CUST-709,Home Office,Occitanie,Technology,Copiers,83.4,7,0.0,33.06
CMD-2024-13965,2024-02-13,2024-02-16,First Class,CUST-448,Consumer,Île-de-France,Furniture,Furnishings,73.43,4,0.0,11.96
CMD-2024-13966,2024-05-16,2024-05-17,Standard Class,CUST-531,Consumer,Nouvelle-Aquitaine,Office Supplies,Storage,174.19,5,0.1,15.61
CMD-2024-13967,2025-02-24,2025-02-26,Standard Class,CUST-793,Home Office,Occitanie,Office Supplies,Paper,100.44,4,0.0,30.76
CMD-2024-13968,2024-03-14,2024-03-17,Second Class,CUST-481,Consumer,Nouvelle-Aquitaine,Furniture,Chairs,51.83,6,0.3,2.94
CMD-2024-13969,2025-07-01,2025-07-05,Same Day,CUST-371,Corporate,Nouvelle-Aquitaine,Technology,Accessories,147.8,3,0.0,54.53
CMD-2024-13970,2025-09-04,2025-09-08,Same Day,CUST-591,Corporate,Auvergne-Rhône-Alpes,Furniture,Tables,470.56,2,0.2,22.48
CMD-2024-13971,2025-05-26,2025-05-27,First Class,CUST-646,Home Office,Nouvelle-Aquitaine,Office Supplies,Binders,200.96,8,0.0,80.89
CMD-2024-13972,2024-06-04,2024-06-07,Second Class,CUST-430,Consumer,Île-de-France,Office Supplies,Art,478.43,4,0.0,208.57
CMD-2024-13973,2024-09-11,2024-09-12,First Class,CUST-698,Corporate,Hauts-de-France,Technology,Accessories,62.96,8,0.2,7.54
CMD-2024-13974,2024-06-19,2024-06-22,Standard Class,CUST-257,Home Office,Occitanie,Office Supplies,Binders,55.19,3,0.1,15.9
CMD-2024-13975,2025-12-28,2025-12-30,First Class,CUST-531,Corporate,Occitanie,Office Supplies,Envelopes,203.55,4,0.2,25.94
CMD-2024-13976,2024-06-18,2024-06-23,Same Day,CUST-424,Home Office,Occitanie,Office Supplies,Paper,151.92,4,0.1,12.28
CMD-2024-13977,2024-11-17,2024-11-18,Second Class,CUST-215,Home Office,Hauts-de-France,Office Supplies,Envelopes,252.45,3,0.1,39.85
CMD-2024-13978,2025-07-20,2025-07-24,Standard Class,CUST-619,Home Office,Nouvelle-Aquitaine,Office Supplies,Art,363.24,8,0.2,-1.36
CMD-2024-13979,2025-03-31,2025-04-01,Second Class,CUST-718,Corporate,Auvergne-Rhône-Alpes,Office Supplies,Binders,321.14,5,0.1,114.54
CMD-2024-13980,2025-08-25,2025-08-28,Second Class,CUST-718,Home Office,Île-de-France,Technology,Copiers,642.4,4,0.1,82.68
CMD-2024-13981,2025-09-04,2025-09-05,First Class,CUST-725,Home Office,Occitanie,Office Supplies,Paper,126.74,3,0.2,20.38
CMD-2024-13982,2024-06-03,2024-06-05,Standard Class,CUST-534,Corporate,Île-de-France,Furniture,Tables,65.85,4,0.5,-14.14
CMD-2024-13983,2024-12-14,2024-12-17,Second Class,CUST-621,Home Office,Nouvelle-Aquitaine,Technology,Accessories,191.12,7,0.0,66.12
CMD-2024-13984,2025-03-26,2025-03-30,Second Class,CUST-671,Corporate,Auvergne-Rhône-Alpes,Furniture,Furnishings,40.82,8,0.1,5.03
CMD-2024-13985,2025-10-14,2025-10-18,First Class,CUST-365,Home Office,Occitanie,Office Supplies,Binders,89.99,5,0.0,34.7
CMD-2024-13986,2024-06-21,2024-06-24,Second Class,CUST-497,Consumer,Nouvelle-Aquitaine,Technology,Accessories,66.27,7,0.0,12.14
CMD-2024-13987,2024-01-10,2024-01-12,Same Day,CUST-201,Consumer,Auvergne-Rhône-Alpes,Furniture,Tables,126.13,7,0.0,52.79
CMD-2024-13988,2024-09-21,2024-09-22,Same Day,CUST-162,Corporate,Occitanie,Furniture,Tables,40.94,3,0.3,5.41
CMD-2024-13989,2025-03-13,2025-03-18,Standard Class,CUST-786,Home Office,Nouvelle-Aquitaine,Technology,Copiers,22.12,7,0.1,5.83
CMD-2024-13990,2024-09-03,2024-09-07,Standard Class,CUST-610,Corporate,Île-de-France,Technology,Machines,250.27,4,0.2,-2.45
CMD-2024-13991,2025-10-28,2025-10-30,First Class,CUST-321,Home Office,Hauts-de-France,Office Supplies,Binders,222.29,8,0.0,47.25
CMD-2024-13992,2025-06-29,2025-07-01,Second Class,CUST-535,Corporate,Occitanie,Office Supplies,Storage,286.09,1,0.1,90.92
CMD-2024-13993,2025-05-13,2025-05-15,First Class,CUST-289,Consumer,Auvergne-Rhône-Alpes,Technology,Accessories,252.59,5,0.5,-66.53
CMD-2024-13994,2024-05-08,2024-05-09,First Class,CUST-739,Corporate,Auvergne-Rhône-Alpes,Office Supplies,Paper,41.7,4,0.0,8.21
CMD-2024-13995,2025-11-02,2025-11-04,Same Day,CUST-433,Consumer,Hauts-de-France,Office Supplies,Paper,90.68,2,0.0,28.4
CMD-2024-13996,2025-08-23,2025-08-25,Second Class,CUST-657,Consumer,Hauts-de-France,Furniture,Chairs,45.52,3,0.0,10.57
CMD-2024-13997,2025-08-27,2025-08-30,Same Day,CUST-680,Consumer,Nouvelle-Aquitaine,Office Supplies,Art,422.29,4,0.2,15.47
CMD-2024-13998,2024-11-22,2024-11-25,Same Day,CUST-400,Corporate,Hauts-de-France,Office Supplies,Binders,317.28,5,0.1,73.85
CMD-2024-13999,2025-02-07,2025-02-09,Standard Class,CUST-450,Corporate,Occitanie,Furniture,Furnishings,64.51,7,0.1,11.08
CMD-2024-14000,2025-09-20,2025-09-22,First Class,CUST-669,Consumer,Hauts-de-France,Technology,Accessories,106.85,5,0.2,1.3
CMD-2024-14001,2025-08-28,2025-08-31,Same Day,CUST-214,Corporate,Occitanie,Office Supplies,Paper,762.92,2,0.0,236.85
CMD-2024-14002,2025-11-05,2025-11-06,Standard Class,CUST-621,Home Office,Île-de-France,Furniture,Furnishings,213.39,7,0.2,18.37
CMD-2024-14003,2025-09-02,2025-09-05,Standard Class,CUST-466,Consumer,Hauts-de-France,Technology,Machines,370.35,2,0.0,137.16
CMD-2024-14004,2025-09-16,2025-09-19,Second Class,CUST-368,Home Office,Île-de-France,Furniture,Furnishings,82.61,6,0.0,14.94
CMD-2024-14005,2024-12-24,2024-12-27,Second Class,CUST-185,Consumer,Auvergne-Rhône-Alpes,Furniture,Tables,66.87,6,0.2,10.44
CMD-2024-14006,2025-08-25,2025-08-28,Same Day,CUST-477,Home Office,Hauts-de-France,Office Supplies,Binders,352.06,4,0.3,3.85
CMD-2024-14007,2025-12-18,2025-12-23,Standard Class,CUST-246,Consumer,Auvergne-Rhône-Alpes,Furniture,Furnishings,269.75,1,0.2,24.77
CMD-2024-14008,2024-01-17,2024-01-21,Standard Class,CUST-217,Consumer,Île-de-France,Technology,Accessories,266.35,7,0.2,10.57
CMD-2024-14009,2024-09-30,2024-10-01,Standard Class,CUST-234,Consumer,Auvergne-Rhône-Alpes,Office Supplies,Storage,191.96,8,0.0,30.55
CMD-2024-14010,2025-11-15,2025-11-16,First Class,CUST-626,Corporate,Île-de-France,Furniture,Chairs,197.41,5,0.0,79.81
CMD-2024-14011,2024-04-25,2024-04-27,Standard Class,CUST-305,Home Office,Nouvelle-Aquitaine,Technology,Machines,307.75,8,0.0,76.3
CMD-2024-14012,2025-11-23,2025-11-28,First Class,CUST-332,Consumer,Île-de-France,Furniture,Furnishings,84.24,1,0.3,7.1
CMD-2024-14013,2024-03-31,2024-04-02,Second Class,CUST-165,Corporate,Nouvelle-Aquitaine,Office Supplies,Envelopes,110.71,7,0.3,18.19
CMD-2024-14014,2024-03-22,2024-03-23,Same Day,CUST-103,Consumer,Auvergne-Rhône-Alpes,Technology,Accessories,466.64,7,0.5,-60.9
CMD-2024-14015,2024-11-19,2024-11-20,Second Class,CUST-102,Home Office,Île-de-France,Furniture,Tables,96.27,7,0.0,25.91
CMD-2024-14016,2024-04-23,2024-04-25,Same Day,CUST-358,Consumer,Nouvelle-Aquitaine,Technology,Copiers,188.87,7,0.1,26.53
CMD-2024-14017,2024-02-27,2024-03-02,Standard Class,CUST-424,Corporate,Île-de-France,Technology,Machines,281.82,1,0.1,95.88
CMD-2024-14018,2024-06-02,2024-06-04,Same Day,CUST-339,Consumer,Occitanie,Furniture,Furnishings,2104.06,4,0.2,367.42
CMD-2024-14019,2025-02-07,2025-02-11,Same Day,CUST-704,Consumer,Occitanie,Technology,Machines,140.72,3,0.1,36.53
CMD-2024-14020,2025-09-19,2025-09-23,Second Class,CUST-634,Consumer,Auvergne-Rhône-Alpes,Office Supplies,Paper,137.93,3,0.2,13.5
CMD-2024-14021,2024-09-22,2024-09-25,Same Day,CUST-417,Consumer,Occitanie,Technology,Accessories,421.76,3,0.0,170.19
CMD-2024-14022,2024-11-10,2024-11-11,Standard Class,CUST-698,Corporate,Hauts-de-France,Office Supplies,Storage,375.21,2,0.0,136.61
CMD-2024-14023,2025-12-15,2025-12-18,First Class,CUST-150,Consumer,Nouvelle-Aquitaine,Technology,Phones,303.93,7,0.0,71.41
CMD-2024-14024,2024-02-10,2024-02-11,Standard Class,CUST-569,Home Office,Hauts-de-France,Office Supplies,Envelopes,151.88,7,0.0,50.1
CMD-2024-14025,2024-04-14,2024-04-17,Same Day,CUST-142,Home Office,Occitanie,Furniture,Tables,101.12,5,0.0,28.22
CMD-2024-14026,2024-07-11,2024-07-15,Second Class,CUST-303,Consumer,Auvergne-Rhône-Alpes,Office Supplies,Envelopes,221.44,2,0.0,33.65
CMD-2024-14027,2025-02-04,2025-02-07,Standard Class,CUST-446,Corporate,Hauts-de-France,Technology,Copiers,474.64,5,0.0,186.2
CMD-2024-14028,2024-10-04,2024-10-09,Same Day,CUST-157,Home Office,Auvergne-Rhône-Alpes,Furniture,Bookcases,488.49,8,0.1,47.31
CMD-2024-14029,2024-12-19,2024-12-22,Second Class,CUST-158,Consumer,Île-de-France,Technology,Machines,40.27,6,0.3,1.33
CMD-2024-14030,2025-08-02,2025-08-05,First Class,CUST-779,Consumer,Hauts-de-France,Office Supplies,Storage,138.03,5,0.3,-2.64
CMD-2024-14031,2025-12-09,2025-12-12,Second Class,CUST-785,Corporate,Île-de-France,Furniture,Bookcases,152.49,5,0.0,38.52
CMD-2024-14032,2024-09-12,2024-09-17,Same Day,CUST-610,Consumer,Hauts-de-France,Furniture,Furnishings,850.86,8,0.0,249.48
CMD-2024-14033,2025-10-12,2025-10-13,Second Class,CUST-417,Corporate,Nouvelle-Aquitaine,Office Supplies,Storage,264.3,4,0.0,118.7
CMD-2024-14034,2025-10-22,2025-10-25,Same Day,CUST-532,Home Office,Auvergne-Rhône-Alpes,Furniture,Chairs,130.05,3,0.7,-46.49
CMD-2024-14035,2024-04-08,2024-04-09,Second Class,CUST-471,Consumer,Île-de-France,Office Supplies,Paper,20.81,7,0.1,2.39
CMD-2024-14036,2025-08-10,2025-08-12,Second Class,CUST-306,Corporate,Occitanie,Office Supplies,Envelopes,198.32,2,0.0,66.26
CMD-2024-14037,2024-10-08,2024-10-12,Second Class,CUST-210,Consumer,Hauts-de-France,Office Supplies,Paper,37.22,6,0.3,-1.83
CMD-2024-14038,2025-02-06,2025-02-08,Same Day,CUST-122,Consumer,Île-de-France,Furniture,Bookcases,410.67,8,0.0,74.6
CMD-2024-14039,2024-04-18,2024-04-23,Second Class,CUST-527,Home Office,Hauts-de-France,Furniture,Tables,322.21,2,0.3,-33.82
CMD-2024-14040,2025-11-30,2025-12-05,Same Day,CUST-783,Consumer,Hauts-de-France,Technology,Copiers,150.77,7,0.0,23.65
CMD-2024-14041,2024-07-17,2024-07-18,Standard Class,CUST-110,Corporate,Hauts-de-France,Office Supplies,Paper,138.36,4,0.0,38.65
CMD-2024-14042,2024-10-29,2024-10-30,First Class,CUST-671,Corporate,Île-de-France,Furniture,Chairs,515.79,5,0.1,96.98
CMD-2024-14043,2024-11-22,2024-11-25,Standard Class,CUST-614,Corporate,Île-de-France,Furniture,Furnishings,89.87,8,0.3,-5.78
CMD-2024-14044,2024-06-02,2024-06-04,First Class,CUST-243,Consumer,Hauts-de-France,Office Supplies,Storage,78.0,6,0.3,8.99
CMD-2024-14045,2025-07-05,2025-07-06,Same Day,CUST-620,Consumer,Occitanie,Technology,Accessories,631.03,3,0.1,62.33
CMD-2024-14046,2025-10-06,2025-10-07,Standard Class,CUST-393,Home Office,Auvergne-Rhône-Alpes,Office Supplies,Paper,379.49,7,0.0,161.13
CMD-2024-14047,2025-02-08,2025-02-09,First Class,CUST-424,Consumer,Hauts-de-France,Office Supplies,Paper,393.02,1,0.0,128.23
CMD-2024-14048,2025-04-06,2025-04-10,First Class,CUST-292,Corporate,Occitanie,Office Supplies,Binders,62.77,1,0.7,-29.61
CMD-2024-14049,2024-05-11,2024-05-12,Standard Class,CUST-390,Corporate,Auvergne-Rhône-Alpes,Office Supplies,Paper,49.03,4,0.1,17.11
CMD-2024-14050,2024-03-24,2024-03-28,Standard Class,CUST-738,Home Office,Hauts-de-France,Furniture,Bookcases,20.8,3,0.2,1.3
CMD-2024-14051,2025-02-02,2025-02-07,Same Day,CUST-518,Corporate,Auvergne-Rhône-Alpes,Technology,Copiers,74.52,1,0.0,21.24
CMD-2024-14052,2025-09-19,2025-09-22,First Class,CUST-559,Corporate,Hauts-de-France,Office Supplies,Paper,342.37,1,0.1,49.74
CMD-2024-14053,2024-04-18,2024-04-20,Same Day,CUST-147,Corporate,Île-de-France,Technology,Accessories,75.39,8,0.0,27.78
CMD-2024-14054,2024-08-08,2024-08-09,Same Day,CUST-206,Home Office,Hauts-de-France,Technology,Phones,302.32,8,0.2,34.98
CMD-2024-14055,2025-07-06,2025-07-10,Second Class,CUST-363,Home Office,Hauts-de-France,Office Supplies,Paper,78.85,7,0.3,-6.33
CMD-2024-14056,2025-01-02,2025-01-03,Same Day,CUST-352,Corporate,Hauts-de-France,Technology,Machines,125.66,6,0.1,11.47
CMD-2024-14057,2024-05-26,2024-05-27,First Class,CUST-638,Corporate,Hauts-de-France,Office Supplies,Binders,913.51,6,0.1,253.6
CMD-2024-14058,2024-04-21,2024-04-25,Second Class,CUST-620,Consumer,Occitanie,Office Supplies,Envelopes,76.77,7,0.0,16.98
CMD-2024-14059,2025-09-06,2025-09-07,Same Day,CUST-257,Consumer,Nouvelle-Aquitaine,Office Supplies,Binders,118.88,2,0.0,22.75
CMD-2024-14060,2025-07-11,2025-07-13,Same Day,CUST-625,Corporate,Occitanie,Office Supplies,Storage,93.81,7,0.5,-14.09
CMD-2024-14061,2025-05-08,2025-05-13,First Class,CUST-128,Consumer,Occitanie,Office Supplies,Binders,40.54,3,0.0,15.84
CMD-2024-14062,2025-05-19,2025-05-22,Second Class,CUST-637,Corporate,Île-de-France,Office Supplies,Envelopes,163.09,1,0.3,-5.93
CMD-2024-14063,2025-04-19,2025-04-20,Standard Class,CUST-242,Corporate,Hauts-de-France,Furniture,Bookcases,119.7,6,0.2,6.34
CMD-2024-14064,2024-09-27,2024-10-01,Standard Class,CUST-726,Consumer,Occitanie,Technology,Accessories,276.16,7,0.2,60.8
CMD-2024-14065,2025-02-24,2025-02-26,Second Class,CUST-317,Home Office,Auvergne-Rhône-Alpes,Office Supplies,Art,389.34,6,0.5,-99.53
CMD-2024-14066,2025-12-07,2025-12-08,Second Class,CUST-692,Home Office,Hauts-de-France,Office Supplies,Envelopes,187.88,6,0.1,46.03
CMD-2024-14067,2025-01-01,2025-01-06,Second Class,CUST-166,Home Office,Île-de-France,Furniture,Furnishings,22.2,8,0.3,3.7
CMD-2024-14068,2024-10-06,2024-10-11,Second Class,CUST-243,Corporate,Île-de-France,Technology,Machines,227.25,2,0.0,91.44
CMD-2024-14069,2024-10-09,2024-10-13,Standard Class,CUST-240,Corporate,Auvergne-Rhône-Alpes,Furniture,Tables,27.54,3,0.1,2.16
CMD-2024-14070,2024-02-09,2024-02-10,Same Day,CUST-445,Home Office,Île-de-France,Technology,Phones,225.77,5,0.2,14.89
CMD-2024-14071,2024-07-07,2024-07-08,First Class,CUST-564,Home Office,Hauts-de-France,Office Supplies,Binders,269.16,6,0.0,51.87
CMD-2024-14072,2024-06-12,2024-06-13,Standard Class,CUST-195,Home Office,Nouvelle-Aquitaine,Office Supplies,Art,63.48,3,0.2,16.17
CMD-2024-14073,2025-06-19,2025-06-24,First Class,CUST-507,Corporate,Nouvelle-Aquitaine,Technology,Machines,391.46,4,0.2,104.04
CMD-2024-14074,2025-06-19,2025-06-20,Standard Class,CUST-217,Corporate,Occitanie,Office Supplies,Storage,547.42,2,0.3,-27.1
CMD-2024-14075,2024-01-04,2024-01-05,Second Class,CUST-796,Consumer,Île-de-France,Technology,Machines,383.96,5,0.0,134.74
CMD-2024-14076,2024-10-16,2024-10-17,Standard Class,CUST-543,Consumer,Hauts-de-France,Office Supplies,Paper,95.08,6,0.2,21.15
CMD-2024-14077,2025-03-08,2025-03-09,Standard Class,CUST-479,Consumer,Auvergne-Rhône-Alpes,Technology,Phones,209.36,7,0.0,46.08
CMD-2024-14078,2025-04-15,2025-04-19,Second Class,CUST-377,Home Office,Auvergne-Rhône-Alpes,Office Supplies,Envelopes,556.84,6,0.2,14.65
CMD-2024-14079,2024-06-29,2024-07-04,Same Day,CUST-460,Corporate,Hauts-de-France,Furniture,Tables,100.06,2,0.1,6.34
CMD-2024-14080,2024-09-04,2024-09-07,Second Class,CUST-469,Consumer,Hauts-de-France,Technology,Machines,392.29,8,0.1,72.02
CMD-2024-14081,2025-09-19,2025-09-23,Same Day,CUST-721,Consumer,Auvergne-Rhône-Alpes,Furniture,Chairs,17.09,2,0.0,7.17
CMD-2024-14082,2024-10-05,2024-10-06,Standard Class,CUST-311,Consumer,Île-de-France,Technology,Copiers,15.8,1,0.0,6.65
CMD-2024-14083,2025-08-03,2025-08-06,Standard Class,CUST-358,Consumer,Occitanie,Furniture,Chairs,328.7,6,0.0,61.9
CMD-2024-14084,2024-09-10,2024-09-12,First Class,CUST-775,Home Office,Occitanie,Technology,Phones,330.3,8,0.0,69.79
CMD-2024-14085,2024-06-29,2024-07-02,First Class,CUST-196,Corporate,Occitanie,Furniture,Tables,357.27,3,0.1,65.17
CMD-2024-14086,2025-11-11,2025-11-15,Standard Class,CUST-309,Corporate,Hauts-de-France,Office Supplies,Paper,600.12,2,0.3,68.53
CMD-2024-14087,2025-05-23,2025-05-28,First Class,CUST-647,Corporate,Auvergne-Rhône-Alpes,Office Supplies,Art,42.6,2,0.0,14.21
CMD-2024-14088,2025-11-30,2025-12-04,Same Day,CUST-711,Consumer,Auvergne-Rhône-Alpes,Office Supplies,Storage,73.07,4,0.0,22.22
CMD-2024-14089,2025-07-19,2025-07-24,Second Class,CUST-120,Home Office,Auvergne-Rhône-Alpes,Office Supplies,Paper,529.92,4,0.1,125.9
CMD-2024-14090,2024-11-21,2024-11-26,Standard Class,CUST-532,Home Office,Auvergne-Rhône-Alpes,Technology,Phones,57.92,4,0.2,-0.07
CMD-2024-14091,2024-12-22,2024-12-27,Standard Class,CUST-715,Home Office,Auvergne-Rhône-Alpes,Technology,Accessories,267.21,2,0.0,78.37
CMD-2024-14092,2025-10-11,2025-10-13,First Class,CUST-470,Corporate,Nouvelle-Aquitaine,Furniture,Furnishings,181.32,5,0.0,81.16
CMD-2024-14093,2025-11-10,2025-11-13,Standard Class,CUST-492,Corporate,Hauts-de-France,Office Supplies,Art,34.11,8,0.0,6.02
CMD-2024-14094,2025-01-25,2025-01-29,Standard Class,CUST-723,Home Office,Hauts-de-France,Office Supplies,Envelopes,88.89,3,0.0,27.18
CMD-2024-14095,2025-09-06,2025-09-10,Same Day,CUST-318,Consumer,Nouvelle-Aquitaine,Technology,Machines,176.64,2,0.0,42.16
CMD-2024-14096,2024-03-25,2024-03-30,Same Day,CUST-603,Corporate,Occitanie,Furniture,Tables,435.84,7,0.0,135.97
CMD-2024-14097,2024-11-12,2024-11-14,Second Class,CUST-731,Corporate,Île-de-France,Technology,Accessories,285.47,7,0.2,40.58
CMD-2024-14098,2024-07-30,2024-08-01,Standard Class,CUST-195,Consumer,Hauts-de-France,Office Supplies,Art,228.96,1,0.1,53.4
CMD-2024-14099,2025-05-29,2025-05-30,First Class,CUST-531,Consumer,Hauts-de-France,Furniture,Furnishings,165.75,7,0.0,67.24
CMD-2024-14100,2025-01-18,2025-01-20,Second Class,CUST-287,Corporate,Nouvelle-Aquitaine,Technology,Machines,93.06,8,0.1,16.46
CMD-2024-14101,2025-11-21,2025-11-26,First Class,CUST-600,Consumer,Hauts-de-France,Furniture,Bookcases,42.93,8,0.1,9.23
CMD-2024-14102,2024-12-07,2024-12-12,Standard Class,CUST-474,Consumer,Hauts-de-France,Office Supplies,Paper,130.73,6,0.5,-38.79
CMD-2024-14103,2024-02-07,2024-02-10,First Class,CUST-533,Consumer,Occitanie,Office Supplies,Binders,21.37,5,0.0,8.27
CMD-2024-14104,2025-05-25,2025-05-30,First Class,CUST-522,Consumer,Nouvelle-Aquitaine,Technology,Machines,67.15,5,0.2,3.21
CMD-2024-14105,2025-02-23,2025-02-26,Second Class,CUST-243,Consumer,Hauts-de-France,Office Supplies,Envelopes,139.63,3,0.2,30.02
CMD-2024-14106,2024-06-17,2024-06-19,Standard Class,CUST-639,Home Office,Auvergne-Rhône-Alpes,Furniture,Furnishings,134.31,5,0.0,30.85
CMD-2024-14107,2024-12-08,2024-12-09,Second Class,CUST-598,Corporate,Nouvelle-Aquitaine,Office Supplies,Storage,24.97,3,0.5,-7.41
CMD-2024-14108,2024-11-01,2024-11-05,Standard Class,CUST-105,Home Office,Occitanie,Office Supplies,Binders,210.65,7,0.1,22.42
CMD-2024-14109,2025-06-25,2025-06-30,Same Day,CUST-416,Home Office,Île-de-France,Technology,Copiers,190.52,5,0.2,50.62
CMD-2024-14110,2025-12-02,2025-12-04,Second Class,CUST-329,Home Office,Hauts-de-France,Technology,Phones,32.89,6,0.0,8.09
CMD-2024-14111,2025-06-20,2025-06-25,Standard Class,CUST-221,Corporate,Auvergne-Rhône-Alpes,Office Supplies,Storage,645.87,3,0.0,117.97
CMD-2024-14112,2024-04-21,2024-04-24,Same Day,CUST-594,Corporate,Auvergne-Rhône-Alpes,Technology,Machines,38.03,4,0.1,3.64
CMD-2024-14113,2025-02-14,2025-02-16,Same Day,CUST-716,Corporate,Île-de-France,Office Supplies,Envelopes,439.57,4,0.0,106.86
CMD-2024-14114,2024-07-24,2024-07-28,Same Day,CUST-574,Home Office,Nouvelle-Aquitaine,Office Supplies,Storage,15.07,5,0.1,1.07
CMD-2024-14115,2024-07-03,2024-07-06,Second Class,CUST-673,Corporate,Occitanie,Office Supplies,Storage,485.68,5,0.0,147.38
CMD-2024-14116,2025-01-16,2025-01-18,Same Day,CUST-607,Home Office,Hauts-de-France,Technology,Accessories,19.38,7,0.1,2.41
CMD-2024-14117,2025-05-10,2025-05-14,Standard Class,CUST-691,Consumer,Hauts-de-France,Technology,Phones,326.97,3,0.1,70.56
CMD-2024-14118,2025-01-13,2025-01-16,Second Class,CUST-274,Corporate,Hauts-de-France,Office Supplies,Envelopes,113.77,8,0.0,21.87
CMD-2024-14119,2024-02-16,2024-02-20,First Class,CUST-620,Consumer,Auvergne-Rhône-Alpes,Technology,Machines,309.85,7,0.1,58.55
CMD-2024-14120,2025-07-04,2025-07-06,Same Day,CUST-791,Home Office,Nouvelle-Aquitaine,Office Supplies,Storage,128.02,8,0.0,42.17
CMD-2024-14121,2025-06-11,2025-06-14,Second Class,CUST-370,Corporate,Île-de-France,Office Supplies,Envelopes,31.18,3,0.0,5.26
CMD-2024-14122,2025-05-18,2025-05-19,First Class,CUST-773,Corporate,Nouvelle-Aquitaine,Furniture,Tables,335.96,6,0.0,90.58
CMD-2024-14123,2024-01-22,2024-01-27,Second Class,CUST-671,Consumer,Occitanie,Office Supplies,Binders,31.26,2,0.0,7.53
CMD-2024-14124,2024-07-31,2024-08-01,Same Day,CUST-285,Home Office,Occitanie,Technology,Accessories,576.57,4,0.0,128.06
CMD-2024-14125,2024-11-05,2024-11-09,Same Day,CUST-686,Home Office,Île-de-France,Technology,Accessories,26.51,2,0.5,-3.15
CMD-2024-14126,2025-10-22,2025-10-24,First Class,CUST-193,Corporate,Auvergne-Rhône-Alpes,Office Supplies,Art,158.58,2,0.0,51.79
CMD-2024-14127,2024-09-28,2024-10-03,Standard Class,CUST-678,Corporate,Île-de-France,Office Supplies,Storage,297.45,1,0.0,100.9
CMD-2024-14128,2025-07-24,2025-07-26,Same Day,CUST-613,Corporate,Occitanie,Furniture,Bookcases,124.92,3,0.0,24.69
CMD-2024-14129,2024-07-20,2024-07-24,First Class,CUST-277,Corporate,Auvergne-Rhône-Alpes,Office Supplies,Envelopes,68.88,1,0.0,16.24
CMD-2024-14130,2024-02-01,2024-02-03,Same Day,CUST-753,Corporate,Nouvelle-Aquitaine,Furniture,Tables,328.13,8,0.1,40.33
CMD-2024-14131,2025-03-18,2025-03-21,Standard Class,CUST-655,Home Office,Occitanie,Technology,Machines,352.45,1,0.0,110.02
CMD-2024-14132,2024-06-10,2024-06-13,First Class,CUST-785,Corporate,Auvergne-Rhône-Alpes,Technology,Phones,578.2,8,0.1,114.67
CMD-2024-14133,2024-09-10,2024-09-14,Standard Class,CUST-394,Consumer,Auvergne-Rhône-Alpes,Office Supplies,Storage,118.81,2,0.0,29.59
CMD-2024-14134,2025-06-04,2025-06-06,Same Day,CUST-330,Corporate,Hauts-de-France,Technology,Machines,170.26,1,0.3,19.72
CMD-2024-14135,2025-10-12,2025-10-16,First Class,CUST-335,Corporate,Nouvelle-Aquitaine,Furniture,Tables,114.26,6,0.0,20.36
CMD-2024-14136,2025-04-24,2025-04-29,Second Class,CUST-192,Home Office,Auvergne-Rhône-Alpes,Furniture,Chairs,80.38,3,0.1,28.33
CMD-2024-14137,2024-01-10,2024-01-12,Standard Class,CUST-586,Home Office,Île-de-France,Office Supplies,Envelopes,320.9,2,0.2,1.59
CMD-2024-14138,2025-12-26,2025-12-29,Same Day,CUST-143,Home Office,Nouvelle-Aquitaine,Furniture,Bookcases,106.3,3,0.0,40.6
CMD-2024-14139,2025-05-19,2025-05-20,Same Day,CUST-638,Consumer,Nouvelle-Aquitaine,Technology,Accessories,137.95,6,0.2,11.1
CMD-2024-14140,2025-07-13,2025-07-16,Standard Class,CUST-574,Home Office,Occitanie,Technology,Accessories,128.73,5,0.2,29.55
CMD-2024-14141,2025-03-11,2025-03-13,First Class,CUST-138,Corporate,Nouvelle-Aquitaine,Furniture,Chairs,289.36,1,0.0,49.84
CMD-2024-14142,2024-04-20,2024-04-22,Second Class,CUST-484,Home Office,Nouvelle-Aquitaine,Office Supplies,Envelopes,564.68,2,0.1,97.36
CMD-2024-14143,2024-06-01,2024-06-03,Same Day,CUST-534,Consumer,Hauts-de-France,Furniture,Chairs,256.75,8,0.5,-51.19
CMD-2024-14144,2025-09-26,2025-09-28,Standard Class,CUST-388,Corporate,Nouvelle-Aquitaine,Office Supplies,Binders,155.33,4,0.2,41.62
CMD-2024-14145,2024-04-11,2024-04-16,Standard Class,CUST-347,Corporate,Auvergne-Rhône-Alpes,Technology,Copiers,347.31,3,0.5,-1.51
CMD-2024-14146,2024-07-09,2024-07-10,Second Class,CUST-661,Consumer,Île-de-France,Office Supplies,Storage,240.36,7,0.0,49.74
CMD-2024-14147,2025-12-29,2026-01-01,Second Class,CUST-458,Home Office,Hauts-de-France,Furniture,Furnishings,28.76,6,0.1,7.16
CMD-2024-14148,2025-07-16,2025-07-21,Same Day,CUST-537,Home Office,Hauts-de-France,Technology,Phones,37.12,1,0.5,-5.17
CMD-2024-14149,2024-03-21,2024-03-25,Second Class,CUST-308,Home Office,Hauts-de-France,Furniture,Furnishings,23.5,3,0.0,4.61
CMD-2024-14150,2025-05-03,2025-05-05,Standard Class,CUST-223,Home Office,Hauts-de-France,Office Supplies,Art,149.27,6,0.5,-37.27
CMD-2024-14151,2024-03-28,2024-03-31,First Class,CUST-502,Consumer,Occitanie,Office Supplies,Paper,399.53,3,0.0,178.5
CMD-2024-14152,2024-07-12,2024-07-16,First Class,CUST-383,Consumer,Hauts-de-France,Technology,Accessories,97.62,5,0.5,-16.03
CMD-2024-14153,2024-04-13,2024-04-14,Standard Class,CUST-762,Home Office,Occitanie,Office Supplies,Binders,121.65,7,0.0,22.84
CMD-2024-14154,2024-04-05,2024-04-08,Standard Class,CUST-675,Consumer,Occitanie,Technology,Accessories,543.47,6,0.0,116.54
CMD-2024-14155,2025-02-26,2025-03-03,Standard Class,CUST-340,Corporate,Nouvelle-Aquitaine,Technology,Accessories,413.95,3,0.3,-16.35
CMD-2024-14156,2024-07-16,2024-07-20,Same Day,CUST-266,Home Office,Île-de-France,Furniture,Bookcases,255.63,8,0.0,77.53
CMD-2024-14157,2024-01-01,2024-01-04,Standard Class,CUST-660,Corporate,Nouvelle-Aquitaine,Office Supplies,Art,83.28,7,0.0,20.88
CMD-2024-14158,2025-02-10,2025-02-15,Second Class,CUST-798,Corporate,Occitanie,Office Supplies,Binders,42.38,5,0.0,12.14
CMD-2024-14159,2025-01-12,2025-01-14,Standard Class,CUST-247,Corporate,Nouvelle-Aquitaine,Technology,Machines,18.56,5,0.2,0.37
CMD-2024-14160,2024-06-15,2024-06-18,Standard Class,CUST-722,Home Office,Auvergne-Rhône-Alpes,Technology,Copiers,39.9,5,0.7,-15.24
CMD-2024-14161,2025-05-23,2025-05-25,Same Day,CUST-364,Home Office,Hauts-de-France,Furniture,Chairs,91.15,1,0.0,15.6
CMD-2024-14162,2025-09-29,2025-10-03,Standard Class,CUST-600,Home Office,Hauts-de-France,Technology,Copiers,191.55,6,0.1,62.62
CMD-2024-14163,2024-11-08,2024-11-12,Second Class,CUST-378,Consumer,Occitanie,Technology,Accessories,29.55,3,0.0,6.19
CMD-2024-14164,2025-08-15,2025-08-19,Second Class,CUST-258,Home Office,Nouvelle-Aquitaine,Technology,Phones,47.22,3,0.2,9.31
CMD-2024-14165,2025-02-21,2025-02-23,Second Class,CUST-159,Corporate,Auvergne-Rhône-Alpes,Furniture,Bookcases,58.95,7,0.0,15.02
CMD-2024-14166,2025-11-11,2025-11-13,Standard Class,CUST-598,Home Office,Auvergne-Rhône-Alpes,Technology,Copiers,234.92,7,0.0,68.67
CMD-2024-14167,2025-04-21,2025-04-26,Same Day,CUST-416,Consumer,Auvergne-Rhône-Alpes,Furniture,Furnishings,225.44,6,0.0,53.51
CMD-2024-14168,2024-03-13,2024-03-16,Same Day,CUST-686,Home Office,Occitanie,Technology,Copiers,191.05,5,0.1,51.38
CMD-2024-14169,2024-05-20,2024-05-25,Same Day,CUST-587,Consumer,Nouvelle-Aquitaine,Technology,Phones,78.44,3,0.3,10.46
CMD-2024-14170,2025-08-04,2025-08-06,Second Class,CUST-564,Corporate,Auvergne-Rhône-Alpes,Office Supplies,Storage,117.04,3,0.1,17.07
CMD-2024-14171,2024-09-18,2024-09-21,Same Day,CUST-327,Corporate,Auvergne-Rhône-Alpes,Technology,Phones,37.37,5,0.0,8.32
CMD-2024-14172,2024-12-05,2024-12-09,Standard Class,CUST-765,Corporate,Nouvelle-Aquitaine,Furniture,Bookcases,71.49,4,0.1,18.9
CMD-2024-14173,2024-11-03,2024-11-08,Standard Class,CUST-455,Corporate,Nouvelle-Aquitaine,Technology,Accessories,516.58,4,0.2,14.75
CMD-2024-14174,2024-09-01,2024-09-06,First Class,CUST-565,Corporate,Hauts-de-France,Furniture,Furnishings,872.28,5,0.0,298.28
CMD-2024-14175,2025-05-29,2025-06-03,Second Class,CUST-326,Corporate,Île-de-France,Technology,Phones,244.49,7,0.0,43.6
CMD-2024-14176,2024-12-02,2024-12-04,First Class,CUST-268,Consumer,Île-de-France,Technology,Machines,562.09,1,0.0,188.89
CMD-2024-14177,2025-07-28,2025-07-31,First Class,CUST-383,Corporate,Auvergne-Rhône-Alpes,Furniture,Bookcases,241.45,7,0.2,29.95
CMD-2024-14178,2025-07-14,2025-07-18,Second Class,CUST-361,Home Office,Nouvelle-Aquitaine,Office Supplies,Binders,22.43,7,0.1,2.11
CMD-2024-14179,2024-03-16,2024-03-18,Second Class,CUST-463,Consumer,Hauts-de-France,Technology,Copiers,1276.26,8,0.1,325.1
CMD-2024-14180,2024-06-23,2024-06-27,First Class,CUST-620,Consumer,Occitanie,Furniture,Furnishings,37.92,8,0.0,10.77
CMD-2024-14181,2024-04-18,2024-04-19,Standard Class,CUST-197,Home Office,Île-de-France,Office Supplies,Storage,267.5,3,0.0,57.55
CMD-2024-14182,2024-07-01,2024-07-02,First Class,CUST-111,Home Office,Île-de-France,Furniture,Chairs,79.12,7,0.5,-15.35
CMD-2024-14183,2024-07-10,2024-07-14,Second Class,CUST-682,Home Office,Nouvelle-Aquitaine,Office Supplies,Storage,124.46,3,0.0,37.04
CMD-2024-14184,2024-03-05,2024-03-06,Standard Class,CUST-516,Home Office,Occitanie,Technology,Machines,243.42,4,0.5,-66.34
CMD-2024-14185,2025-04-18,2025-04-21,First Class,CUST-600,Home Office,Île-de-France,Office Supplies,Envelopes,141.18,7,0.1,49.03
CMD-2024-14186,2024-04-09,2024-04-12,First Class,CUST-234,Corporate,Hauts-de-France,Furniture,Tables,78.45,5,0.0,27.43
CMD-2024-14187,2025-06-27,2025-06-29,First Class,CUST-358,Consumer,Île-de-France,Technology,Accessories,104.57,6,0.1,9.49
CMD-2024-14188,2024-05-07,2024-05-11,Second Class,CUST-616,Home Office,Nouvelle-Aquitaine,Office Supplies,Paper,106.93,6,0.5,-5.68
CMD-2024-14189,2025-03-27,2025-03-29,First Class,CUST-393,Home Office,Nouvelle-Aquitaine,Furniture,Bookcases,719.47,7,0.0,177.54
CMD-2024-14190,2025-01-03,2025-01-06,Second Class,CUST-710,Consumer,Occitanie,Furniture,Bookcases,367.56,1,0.3,21.7
CMD-2024-14191,2024-02-12,2024-02-15,Standard Class,CUST-539,Consumer,Île-de-France,Office Supplies,Art,149.97,7,0.0,34.96
CMD-2024-14192,2025-02-22,2025-02-25,Same Day,CUST-250,Corporate,Occitanie,Furniture,Tables,64.04,5,0.1,17.93
CMD-2024-14193,2025-05-02,2025-05-07,Standard Class,CUST-580,Consumer,Île-de-France,Technology,Machines,381.54,4,0.3,36.97
CMD-2024-14194,2024-03-18,2024-03-19,First Class,CUST-357,Home Office,Auvergne-Rhône-Alpes,Office Supplies,Envelopes,52.62,4,0.5,-7.07
CMD-2024-14195,2024-09-26,2024-09-28,Second Class,CUST-248,Consumer,Île-de-France,Technology,Accessories,66.99,7,0.1,8.86
CMD-2024-14196,2025-11-04,2025-11-06,First Class,CUST-241,Home Office,Nouvelle-Aquitaine,Office Supplies,Paper,115.26,8,0.1,15.69
CMD-2024-14197,2025-12-01,2025-12-04,Standard Class,CUST-350,Consumer,Nouvelle-Aquitaine,Office Supplies,Art,482.1,3,0.0,127.69
CMD-2024-14198,2025-12-28,2026-01-02,Same Day,CUST-743,Consumer,Auvergne-Rhône-Alpes,Furniture,Tables,46.09,2,0.0,8.92
CMD-2024-14199,2024-11-10,2024-11-12,Same Day,CUST-146,Corporate,Île-de-France,Furniture,Furnishings,43.68,1,0.0,10.98
CMD-2024-14200,2024-06-16,2024-06-18,Second Class,CUST-471,Home Office,Île-de-France,Technology,Machines,164.86,1,0.0,58.58
CMD-2024-14201,2024-12-04,2024-12-09,Standard Class,CUST-193,Corporate,Nouvelle-Aquitaine,Technology,Machines,86.18,2,0.0,34.41
CMD-2024-14202,2024-07-11,2024-07-14,Standard Class,CUST-455,Corporate,Auvergne-Rhône-Alpes,Office Supplies,Storage,200.02,6,0.0,49.96
CMD-2024-14203,2025-03-28,2025-04-02,Second Class,CUST-631,Home Office,Nouvelle-Aquitaine,Technology,Copiers,147.18,6,0.5,-33.84
CMD-2024-14204,2024-10-09,2024-10-10,Second Class,CUST-791,Consumer,Auvergne-Rhône-Alpes,Furniture,Tables,140.59,6,0.2,30.9
CMD-2024-14205,2024-12-01,2024-12-03,Second Class,CUST-371,Corporate,Nouvelle-Aquitaine,Office Supplies,Paper,41.13,4,0.0,17.16
CMD-2024-14206,2025-01-24,2025-01-25,First Class,CUST-528,Consumer,Hauts-de-France,Office Supplies,Envelopes,48.45,5,0.7,-17.3
CMD-2024-14207,2025-06-08,2025-06-10,First Class,CUST-747,Consumer,Île-de-France,Furniture,Bookcases,393.58,1,0.0,62.21
CMD-2024-14208,2024-08-27,2024-08-28,Second Class,CUST-163,Corporate,Occitanie,Furniture,Bookcases,492.52,2,0.1,132.24
CMD-2024-14209,2025-04-27,2025-04-29,Second Class,CUST-263,Corporate,Hauts-de-France,Office Supplies,Paper,73.84,3,0.1,21.8
CMD-2024-14210,2025-10-20,2025-10-23,Same Day,CUST-488,Corporate,Nouvelle-Aquitaine,Office Supplies,Art,41.49,7,0.0,6.45
CMD-2024-14211,2025-12-16,2025-12-20,Same Day,CUST-568,Consumer,Auvergne-Rhône-Alpes,Furniture,Tables,27.08,3,0.2,4.02
CMD-2024-14212,2025-08-14,2025-08-19,First Class,CUST-649,Home Office,Occitanie,Furniture,Tables,221.2,7,0.0,72.22
CMD-2024-14213,2025-07-08,2025-07-10,Same Day,CUST-630,Home Office,Auvergne-Rhône-Alpes,Technology,Phones,291.43,4,0.0,76.82
CMD-2024-14214,2025-04-02,2025-04-07,Second Class,CUST-685,Corporate,Auvergne-Rhône-Alpes,Technology,Machines,117.63,1,0.0,44.1
CMD-2024-14215,2024-03-29,2024-03-31,Standard Class,CUST-752,Consumer,Île-de-France,Furniture,Furnishings,265.45,5,0.5,-45.54
CMD-2024-14216,2025-10-21,2025-10-25,Second Class,CUST-116,Corporate,Nouvelle-Aquitaine,Office Supplies,Paper,289.59,1,0.2,50.11
CMD-2024-14217,2024-04-04,2024-04-07,Same Day,CUST-706,Consumer,Île-de-France,Office Supplies,Binders,617.5,7,0.2,77.27
CMD-2024-14218,2025-03-27,2025-03-30,First Class,CUST-400,Home Office,Auvergne-Rhône-Alpes,Office Supplies,Storage,29.76,6,0.1,4.0
CMD-2024-14219,2025-03-03,2025-03-08,Second Class,CUST-187,Home Office,Île-de-France,Furniture,Furnishings,61.98,3,0.0,20.57
CMD-2024-14220,2024-05-30,2024-06-03,Second Class,CUST-662,Corporate,Hauts-de-France,Office Supplies,Paper,30.62,1,0.1,8.61
CMD-2024-14221,2025-05-28,2025-06-02,Same Day,CUST-344,Corporate,Auvergne-Rhône-Alpes,Office Supplies,Envelopes,460.48,3,0.0,203.61
CMD-2024-14222,2025-01-10,2025-01-13,Standard Class,CUST-566,Home Office,Auvergne-Rhône-Alpes,Furniture,Furnishings,361.07,2,0.0,95.33
CMD-2024-14223,2024-01-22,2024-01-23,Second Class,CUST-541,Consumer,Hauts-de-France,Technology,Phones,203.06,2,0.2,-2.16
CMD-2024-14224,2024-11-08,2024-11-13,First Class,CUST-212,Home Office,Auvergne-Rhône-Alpes,Furniture,Furnishings,34.22,3,0.0,15.28
CMD-2024-14225,2025-06-02,2025-06-04,First Class,CUST-541,Consumer,Occitanie,Office Supplies,Envelopes,85.24,5,0.0,28.74
CMD-2024-14226,2024-07-24,2024-07-27,Standard Class,CUST-107,Corporate,Occitanie,Technology,Machines,92.75,8,0.3,15.2
CMD-2024-14227,2025-01-09,2025-01-11,Same Day,CUST-648,Home Office,Nouvelle-Aquitaine,Office Supplies,Art,195.99,5,0.2,0.23
CMD-2024-14228,2025-03-26,2025-03-30,Standard Class,CUST-658,Corporate,Nouvelle-Aquitaine,Technology,Phones,80.66,8,0.1,13.12
CMD-2024-14229,2025-09-17,2025-09-20,First Class,CUST-199,Home Office,Île-de-France,Office Supplies,Envelopes,31.67,1,0.0,6.02
CMD-2024-14230,2025-08-17,2025-08-20,Second Class,CUST-444,Corporate,Île-de-France,Furniture,Chairs,303.68,3,0.0,121.67
CMD-2024-14231,2024-06-27,2024-07-02,First Class,CUST-784,Home Office,Hauts-de-France,Office Supplies,Art,93.18,4,0.2,21.81
CMD-2024-14232,2024-07-28,2024-08-02,Standard Class,CUST-580,Home Office,Hauts-de-France,Furniture,Chairs,147.48,5,0.2,17.76
CMD-2024-14233,2025-05-14,2025-05-16,First Class,CUST-441,Corporate,Auvergne-Rhône-Alpes,Office Supplies,Art,45.05,7,0.1,5.22
CMD-2024-14234,2025-04-08,2025-04-13,Same Day,CUST-333,Home Office,Nouvelle-Aquitaine,Furniture,Bookcases,371.9,5,0.5,-97.39
CMD-2024-14235,2024-05-03,2024-05-04,Standard Class,CUST-334,Home Office,Nouvelle-Aquitaine,Technology,Phones,198.4,6,0.5,-24.51
CMD-2024-14236,2024-04-22,2024-04-25,First Class,CUST-225,Home Office,Nouvelle-Aquitaine,Furniture,Furnishings,525.09,2,0.0,158.53
CMD-2024-14237,2024-01-12,2024-01-16,Second Class,CUST-789,Home Office,Nouvelle-Aquitaine,Technology,Copiers,165.51,5,0.3,14.64
CMD-2024-14238,2024-05-05,2024-05-08,Second Class,CUST-576,Corporate,Île-de-France,Technology,Phones,639.24,7,0.1,96.88
CMD-2024-14239,2025-07-18,2025-07-20,Standard Class,CUST-784,Corporate,Occitanie,Furniture,Bookcases,504.37,5,0.1,91.14
CMD-2024-14240,2024-11-26,2024-12-01,Second Class,CUST-471,Home Office,Hauts-de-France,Office Supplies,Envelopes,204.0,7,0.0,31.91
CMD-2024-14241,2024-10-09,2024-10-12,Standard Class,CUST-219,Home Office,Hauts-de-France,Furniture,Tables,612.63,8,0.1,148.9
CMD-2024-14242,2024-05-19,2024-05-24,Second Class,CUST-641,Corporate,Nouvelle-Aquitaine,Office Supplies,Storage,100.85,6,0.5,-17.45
CMD-2024-14243,2025-02-04,2025-02-06,First Class,CUST-659,Home Office,Nouvelle-Aquitaine,Furniture,Chairs,115.13,8,0.2,28.31
CMD-2024-14244,2024-04-06,2024-04-11,Second Class,CUST-278,Consumer,Île-de-France,Technology,Machines,25.24,7,0.2,4.1
CMD-2024-14245,2025-05-31,2025-06-04,First Class,CUST-193,Corporate,Île-de-France,Office Supplies,Binders,210.72,5,0.0,56.81
CMD-2024-14246,2025-07-22,2025-07-24,Standard Class,CUST-666,Home Office,Hauts-de-France,Furniture,Tables,296.57,6,0.0,67.94
CMD-2024-14247,2024-03-09,2024-03-12,Second Class,CUST-401,Consumer,Nouvelle-Aquitaine,Office Supplies,Storage,341.72,3,0.0,144.06
CMD-2024-14248,2024-04-27,2024-04-30,Same Day,CUST-517,Home Office,Nouvelle-Aquitaine,Technology,Accessories,50.71,3,0.0,7.85
CMD-2024-14249,2024-02-28,2024-03-03,Same Day,CUST-685,Home Office,Hauts-de-France,Technology,Accessories,144.2,2,0.1,22.79
CMD-2024-14250,2024-02-02,2024-02-03,Same Day,CUST-551,Home Office,Île-de-France,Office Supplies,Paper,57.82,1,0.0,25.04
CMD-2024-14251,2024-11-13,2024-11-18,Second Class,CUST-516,Consumer,Hauts-de-France,Office Supplies,Paper,253.72,6,0.1,65.01
CMD-2024-14252,2024-02-19,2024-02-22,First Class,CUST-221,Consumer,Île-de-France,Technology,Accessories,52.82,5,0.0,16.36
CMD-2024-14253,2025-05-03,2025-05-07,Standard Class,CUST-156,Corporate,Île-de-France,Technology,Accessories,530.92,1,0.0,112.06
CMD-2024-14254,2024-01-19,2024-01-24,Second Class,CUST-238,Home Office,Île-de-France,Office Supplies,Art,72.68,3,0.0,29.07
CMD-2024-14255,2025-12-26,2025-12-28,Standard Class,CUST-298,Home Office,Nouvelle-Aquitaine,Furniture,Chairs,90.78,5,0.3,-5.33
CMD-2024-14256,2024-07-15,2024-07-19,Standard Class,CUST-460,Consumer,Hauts-de-France,Office Supplies,Binders,433.7,1,0.0,97.36
CMD-2024-14257,2025-03-25,2025-03-27,Second Class,CUST-749,Home Office,Île-de-France,Technology,Accessories,149.94,6,0.0,31.12
CMD-2024-14258,2025-07-12,2025-07-14,First Class,CUST-509,Home Office,Occitanie,Furniture,Bookcases,20.34,6,0.3,-1.48
CMD-2024-14259,2025-11-09,2025-11-11,Same Day,CUST-745,Home Office,Île-de-France,Office Supplies,Binders,165.12,1,0.7,-32.03
CMD-2024-14260,2025-03-27,2025-04-01,Standard Class,CUST-627,Consumer,Île-de-France,Technology,Machines,34.43,7,0.2,5.19
CMD-2024-14261,2024-10-15,2024-10-16,Standard Class,CUST-714,Home Office,Île-de-France,Furniture,Furnishings,944.05,6,0.0,322.25
CMD-2024-14262,2024-05-20,2024-05-22,Second Class,CUST-342,Home Office,Auvergne-Rhône-Alpes,Office Supplies,Binders,210.14,4,0.0,91.68
CMD-2024-14263,2024-03-24,2024-03-27,Standard Class,CUST-189,Corporate,Occitanie,Technology,Copiers,80.21,3,0.7,-32.95
CMD-2024-14264,2025-11-24,2025-11-29,Second Class,CUST-615,Home Office,Nouvelle-Aquitaine,Furniture,Tables,197.48,2,0.3,-23.35
CMD-2024-14265,2025-01-25,2025-01-30,Standard Class,CUST-161,Consumer,Hauts-de-France,Furniture,Tables,32.6,2,0.1,7.81
CMD-2024-14266,2025-08-13,2025-08-15,First Class,CUST-311,Consumer,Hauts-de-France,Furniture,Bookcases,368.96,4,0.0,111.56
CMD-2024-14267,2024-08-02,2024-08-05,First Class,CUST-347,Home Office,Hauts-de-France,Furniture,Furnishings,585.82,1,0.0,171.82
CMD-2024-14268,2025-06-09,2025-06-13,Same Day,CUST-596,Corporate,Nouvelle-Aquitaine,Furniture,Chairs,471.5,6,0.0,79.48
CMD-2024-14269,2024-08-02,2024-08-07,Same Day,CUST-155,Home Office,Île-de-France,Furniture,Tables,107.0,4,0.1,21.01
CMD-2024-14270,2025-02-06,2025-02-08,First Class,CUST-558,Home Office,Occitanie,Furniture,Furnishings,101.72,4,0.0,24.03
CMD-2024-14271,2024-05-07,2024-05-09,Same Day,CUST-388,Home Office,Hauts-de-France,Office Supplies,Envelopes,22.86,6,0.7,-9.09
CMD-2024-14272,2025-04-21,2025-04-22,Same Day,CUST-642,Consumer,Auvergne-Rhône-Alpes,Technology,Copiers,246.84,3,0.0,53.49
CMD-2024-14273,2025-02-07,2025-02-08,Same Day,CUST-569,Home Office,Auvergne-Rhône-Alpes,Furniture,Furnishings,183.41,6,0.2,12.79
CMD-2024-14274,2024-01-29,2024-02-02,First Class,CUST-488,Consumer,Occitanie,Office Supplies,Storage,150.29,8,0.0,38.47
CMD-2024-14275,2024-12-03,2024-12-07,Same Day,CUST-520,Corporate,Hauts-de-France,Furniture,Tables,539.03,6,0.1,82.27
CMD-2024-14276,2025-12-14,2025-12-18,Second Class,CUST-612,Home Office,Île-de-France,Office Supplies,Storage,55.43,7,0.0,24.59
CMD-2024-14277,2024-12-26,2024-12-30,Same Day,CUST-656,Consumer,Hauts-de-France,Furniture,Furnishings,17.14,5,0.2,4.28
CMD-2024-14278,2025-07-22,2025-07-24,Second Class,CUST-658,Consumer,Île-de-France,Office Supplies,Paper,31.75,1,0.1,7.38
CMD-2024-14279,2025-01-26,2025-01-28,Same Day,CUST-180,Consumer,Hauts-de-France,Office Supplies,Storage,70.61,2,0.0,31.37
CMD-2024-14280,2024-08-05,2024-08-07,Second Class,CUST-543,Home Office,Auvergne-Rhône-Alpes,Technology,Phones,22.45,2,0.3,3.98
CMD-2024-14281,2025-07-27,2025-07-30,Same Day,CUST-386,Corporate,Nouvelle-Aquitaine,Furniture,Furnishings,168.75,4,0.1,28.14
CMD-2024-14282,2025-10-30,2025-11-03,Second Class,CUST-383,Consumer,Occitanie,Furniture,Furnishings,97.94,7,0.5,-16.3
CMD-2024-14283,2024-07-20,2024-07-23,Same Day,CUST-590,Home Office,Île-de-France,Furniture,Bookcases,58.79,4,0.5,-0.72
CMD-2024-14284,2024-01-17,2024-01-22,Second Class,CUST-487,Consumer,Nouvelle-Aquitaine,Technology,Machines,320.06,4,0.5,-37.58
CMD-2024-14285,2024-11-17,2024-11-22,First Class,CUST-650,Consumer,Île-de-France,Office Supplies,Binders,65.32,1,0.0,13.97
CMD-2024-14286,2025-06-01,2025-06-03,Standard Class,CUST-694,Home Office,Occitanie,Technology,Copiers,270.97,4,0.0,96.69
CMD-2024-14287,2025-07-23,2025-07-28,Standard Class,CUST-507,Consumer,Nouvelle-Aquitaine,Furniture,Furnishings,109.52,4,0.7,-45.81
CMD-2024-14288,2024-11-20,2024-11-22,First Class,CUST-426,Consumer,Nouvelle-Aquitaine,Office Supplies,Envelopes,172.76,5,0.1,27.95
CMD-2024-14289,2025-02-15,2025-02-19,First Class,CUST-275,Home Office,Occitanie,Technology,Copiers,612.54,1,0.0,133.7
CMD-2024-14290,2024-11-13,2024-11-16,Second Class,CUST-620,Corporate,Occitanie,Office Supplies,Envelopes,23.37,3,0.2,1.02
CMD-2024-14291,2025-11-11,2025-11-13,Second Class,CUST-482,Corporate,Île-de-France,Office Supplies,Binders,167.61,7,0.0,25.38
CMD-2024-14292,2024-03-22,2024-03-23,Same Day,CUST-357,Corporate,Nouvelle-Aquitaine,Furniture,Chairs,438.95,3,0.2,102.81
CMD-2024-14293,2025-04-18,2025-04-19,Same Day,CUST-446,Corporate,Occitanie,Furniture,Furnishings,210.07,6,0.3,-6.55
CMD-2024-14294,2025-04-12,2025-04-16,Standard Class,CUST-371,Home Office,Île-de-France,Technology,Phones,86.32,5,0.2,-0.35
CMD-2024-14295,2025-02-28,2025-03-03,Standard Class,CUST-360,Home Office,Hauts-de-France,Office Supplies,Art,126.53,2,0.0,22.28
CMD-2024-14296,2025-11-19,2025-11-21,Second Class,CUST-495,Corporate,Occitanie,Technology,Machines,265.86,6,0.0,84.23
CMD-2024-14297,2024-07-22,2024-07-26,Second Class,CUST-791,Home Office,Nouvelle-Aquitaine,Office Supplies,Art,502.23,3,0.0,224.94
CMD-2024-14298,2025-08-05,2025-08-08,First Class,CUST-253,Corporate,Hauts-de-France,Office Supplies,Paper,24.23,1,0.1,2.51
CMD-2024-14299,2025-01-21,2025-01-22,Second Class,CUST-626,Consumer,Occitanie,Technology,Machines,31.33,2,0.0,5.64
CMD-2024-14300,2024-04-07,2024-04-09,Same Day,CUST-166,Consumer,Auvergne-Rhône-Alpes,Office Supplies,Binders,101.49,8,0.1,19.43
CMD-2024-14301,2024-12-10,2024-12-13,First Class,CUST-798,Consumer,Nouvelle-Aquitaine,Technology,Machines,73.3,4,0.1,16.79
CMD-2024-14302,2024-07-26,2024-07-31,Second Class,CUST-447,Corporate,Nouvelle-Aquitaine,Office Supplies,Storage,82.71,1,0.1,12.27
CMD-2024-14303,2025-05-28,2025-05-30,Same Day,CUST-162,Consumer,Île-de-France,Technology,Phones,70.02,2,0.3,-2.05
CMD-2024-14304,2025-09-27,2025-10-02,Same Day,CUST-455,Corporate,Auvergne-Rhône-Alpes,Furniture,Bookcases,62.95,3,0.1,11.79
CMD-2024-14305,2025-08-08,2025-08-12,Standard Class,CUST-380,Home Office,Occitanie,Technology,Machines,45.8,6,0.0,11.19
CMD-2024-14306,2024-06-14,2024-06-17,First Class,CUST-140,Consumer,Auvergne-Rhône-Alpes,Office Supplies,Binders,612.83,4,0.2,149.9
CMD-2024-14307,2024-01-22,2024-01-25,Standard Class,CUST-639,Consumer,Occitanie,Furniture,Bookcases,49.26,4,0.2,-0.86
CMD-2024-14308,2024-06-02,2024-06-05,First Class,CUST-466,Consumer,Île-de-France,Technology,Phones,65.31,7,0.0,14.39
CMD-2024-14309,2025-03-14,2025-03-17,First Class,CUST-376,Home Office,Hauts-de-France,Furniture,Furnishings,77.2,1,0.1,23.36
CMD-2024-14310,2024-10-21,2024-10-23,Standard Class,CUST-320,Corporate,Auvergne-Rhône-Alpes,Furniture,Bookcases,609.72,6,0.0,244.0
CMD-2024-14311,2024-08-06,2024-08-11,Standard Class,CUST-160,Consumer,Nouvelle-Aquitaine,Office Supplies,Art,325.07,4,0.0,59.64
CMD-2024-14312,2025-10-30,2025-11-04,Second Class,CUST-202,Consumer,Occitanie,Office Supplies,Binders,358.03,2,0.5,-2.82
CMD-2024-14313,2025-05-09,2025-05-13,First Class,CUST-284,Corporate,Auvergne-Rhône-Alpes,Furniture,Tables,39.35,7,0.5,-3.62
CMD-2024-14314,2024-08-17,2024-08-21,Second Class,CUST-246,Consumer,Occitanie,Technology,Accessories,413.15,7,0.1,58.58
CMD-2024-14315,2024-01-20,2024-01-23,First Class,CUST-174,Consumer,Auvergne-Rhône-Alpes,Technology,Accessories,130.41,5,0.2,13.93
CMD-2024-14316,2025-07-06,2025-07-07,Same Day,CUST-572,Consumer,Nouvelle-Aquitaine,Furniture,Furnishings,82.08,3,0.3,-2.53
CMD-2024-14317,2024-05-27,2024-05-28,Second Class,CUST-100,Corporate,Occitanie,Furniture,Chairs,203.64,1,0.5,-51.93
CMD-2024-14318,2024-04-17,2024-04-20,Standard Class,CUST-515,Consumer,Occitanie,Furniture,Bookcases,394.94,6,0.1,58.2
CMD-2024-14319,2025-02-06,2025-02-11,Same Day,CUST-568,Home Office,Hauts-de-France,Technology,Copiers,346.76,8,0.1,81.15
CMD-2024-14320,2025-08-18,2025-08-22,Standard Class,CUST-464,Corporate,Île-de-France,Furniture,Tables,500.6,8,0.0,199.13
CMD-2024-14321,2025-04-27,2025-04-29,Same Day,CUST-773,Consumer,Auvergne-Rhône-Alpes,Office Supplies,Envelopes,594.24,5,0.0,153.94
CMD-2024-14322,2025-01-01,2025-01-02,Same Day,CUST-116,Home Office,Nouvelle-Aquitaine,Technology,Phones,74.83,8,0.0,19.03
CMD-2024-14323,2025-02-17,2025-02-21,Second Class,CUST-609,Home Office,Hauts-de-France,Furniture,Bookcases,136.31,5,0.2,15.05
CMD-2024-14324,2024-11-04,2024-11-05,Standard Class,CUST-538,Home Office,Hauts-de-France,Office Supplies,Paper,18.24,1,0.3,1.34
CMD-2024-14325,2024-05-13,2024-05-18,Second Class,CUST-630,Home Office,Île-de-France,Office Supplies,Storage,480.22,2,0.3,50.66
CMD-2024-14326,2025-12-19,2025-12-24,Same Day,CUST-158,Home Office,Nouvelle-Aquitaine,Technology,Machines,51.94,6,0.0,12.88
CMD-2024-14327,2024-10-09,2024-10-12,First Class,CUST-214,Consumer,Auvergne-Rhône-Alpes,Furniture,Chairs,449.87,3,0.1,106.13
CMD-2024-14328,2024-03-13,2024-03-16,First Class,CUST-302,Home Office,Occitanie,Office Supplies,Binders,102.9,1,0.0,27.45
CMD-2024-14329,2025-04-25,2025-04-26,Same Day,CUST-642,Corporate,Île-de-France,Technology,Machines,116.0,6,0.0,42.33
CMD-2024-14330,2024-12-17,2024-12-18,Standard Class,CUST-293,Consumer,Occitanie,Furniture,Furnishings,23.78,5,0.5,-5.96
CMD-2024-14331,2025-07-13,2025-07-17,Standard Class,CUST-571,Consumer,Hauts-de-France,Technology,Machines,102.08,5,0.1,13.99
CMD-2024-14332,2024-11-21,2024-11-24,Standard Class,CUST-205,Home Office,Occitanie,Furniture,Bookcases,497.35,1,0.2,48.65
CMD-2024-14333,2025-03-18,2025-03-23,First Class,CUST-225,Home Office,Auvergne-Rhône-Alpes,Furniture,Bookcases,20.69,6,0.0,8.62
CMD-2024-14334,2024-04-09,2024-04-13,Second Class,CUST-513,Consumer,Auvergne-Rhône-Alpes,Office Supplies,Binders,129.71,5,0.0,41.77
CMD-2024-14335,2024-02-28,2024-03-03,Standard Class,CUST-714,Corporate,Occitanie,Technology,Accessories,22.02,1,0.2,5.72
CMD-2024-14336,2025-05-22,2025-05-24,Second Class,CUST-774,Consumer,Occitanie,Furniture,Bookcases,116.97,7,0.0,21.17
CMD-2024-14337,2024-09-14,2024-09-19,Standard Class,CUST-609,Consumer,Île-de-France,Furniture,Chairs,56.69,1,0.0,16.33
CMD-2024-14338,2025-02-16,2025-02-20,Standard Class,CUST-600,Home Office,Auvergne-Rhône-Alpes,Furniture,Tables,78.94,3,0.0,21.77
CMD-2024-14339,2025-03-27,2025-03-29,Standard Class,CUST-220,Corporate,Occitanie,Office Supplies,Binders,477.1,1,0.2,71.59
CMD-2024-14340,2024-03-05,2024-03-08,Second Class,CUST-706,Home Office,Nouvelle-Aquitaine,Furniture,Tables,141.01,7,0.7,-33.34
CMD-2024-14341,2025-08-17,2025-08-22,Second Class,CUST-307,Home Office,Île-de-France,Office Supplies,Art,85.38,6,0.3,11.31
CMD-2024-14342,2024-06-02,2024-06-05,Second Class,CUST-760,Home Office,Île-de-France,Furniture,Bookcases,210.8,6,0.7,-58.8
CMD-2024-14343,2024-09-22,2024-09-24,Same Day,CUST-449,Home Office,Île-de-France,Furniture,Furnishings,48.72,8,0.3,3.53
CMD-2024-14344,2024-03-19,2024-03-24,First Class,CUST-292,Corporate,Île-de-France,Office Supplies,Art,81.06,5,0.3,13.35
CMD-2024-14345,2024-11-10,2024-11-11,Same Day,CUST-753,Home Office,Occitanie,Technology,Phones,188.84,8,0.1,33.07
CMD-2024-14346,2025-10-23,2025-10-24,First Class,CUST-492,Home Office,Hauts-de-France,Technology,Machines,74.66,4,0.1,23.13
CMD-2024-14347,2025-07-13,2025-07-14,Same Day,CUST-596,Corporate,Nouvelle-Aquitaine,Office Supplies,Storage,265.08,3,0.0,113.04
CMD-2024-14348,2024-09-04,2024-09-08,First Class,CUST-491,Consumer,Hauts-de-France,Furniture,Furnishings,163.78,6,0.3,4.5
CMD-2024-14349,2025-09-01,2025-09-02,Second Class,CUST-773,Home Office,Hauts-de-France,Office Supplies,Art,340.24,5,0.0,125.46
CMD-2024-14350,2025-02-17,2025-02-21,First Class,CUST-208,Consumer,Occitanie,Office Supplies,Envelopes,666.47,5,0.0,175.35
CMD-2024-14351,2024-01-25,2024-01-29,Standard Class,CUST-569,Home Office,Île-de-France,Furniture,Bookcases,42.08,3,0.5,-10.62
CMD-2024-14352,2024-10-10,2024-10-12,Second Class,CUST-449,Home Office,Île-de-France,Furniture,Chairs,104.64,8,0.0,34.11
CMD-2024-14353,2025-03-24,2025-03-25,Same Day,CUST-248,Corporate,Occitanie,Furniture,Tables,99.7,3,0.7,-41.98
CMD-2024-14354,2024-10-27,2024-11-01,Standard Class,CUST-355,Corporate,Occitanie,Technology,Machines,51.06,8,0.2,5.48
CMD-2024-14355,2024-03-08,2024-03-12,Standard Class,CUST-488,Consumer,Auvergne-Rhône-Alpes,Office Supplies,Binders,380.71,5,0.0,156.8
CMD-2024-14356,2024-01-07,2024-01-09,Second Class,CUST-298,Home Office,Île-de-France,Office Supplies,Art,328.85,7,0.2,-1.38
CMD-2024-14357,2024-05-16,2024-05-20,Standard Class,CUST-542,Corporate,Nouvelle-Aquitaine,Furniture,Furnishings,160.74,4,0.3,-17.82
CMD-2024-14358,2024-06-12,2024-06-17,Second Class,CUST-285,Home Office,Auvergne-Rhône-Alpes,Technology,Phones,184.77,7,0.0,61.33
CMD-2024-14359,2024-03-23,2024-03-28,First Class,CUST-443,Home Office,Hauts-de-France,Technology,Phones,28.51,2,0.2,1.98
CMD-2024-14360,2025-10-11,2025-10-12,Second Class,CUST-776,Consumer,Île-de-France,Technology,Accessories,193.38,7,0.3,1.04
CMD-2024-14361,2025-02-23,2025-02-27,Second Class,CUST-207,Home Office,Occitanie,Office Supplies,Storage,359.75,5,0.0,97.75
CMD-2024-14362,2024-03-13,2024-03-18,Same Day,CUST-694,Corporate,Occitanie,Technology,Accessories,202.64,3,0.0,35.66
CMD-2024-14363,2024-08-24,2024-08-27,Standard Class,CUST-179,Consumer,Occitanie,Office Supplies,Binders,82.83,1,0.0,12.51
CMD-2024-14364,2024-02-15,2024-02-20,Same Day,CUST-352,Corporate,Île-de-France,Office Supplies,Envelopes,257.28,1,0.0,107.94
CMD-2024-14365,2025-09-09,2025-09-14,Same Day,CUST-124,Consumer,Nouvelle-Aquitaine,Office Supplies,Paper,113.7,3,0.0,24.48
CMD-2024-14366,2024-09-18,2024-09-22,Same Day,CUST-382,Consumer,Occitanie,Furniture,Furnishings,188.18,7,0.2,18.41
CMD-2024-14367,2024-06-24,2024-06-29,Same Day,CUST-662,Home Office,Île-de-France,Office Supplies,Storage,162.09,3,0.0,71.58
CMD-2024-14368,2024-06-14,2024-06-16,Same Day,CUST-719,Consumer,Hauts-de-France,Furniture,Chairs,120.59,2,0.3,15.44
CMD-2024-14369,2025-10-18,2025-10-23,Standard Class,CUST-337,Consumer,Auvergne-Rhône-Alpes,Office Supplies,Art,294.17,6,0.0,53.65
CMD-2024-14370,2025-01-04,2025-01-07,Standard Class,CUST-415,Home Office,Île-de-France,Furniture,Furnishings,488.68,8,0.1,103.87
CMD-2024-14371,2024-02-23,2024-02-28,Standard Class,CUST-562,Consumer,Île-de-France,Furniture,Tables,16.15,3,0.1,4.51
CMD-2024-14372,2025-11-20,2025-11-21,Same Day,CUST-797,Consumer,Occitanie,Furniture,Chairs,611.71,8,0.3,54.76
CMD-2024-14373,2025-02-22,2025-02-26,Standard Class,CUST-691,Corporate,Auvergne-Rhône-Alpes,Technology,Machines,172.62,8,0.1,49.76
CMD-2024-14374,2025-05-21,2025-05-24,Same Day,CUST-707,Corporate,Auvergne-Rhône-Alpes,Furniture,Furnishings,280.41,1,0.0,80.54
CMD-2024-14375,2024-12-06,2024-12-08,Standard Class,CUST-481,Home Office,Occitanie,Office Supplies,Binders,440.77,4,0.3,-29.63
CMD-2024-14376,2024-05-06,2024-05-11,Standard Class,CUST-564,Consumer,Nouvelle-Aquitaine,Technology,Accessories,153.47,3,0.0,44.42
CMD-2024-14377,2025-02-12,2025-02-17,Standard Class,CUST-249,Home Office,Île-de-France,Technology,Copiers,411.36,2,0.0,141.66
CMD-2024-14378,2025-01-01,2025-01-03,Standard Class,CUST-451,Home Office,Occitanie,Technology,Phones,58.02,8,0.0,19.3
CMD-2024-14379,2024-09-27,2024-10-02,Second Class,CUST-541,Home Office,Nouvelle-Aquitaine,Furniture,Furnishings,53.14,4,0.2,-0.47
CMD-2024-14380,2025-10-05,2025-10-06,Standard Class,CUST-494,Corporate,Occitanie,Technology,Copiers,250.71,2,0.0,42.49
CMD-2024-14381,2025-08-27,2025-08-30,Standard Class,CUST-464,Home Office,Hauts-de-France,Furniture,Chairs,464.09,4,0.1,162.24
CMD-2024-14382,2025-01-13,2025-01-18,Second Class,CUST-105,Consumer,Nouvelle-Aquitaine,Technology,Copiers,505.51,3,0.1,53.35
CMD-2024-14383,2024-03-13,2024-03-15,First Class,CUST-633,Corporate,Nouvelle-Aquitaine,Technology,Phones,242.06,8,0.5,-51.23
CMD-2024-14384,2024-09-04,2024-09-06,First Class,CUST-319,Corporate,Auvergne-Rhône-Alpes,Office Supplies,Storage,179.0,1,0.0,68.07
CMD-2024-14385,2024-02-12,2024-02-15,Second Class,CUST-111,Corporate,Île-de-France,Technology,Machines,103.56,4,0.0,28.26
CMD-2024-14386,2025-01-11,2025-01-12,First Class,CUST-484,Consumer,Occitanie,Office Supplies,Envelopes,875.65,5,0.0,179.02
CMD-2024-14387,2024-02-10,2024-02-13,Standard Class,CUST-557,Home Office,Occitanie,Technology,Accessories,99.75,6,0.0,28.94
CMD-2024-14388,2024-06-18,2024-06-23,Same Day,CUST-324,Home Office,Île-de-France,Furniture,Furnishings,314.93,2,0.2,44.31
CMD-2024-14389,2024-07-30,2024-07-31,Same Day,CUST-435,Corporate,Île-de-France,Technology,Accessories,182.03,4,0.1,35.65
CMD-2024-14390,2025-05-07,2025-05-08,Standard Class,CUST-266,Corporate,Auvergne-Rhône-Alpes,Furniture,Bookcases,221.32,8,0.2,54.37
CMD-2024-14391,2025-11-10,2025-11-12,Standard Class,CUST-415,Home Office,Île-de-France,Office Supplies,Paper,125.0,2,0.3,-4.32
CMD-2024-14392,2024-02-08,2024-02-09,First Class,CUST-215,Consumer,Hauts-de-France,Office Supplies,Storage,751.42,1,0.5,-76.34
CMD-2024-14393,2025-01-03,2025-01-08,Second Class,CUST-597,Corporate,Auvergne-Rhône-Alpes,Technology,Phones,201.54,2,0.0,37.02
CMD-2024-14394,2024-05-30,2024-06-04,Same Day,CUST-247,Corporate,Nouvelle-Aquitaine,Furniture,Tables,625.98,2,0.7,-226.8
CMD-2024-14395,2024-04-20,2024-04-25,Standard Class,CUST-135,Consumer,Île-de-France,Furniture,Tables,16.68,5,0.0,6.21
CMD-2024-14396,2025-04-24,2025-04-28,Second Class,CUST-506,Corporate,Nouvelle-Aquitaine,Technology,Accessories,202.04,2,0.2,7.57
CMD-2024-14397,2025-03-11,2025-03-12,Second Class,CUST-484,Consumer,Auvergne-Rhône-Alpes,Technology,Copiers,292.85,4,0.1,69.39
CMD-2024-14398,2024-02-16,2024-02-17,Standard Class,CUST-510,Home Office,Hauts-de-France,Office Supplies,Art,315.7,8,0.3,-23.35
CMD-2024-14399,2025-07-28,2025-08-02,Second Class,CUST-407,Home Office,Hauts-de-France,Office Supplies,Binders,532.8,2,0.1,48.38
CMD-2024-14400,2024-12-31,2025-01-02,Same Day,CUST-741,Corporate,Île-de-France,Office Supplies,Envelopes,15.97,8,0.2,2.03
CMD-2024-14401,2024-03-09,2024-03-10,Same Day,CUST-339,Home Office,Hauts-de-France,Office Supplies,Paper,15.07,3,0.5,-1.47
CMD-2024-14402,2024-10-25,2024-10-29,Second Class,CUST-466,Consumer,Occitanie,Office Supplies,Envelopes,155.61,2,0.2,0.62
CMD-2024-14403,2024-10-22,2024-10-23,Standard Class,CUST-403,Corporate,Auvergne-Rhône-Alpes,Technology,Copiers,21.54,3,0.2,5.28
CMD-2024-14404,2024-07-21,2024-07-24,Second Class,CUST-716,Consumer,Hauts-de-France,Technology,Copiers,822.48,6,0.0,179.08
CMD-2024-14405,2024-03-01,2024-03-05,First Class,CUST-266,Home Office,Auvergne-Rhône-Alpes,Technology,Machines,70.24,2,0.0,13.06
CMD-2024-14406,2024-11-09,2024-11-11,Standard Class,CUST-653,Home Office,Auvergne-Rhône-Alpes,Office Supplies,Binders,155.78,7,0.7,-65.3
CMD-2024-14407,2024-06-09,2024-06-13,Standard Class,CUST-400,Home Office,Occitanie,Office Supplies,Paper,28.88,6,0.2,0.6
CMD-2024-14408,2024-11-26,2024-11-30,Standard Class,CUST-304,Corporate,Île-de-France,Office Supplies,Storage,177.41,8,0.1,15.47
CMD-2024-14409,2025-06-11,2025-06-12,Same Day,CUST-294,Consumer,Auvergne-Rhône-Alpes,Office Supplies,Storage,120.15,7,0.0,46.78
CMD-2024-14410,2024-12-03,2024-12-07,Standard Class,CUST-270,Corporate,Occitanie,Office Supplies,Envelopes,25.05,2,0.0,7.48
CMD-2024-14411,2025-08-28,2025-09-02,Standard Class,CUST-715,Home Office,Hauts-de-France,Office Supplies,Paper,104.79,4,0.0,27.93
CMD-2024-14412,2024-10-30,2024-11-03,Same Day,CUST-501,Home Office,Nouvelle-Aquitaine,Technology,Phones,124.26,7,0.1,42.89
CMD-2024-14413,2025-05-17,2025-05-18,Same Day,CUST-138,Corporate,Île-de-France,Office Supplies,Paper,1026.42,3,0.0,268.21
CMD-2024-14414,2025-10-11,2025-10-16,Same Day,CUST-745,Consumer,Nouvelle-Aquitaine,Furniture,Bookcases,66.27,8,0.0,13.26
CMD-2024-14415,2024-12-03,2024-12-05,Standard Class,CUST-351,Home Office,Occitanie,Technology,Copiers,188.13,6,0.1,26.75
CMD-2024-14416,2025-07-03,2025-07-06,Standard Class,CUST-781,Consumer,Auvergne-Rhône-Alpes,Office Supplies,Envelopes,975.82,6,0.1,128.51
CMD-2024-14417,2025-09-30,2025-10-04,Same Day,CUST-382,Home Office,Occitanie,Office Supplies,Paper,360.47,3,0.0,108.0
CMD-2024-14418,2024-10-01,2024-10-06,Same Day,CUST-306,Corporate,Île-de-France,Technology,Accessories,1118.47,5,0.1,164.92
CMD-2024-14419,2024-06-12,2024-06-17,First Class,CUST-599,Home Office,Île-de-France,Technology,Accessories,774.3,2,0.5,-112.41
CMD-2024-14420,2025-03-18,2025-03-20,Same Day,CUST-242,Corporate,Hauts-de-France,Office Supplies,Paper,162.94,2,0.1,42.49
CMD-2024-14421,2024-11-14,2024-11-16,Second Class,CUST-118,Corporate,Occitanie,Furniture,Tables,277.23,4,0.3,31.38
CMD-2024-14422,2025-08-11,2025-08-14,First Class,CUST-675,Corporate,Île-de-France,Office Supplies,Paper,40.75,5,0.5,-3.54
CMD-2024-14423,2025-05-18,2025-05-21,Same Day,CUST-786,Home Office,Occitanie,Technology,Accessories,143.01,5,0.0,30.27
CMD-2024-14424,2025-11-16,2025-11-17,Same Day,CUST-119,Consumer,Hauts-de-France,Technology,Phones,379.23,7,0.0,70.07
CMD-2024-14425,2025-01-21,2025-01-24,Same Day,CUST-547,Consumer,Hauts-de-France,Technology,Phones,169.85,8,0.1,37.83
CMD-2024-14426,2025-08-25,2025-08-28,Same Day,CUST-325,Home Office,Occitanie,Technology,Machines,281.86,4,0.1,33.73
CMD-2024-14427,2025-11-21,2025-11-26,Second Class,CUST-200,Corporate,Île-de-France,Technology,Machines,316.28,6,0.0,55.5
CMD-2024-14428,2025-05-08,2025-05-12,Same Day,CUST-393,Consumer,Auvergne-Rhône-Alpes,Office Supplies,Paper,79.31,3,0.0,24.44
CMD-2024-14429,2025-05-04,2025-05-08,Standard Class,CUST-649,Consumer,Auvergne-Rhône-Alpes,Furniture,Furnishings,473.71,6,0.1,74.86
CMD-2024-14430,2025-12-21,2025-12-24,First Class,CUST-164,Home Office,Hauts-de-France,Furniture,Bookcases,150.49,1,0.0,56.71
CMD-2024-14431,2024-03-13,2024-03-14,Same Day,CUST-598,Corporate,Île-de-France,Technology,Phones,66.91,4,0.5,-13.77
CMD-2024-14432,2025-05-23,2025-05-24,Standard Class,CUST-175,Consumer,Hauts-de-France,Technology,Phones,456.22,3,0.0,202.39
CMD-2024-14433,2025-01-24,2025-01-28,Second Class,CUST-734,Home Office,Hauts-de-France,Office Supplies,Paper,134.01,6,0.5,-9.71
CMD-2024-14434,2025-09-10,2025-09-12,First Class,CUST-224,Home Office,Hauts-de-France,Furniture,Chairs,320.26,6,0.0,53.58
CMD-2024-14435,2024-10-21,2024-10-26,Same Day,CUST-126,Corporate,Hauts-de-France,Office Supplies,Envelopes,189.71,5,0.0,57.42
CMD-2024-14436,2025-01-03,2025-01-06,First Class,CUST-714,Home Office,Occitanie,Furniture,Bookcases,120.83,4,0.0,38.52
CMD-2024-14437,2025-11-24,2025-11-29,Same Day,CUST-375,Corporate,Occitanie,Technology,Accessories,380.22,1,0.7,-103.2
CMD-2024-14438,2025-07-02,2025-07-05,Second Class,CUST-671,Consumer,Île-de-France,Furniture,Tables,208.2,2,0.0,62.32
CMD-2024-14439,2025-10-10,2025-10-13,Second Class,CUST-779,Home Office,Île-de-France,Technology,Accessories,123.95,4,0.1,25.41
CMD-2024-14440,2025-07-21,2025-07-25,First Class,CUST-182,Consumer,Nouvelle-Aquitaine,Office Supplies,Storage,40.54,8,0.3,-0.39
CMD-2024-14441,2024-07-05,2024-07-10,First Class,CUST-585,Corporate,Auvergne-Rhône-Alpes,Technology,Copiers,511.77,1,0.2,26.32
CMD-2024-14442,2025-03-20,2025-03-25,First Class,CUST-562,Corporate,Occitanie,Office Supplies,Storage,22.95,8,0.0,9.96
CMD-2024-14443,2025-07-23,2025-07-25,Second Class,CUST-105,Corporate,Île-de-France,Technology,Phones,452.61,1,0.5,-92.66
CMD-2024-14444,2024-12-28,2024-12-30,Standard Class,CUST-775,Home Office,Hauts-de-France,Office Supplies,Storage,113.17,8,0.3,-11.43
CMD-2024-14445,2024-05-02,2024-05-07,First Class,CUST-467,Home Office,Occitanie,Office Supplies,Envelopes,239.36,4,0.0,47.92
CMD-2024-14446,2024-07-06,2024-07-08,Same Day,CUST-570,Home Office,Auvergne-Rhône-Alpes,Furniture,Chairs,576.79,3,0.1,182.95
CMD-2024-14447,2025-11-10,2025-11-12,Second Class,CUST-548,Consumer,Occitanie,Furniture,Chairs,51.2,4,0.5,-6.35
CMD-2024-14448,2025-02-23,2025-02-26,First Class,CUST-788,Consumer,Auvergne-Rhône-Alpes,Office Supplies,Paper,199.12,6,0.7,-49.06
CMD-2024-14449,2025-09-17,2025-09-21,Second Class,CUST-469,Home Office,Nouvelle-Aquitaine,Furniture,Chairs,333.07,7,0.0,130.77
CMD-2024-14450,2024-09-08,2024-09-11,First Class,CUST-439,Consumer,Île-de-France,Technology,Machines,326.76,5,0.3,41.49
CMD-2024-14451,2025-09-10,2025-09-12,Second Class,CUST-767,Corporate,Auvergne-Rhône-Alpes,Technology,Phones,179.07,6,0.0,56.44
CMD-2024-14452,2025-07-02,2025-07-05,Second Class,CUST-377,Home Office,Nouvelle-Aquitaine,Office Supplies,Paper,230.63,1,0.0,46.85
CMD-2024-14453,2024-11-30,2024-12-03,First Class,CUST-439,Corporate,Occitanie,Office Supplies,Storage,326.71,1,0.0,63.54
CMD-2024-14454,2024-04-01,2024-04-02,Same Day,CUST-713,Corporate,Île-de-France,Technology,Copiers,419.59,2,0.0,135.19
CMD-2024-14455,2025-06-13,2025-06-16,Second Class,CUST-179,Corporate,Auvergne-Rhône-Alpes,Technology,Machines,330.63,1,0.2,26.44
CMD-2024-14456,2024-03-03,2024-03-06,Same Day,CUST-702,Consumer,Auvergne-Rhône-Alpes,Office Supplies,Paper,111.13,7,0.1,25.27
CMD-2024-14457,2025-10-23,2025-10-27,Same Day,CUST-166,Corporate,Île-de-France,Technology,Copiers,1273.81,2,0.0,381.56
CMD-2024-14458,2025-05-26,2025-05-31,Second Class,CUST-314,Consumer,Occitanie,Furniture,Tables,140.41,1,0.0,46.43
CMD-2024-14459,2024-05-18,2024-05-19,Second Class,CUST-515,Corporate,Occitanie,Technology,Copiers,20.45,1,0.0,3.26
CMD-2024-14460,2025-11-28,2025-11-29,Second Class,CUST-244,Home Office,Hauts-de-France,Office Supplies,Art,114.08,4,0.7,-53.63
CMD-2024-14461,2024-07-03,2024-07-04,Same Day,CUST-651,Corporate,Occitanie,Technology,Copiers,45.08,4,0.3,4.35
CMD-2024-14462,2024-07-23,2024-07-24,Second Class,CUST-385,Corporate,Île-de-France,Office Supplies,Art,43.48,5,0.0,9.04
CMD-2024-14463,2024-08-01,2024-08-05,Second Class,CUST-670,Home Office,Nouvelle-Aquitaine,Technology,Copiers,87.74,6,0.5,-9.15
CMD-2024-14464,2024-09-12,2024-09-17,Second Class,CUST-639,Consumer,Île-de-France,Office Supplies,Envelopes,27.07,3,0.0,8.5
CMD-2024-14465,2024-05-14,2024-05-18,Second Class,CUST-146,Home Office,Auvergne-Rhône-Alpes,Office Supplies,Envelopes,271.61,5,0.2,71.85
CMD-2024-14466,2025-07-26,2025-07-27,First Class,CUST-336,Corporate,Hauts-de-France,Furniture,Tables,31.91,1,0.5,-1.58
CMD-2024-14467,2024-03-28,2024-04-02,Second Class,CUST-216,Corporate,Hauts-de-France,Furniture,Furnishings,65.0,5,0.0,17.81
CMD-2024-14468,2024-07-25,2024-07-29,Same Day,CUST-250,Consumer,Nouvelle-Aquitaine,Furniture,Tables,36.45,4,0.2,5.65
CMD-2024-14469,2024-05-08,2024-05-13,Same Day,CUST-182,Corporate,Auvergne-Rhône-Alpes,Technology,Copiers,29.36,6,0.0,5.44
CMD-2024-14470,2024-01-03,2024-01-07,Standard Class,CUST-156,Corporate,Occitanie,Office Supplies,Envelopes,83.56,1,0.0,22.22
CMD-2024-14471,2024-04-30,2024-05-05,First Class,CUST-484,Consumer,Occitanie,Technology,Accessories,201.65,8,0.1,56.5
CMD-2024-14472,2025-01-19,2025-01-23,First Class,CUST-319,Consumer,Occitanie,Office Supplies,Art,750.56,1,0.7,-220.06
CMD-2024-14473,2025-09-05,2025-09-06,Standard Class,CUST-384,Consumer,Île-de-France,Technology,Copiers,473.46,5,0.1,97.22
CMD-2024-14474,2024-02-07,2024-02-08,Same Day,CUST-533,Consumer,Occitanie,Technology,Machines,474.13,6,0.5,-117.13
CMD-2024-14475,2024-12-06,2024-12-07,Same Day,CUST-419,Corporate,Auvergne-Rhône-Alpes,Technology,Copiers,57.61,8,0.5,-3.4
CMD-2024-14476,2025-10-06,2025-10-10,Second Class,CUST-710,Consumer,Hauts-de-France,Furniture,Bookcases,82.71,7,0.0,19.18
CMD-2024-14477,2025-12-14,2025-12-19,Standard Class,CUST-341,Consumer,Île-de-France,Furniture,Bookcases,32.48,2,0.0,12.87
CMD-2024-14478,2024-01-21,2024-01-26,Same Day,CUST-564,Corporate,Occitanie,Office Supplies,Envelopes,346.58,7,0.1,84.39
CMD-2024-14479,2024-08-29,2024-08-31,Standard Class,CUST-302,Consumer,Auvergne-Rhône-Alpes,Technology,Phones,30.92,8,0.1,5.31
CMD-2024-14480,2025-03-30,2025-04-02,Standard Class,CUST-648,Corporate,Nouvelle-Aquitaine,Technology,Copiers,193.97,8,0.0,31.46
CMD-2024-14481,2025-09-12,2025-09-13,First Class,CUST-544,Consumer,Auvergne-Rhône-Alpes,Office Supplies,Paper,77.67,3,0.7,-31.87
CMD-2024-14482,2024-10-29,2024-10-30,Same Day,CUST-739,Consumer,Hauts-de-France,Office Supplies,Art,76.38,8,0.2,18.08
CMD-2024-14483,2025-08-18,2025-08-19,Same Day,CUST-234,Home Office,Auvergne-Rhône-Alpes,Technology,Copiers,1044.7,6,0.0,413.07
CMD-2024-14484,2025-08-17,2025-08-19,Second Class,CUST-675,Corporate,Auvergne-Rhône-Alpes,Furniture,Bookcases,326.03,5,0.1,75.79
CMD-2024-14485,2024-03-09,2024-03-11,Same Day,CUST-640,Consumer,Île-de-France,Furniture,Tables,414.0,7,0.0,120.02
CMD-2024-14486,2024-05-08,2024-05-10,First Class,CUST-586,Home Office,Hauts-de-France,Office Supplies,Binders,201.69,5,0.1,51.26
CMD-2024-14487,2024-07-14,2024-07-15,Same Day,CUST-671,Home Office,Occitanie,Office Supplies,Binders,465.57,3,0.5,-74.55
CMD-2024-14488,2024-05-19,2024-05-24,Second Class,CUST-585,Corporate,Hauts-de-France,Office Supplies,Paper,243.14,1,0.3,17.82
CMD-2024-14489,2025-03-19,2025-03-20,Same Day,CUST-665,Home Office,Nouvelle-Aquitaine,Office Supplies,Art,657.84,1,0.0,159.34
CMD-2024-14490,2024-10-09,2024-10-11,Standard Class,CUST-760,Corporate,Hauts-de-France,Technology,Machines,87.68,2,0.1,27.32
CMD-2024-14491,2024-11-07,2024-11-09,First Class,CUST-504,Home Office,Île-de-France,Office Supplies,Envelopes,214.02,5,0.2,38.65
CMD-2024-14492,2025-06-18,2025-06-21,Second Class,CUST-669,Corporate,Occitanie,Furniture,Furnishings,272.75,3,0.0,67.91
CMD-2024-14493,2025-10-26,2025-10-30,Second Class,CUST-532,Consumer,Hauts-de-France,Technology,Machines,124.81,5,0.0,49.82
CMD-2024-14494,2024-10-03,2024-10-06,Standard Class,CUST-647,Corporate,Occitanie,Furniture,Tables,480.92,4,0.1,99.17
CMD-2024-14495,2024-03-01,2024-03-04,First Class,CUST-756,Home Office,Île-de-France,Office Supplies,Binders,873.49,5,0.1,98.17
CMD-2024-14496,2024-11-14,2024-11-15,Same Day,CUST-349,Corporate,Auvergne-Rhône-Alpes,Office Supplies,Art,164.77,5,0.0,28.56
CMD-2024-14497,2024-02-21,2024-02-25,First Class,CUST-179,Consumer,Nouvelle-Aquitaine,Technology,Accessories,123.98,4,0.0,44.62
CMD-2024-14498,2024-06-01,2024-06-05,First Class,CUST-114,Consumer,Hauts-de-France,Office Supplies,Binders,155.48,4,0.0,63.67
CMD-2024-14499,2024-11-06,2024-11-07,First Class,CUST-139,Home Office,Occitanie,Office Supplies,Art,436.42,7,0.0,171.18
CMD-2024-14500,2025-06-27,2025-07-02,First Class,CUST-180,Home Office,Hauts-de-France,Technology,Accessories,243.13,8,0.1,62.41
CMD-2024-14501,2025-07-20,2025-07-21,First Class,CUST-609,Home Office,Île-de-France,Furniture,Bookcases,25.08,8,0.0,4.83
CMD-2024-14502,2025-01-23,2025-01-28,First Class,CUST-406,Consumer,Auvergne-Rhône-Alpes,Office Supplies,Envelopes,186.88,3,0.0,33.3
CMD-2024-14503,2025-07-01,2025-07-06,Standard Class,CUST-496,Consumer,Île-de-France,Furniture,Chairs,18.84,7,0.3,-0.31
CMD-2024-14504,2025-09-13,2025-09-17,Second Class,CUST-777,Home Office,Occitanie,Technology,Accessories,346.65,1,0.0,140.9
CMD-2024-14505,2024-06-25,2024-06-26,Standard Class,CUST-303,Consumer,Hauts-de-France,Office Supplies,Envelopes,102.55,2,0.1,35.74
CMD-2024-14506,2024-12-27,2024-12-28,Same Day,CUST-310,Consumer,Occitanie,Office Supplies,Paper,155.51,7,0.5,-35.39
CMD-2024-14507,2024-11-09,2024-11-13,Second Class,CUST-498,Home Office,Île-de-France,Office Supplies,Binders,367.63,4,0.1,106.11
CMD-2024-14508,2024-04-06,2024-04-09,Second Class,CUST-472,Consumer,Hauts-de-France,Office Supplies,Envelopes,25.46,1,0.2,3.62
CMD-2024-14509,2024-07-31,2024-08-01,Same Day,CUST-488,Home Office,Occitanie,Furniture,Furnishings,52.98,8,0.0,8.45
CMD-2024-14510,2024-05-16,2024-05-18,Second Class,CUST-357,Consumer,Hauts-de-France,Technology,Copiers,126.64,3,0.0,39.62
CMD-2024-14511,2024-01-06,2024-01-08,Same Day,CUST-214,Corporate,Nouvelle-Aquitaine,Furniture,Chairs,72.48,6,0.1,21.87
CMD-2024-14512,2024-04-18,2024-04-19,First Class,CUST-433,Corporate,Île-de-France,Technology,Phones,105.71,5,0.1,15.1
CMD-2024-14513,2025-06-30,2025-07-05,First Class,CUST-448,Consumer,Île-de-France,Office Supplies,Storage,1402.33,3,0.0,587.87
CMD-2024-14514,2024-02-08,2024-02-12,Second Class,CUST-332,Consumer,Nouvelle-Aquitaine,Technology,Copiers,398.97,3,0.1,52.22
CMD-2024-14515,2025-10-23,2025-10-28,Second Class,CUST-608,Corporate,Auvergne-Rhône-Alpes,Furniture,Chairs,488.73,4,0.5,-135.41
CMD-2024-14516,2025-02-28,2025-03-02,First Class,CUST-548,Home Office,Occitanie,Furniture,Tables,623.41,2,0.0,123.42
CMD-2024-14517,2025-09-21,2025-09-23,First Class,CUST-176,Home Office,Auvergne-Rhône-Alpes,Office Supplies,Storage,106.73,7,0.1,33.2
CMD-2024-14518,2024-09-17,2024-09-21,Same Day,CUST-707,Corporate,Hauts-de-France,Technology,Accessories,92.55,4,0.1,17.14
CMD-2024-14519,2025-03-01,2025-03-03,Second Class,CUST-197,Home Office,Occitanie,Technology,Machines,73.66,5,0.3,8.77
CMD-2024-14520,2024-03-27,2024-03-30,Second Class,CUST-667,Home Office,Occitanie,Technology,Accessories,404.98,4,0.3,15.94
CMD-2024-14521,2025-04-09,2025-04-11,Standard Class,CUST-729,Corporate,Occitanie,Office Supplies,Art,265.37,5,0.2,30.3
CMD-2024-14522,2024-03-16,2024-03-21,First Class,CUST-561,Corporate,Nouvelle-Aquitaine,Technology,Accessories,74.27,4,0.0,29.12
CMD-2024-14523,2025-04-15,2025-04-20,First Class,CUST-599,Consumer,Île-de-France,Technology,Machines,119.1,6,0.0,33.0
CMD-2024-14524,2025-02-17,2025-02-20,Second Class,CUST-730,Corporate,Nouvelle-Aquitaine,Technology,Accessories,170.47,8,0.0,66.59
CMD-2024-14525,2025-12-26,2025-12-31,Standard Class,CUST-137,Corporate,Nouvelle-Aquitaine,Office Supplies,Paper,180.24,2,0.2,0.04
CMD-2024-14526,2025-04-01,2025-04-06,Same Day,CUST-796,Home Office,Nouvelle-Aquitaine,Technology,Machines,498.07,6,0.2,80.14
CMD-2024-14527,2024-10-11,2024-10-16,Same Day,CUST-457,Home Office,Auvergne-Rhône-Alpes,Technology,Accessories,120.37,1,0.5,-10.74
CMD-2024-14528,2024-08-26,2024-08-27,First Class,CUST-341,Consumer,Nouvelle-Aquitaine,Technology,Machines,541.17,8,0.1,178.44
CMD-2024-14529,2025-11-07,2025-11-10,Standard Class,CUST-150,Home Office,Île-de-France,Furniture,Chairs,143.1,8,0.1,18.22
CMD-2024-14530,2025-08-21,2025-08-24,Standard Class,CUST-524,Home Office,Occitanie,Office Supplies,Binders,316.82,8,0.1,76.44
CMD-2024-14531,2025-10-14,2025-10-16,Same Day,CUST-226,Home Office,Auvergne-Rhône-Alpes,Furniture,Chairs,600.84,2,0.0,168.22
CMD-2024-14532,2025-11-02,2025-11-05,First Class,CUST-202,Corporate,Nouvelle-Aquitaine,Office Supplies,Art,538.9,7,0.1,94.22
CMD-2024-14533,2025-07-11,2025-07-15,Second Class,CUST-576,Home Office,Nouvelle-Aquitaine,Office Supplies,Envelopes,27.9,4,0.1,2.57
CMD-2024-14534,2025-01-06,2025-01-09,Standard Class,CUST-328,Corporate,Occitanie,Furniture,Bookcases,65.67,8,0.5,-17.06
CMD-2024-14535,2025-05-09,2025-05-13,Second Class,CUST-535,Home Office,Occitanie,Office Supplies,Envelopes,157.56,3,0.0,63.2
CMD-2024-14536,2025-09-15,2025-09-20,First Class,CUST-484,Corporate,Auvergne-Rhône-Alpes,Office Supplies,Binders,139.27,1,0.7,-35.52
CMD-2024-14537,2024-02-14,2024-02-18,Same Day,CUST-184,Home Office,Île-de-France,Office Supplies,Paper,240.31,8,0.1,41.98
CMD-2024-14538,2025-02-04,2025-02-05,Standard Class,CUST-458,Consumer,Auvergne-Rhône-Alpes,Furniture,Furnishings,651.93,3,0.0,259.82
CMD-2024-14539,2024-09-03,2024-09-08,Second Class,CUST-126,Consumer,Occitanie,Furniture,Chairs,41.23,8,0.0,7.18
CMD-2024-14540,2025-09-07,2025-09-11,Standard Class,CUST-171,Consumer,Île-de-France,Furniture,Tables,147.27,6,0.0,49.69
CMD-2024-14541,2025-08-19,2025-08-24,Standard Class,CUST-194,Home Office,Nouvelle-Aquitaine,Office Supplies,Paper,62.01,7,0.1,19.87
CMD-2024-14542,2025-03-25,2025-03-26,Standard Class,CUST-687,Consumer,Nouvelle-Aquitaine,Technology,Phones,508.97,2,0.0,204.43
CMD-2024-14543,2025-04-29,2025-05-04,First Class,CUST-525,Corporate,Hauts-de-France,Technology,Machines,749.91,7,0.0,196.35
CMD-2024-14544,2025-10-07,2025-10-12,Second Class,CUST-105,Consumer,Occitanie,Furniture,Bookcases,158.32,1,0.7,-40.6
CMD-2024-14545,2025-09-11,2025-09-14,Standard Class,CUST-189,Consumer,Hauts-de-France,Technology,Copiers,39.16,6,0.2,3.85
CMD-2024-14546,2024-01-18,2024-01-20,Second Class,CUST-691,Consumer,Auvergne-Rhône-Alpes,Furniture,Chairs,353.47,4,0.2,78.48
CMD-2024-14547,2025-08-28,2025-09-01,First Class,CUST-321,Consumer,Auvergne-Rhône-Alpes,Technology,Copiers,277.79,3,0.0,85.9
CMD-2024-14548,2025-10-23,2025-10-25,Standard Class,CUST-694,Corporate,Île-de-France,Technology,Phones,111.36,4,0.1,32.23
CMD-2024-14549,2024-10-15,2024-10-16,Standard Class,CUST-693,Consumer,Occitanie,Office Supplies,Binders,495.48,5,0.0,86.0
CMD-2024-14550,2025-02-17,2025-02-18,Standard Class,CUST-251,Home Office,Île-de-France,Furniture,Chairs,834.0,7,0.3,47.54
CMD-2024-14551,2025-12-21,2025-12-26,Second Class,CUST-656,Consumer,Île-de-France,Office Supplies,Binders,194.55,1,0.0,61.3
CMD-2024-14552,2025-09-29,2025-10-01,Second Class,CUST-311,Home Office,Auvergne-Rhône-Alpes,Technology,Copiers,198.5,3,0.1,48.23
CMD-2024-14553,2024-08-22,2024-08-26,Standard Class,CUST-682,Home Office,Auvergne-Rhône-Alpes,Technology,Phones,92.69,2,0.1,24.91
CMD-2024-14554,2025-02-19,2025-02-23,Second Class,CUST-362,Consumer,Occitanie,Office Supplies,Envelopes,208.22,8,0.1,69.84
CMD-2024-14555,2025-05-13,2025-05-18,Second Class,CUST-481,Consumer,Auvergne-Rhône-Alpes,Office Supplies,Storage,142.42,2,0.3,16.48
CMD-2024-14556,2025-09-25,2025-09-29,Standard Class,CUST-669,Home Office,Occitanie,Furniture,Chairs,94.16,2,0.0,20.33
CMD-2024-14557,2025-10-11,2025-10-14,Standard Class,CUST-156,Corporate,Hauts-de-France,Office Supplies,Binders,30.3,6,0.0,12.05
CMD-2024-14558,2024-04-24,2024-04-26,Same Day,CUST-525,Corporate,Nouvelle-Aquitaine,Office Supplies,Binders,79.09,2,0.2,0.52
CMD-2024-14559,2025-11-04,2025-11-05,Same Day,CUST-722,Consumer,Hauts-de-France,Office Supplies,Paper,63.5,3,0.1,15.66
CMD-2024-14560,2025-12-13,2025-12-17,Standard Class,CUST-241,Corporate,Auvergne-Rhône-Alpes,Furniture,Bookcases,186.82,8,0.0,77.5
CMD-2024-14561,2024-08-21,2024-08-25,First Class,CUST-667,Corporate,Nouvelle-Aquitaine,Technology,Copiers,217.5,7,0.0,39.22
CMD-2024-14562,2025-06-23,2025-06-27,Standard Class,CUST-623,Consumer,Nouvelle-Aquitaine,Furniture,Bookcases,221.35,7,0.2,49.78
CMD-2024-14563,2024-01-11,2024-01-16,Standard Class,CUST-114,Home Office,Île-de-France,Office Supplies,Storage,123.09,7,0.7,-29.59
CMD-2024-14564,2024-07-24,2024-07-25,Standard Class,CUST-107,Home Office,Nouvelle-Aquitaine,Technology,Accessories,135.31,6,0.1,28.57
CMD-2024-14565,2025-11-09,2025-11-11,Standard Class,CUST-330,Corporate,Occitanie,Office Supplies,Paper,410.39,5,0.3,-11.22
CMD-2024-14566,2024-09-03,2024-09-07,Standard Class,CUST-285,Home Office,Auvergne-Rhône-Alpes,Technology,Phones,157.28,2,0.1,28.57
CMD-2024-14567,2025-07-12,2025-07-15,Standard Class,CUST-152,Consumer,Auvergne-Rhône-Alpes,Furniture,Tables,983.91,7,0.0,433.51
CMD-2024-14568,2024-05-06,2024-05-11,Standard Class,CUST-236,Corporate,Île-de-France,Technology,Machines,142.41,2,0.0,29.98
CMD-2024-14569,2024-05-26,2024-05-28,Standard Class,CUST-273,Home Office,Île-de-France,Office Supplies,Envelopes,245.7,8,0.2,35.35
CMD-2024-14570,2024-04-27,2024-05-01,Same Day,CUST-318,Corporate,Auvergne-Rhône-Alpes,Technology,Machines,26.37,8,0.1,2.24
CMD-2024-14571,2025-01-16,2025-01-18,Same Day,CUST-362,Home Office,Île-de-France,Office Supplies,Envelopes,248.07,6,0.2,8.77
CMD-2024-14572,2025-02-15,2025-02-20,Same Day,CUST-354,Corporate,Nouvelle-Aquitaine,Furniture,Chairs,434.47,2,0.2,86.46
CMD-2024-14573,2025-10-25,2025-10-28,First Class,CUST-369,Home Office,Nouvelle-Aquitaine,Office Supplies,Storage,643.15,5,0.7,-250.33
CMD-2024-14574,2025-08-06,2025-08-10,Second Class,CUST-686,Home Office,Occitanie,Office Supplies,Art,1317.88,6,0.1,468.81
CMD-2024-14575,2024-12-28,2024-12-31,First Class,CUST-323,Consumer,Île-de-France,Office Supplies,Binders,87.94,6,0.0,26.4
CMD-2024-14576,2025-05-23,2025-05-28,First Class,CUST-703,Consumer,Auvergne-Rhône-Alpes,Office Supplies,Binders,203.44,1,0.0,62.04
CMD-2024-14577,2024-05-16,2024-05-19,Standard Class,CUST-233,Consumer,Hauts-de-France,Technology,Machines,146.81,6,0.1,10.41
CMD-2024-14578,2024-06-23,2024-06-28,Same Day,CUST-262,Corporate,Auvergne-Rhône-Alpes,Technology,Accessories,197.53,2,0.3,32.98
CMD-2024-14579,2024-10-15,2024-10-18,Standard Class,CUST-172,Corporate,Hauts-de-France,Technology,Copiers,52.69,6,0.0,10.66
CMD-2024-14580,2025-04-25,2025-04-27,Standard Class,CUST-642,Corporate,Hauts-de-France,Technology,Accessories,441.58,2,0.7,-140.64
CMD-2024-14581,2024-01-19,2024-01-21,Same Day,CUST-730,Home Office,Occitanie,Office Supplies,Paper,543.7,2,0.7,-196.44
CMD-2024-14582,2024-07-13,2024-07-18,Standard Class,CUST-583,Home Office,Hauts-de-France,Technology,Copiers,146.39,7,0.1,27.03
CMD-2024-14583,2024-11-25,2024-11-27,Second Class,CUST-770,Home Office,Nouvelle-Aquitaine,Furniture,Furnishings,87.4,6,0.0,29.98
CMD-2024-14584,2024-06-23,2024-06-26,Second Class,CUST-354,Corporate,Nouvelle-Aquitaine,Furniture,Tables,48.39,1,0.0,16.87
CMD-2024-14585,2025-03-24,2025-03-27,First Class,CUST-717,Consumer,Occitanie,Furniture,Tables,268.28,2,0.0,52.66
CMD-2024-14586,2024-12-19,2024-12-23,Same Day,CUST-297,Corporate,Auvergne-Rhône-Alpes,Furniture,Furnishings,97.35,7,0.0,29.19
CMD-2024-14587,2025-05-13,2025-05-18,Second Class,CUST-526,Corporate,Auvergne-Rhône-Alpes,Office Supplies,Art,543.62,1,0.1,161.53
CMD-2024-14588,2024-05-20,2024-05-22,First Class,CUST-592,Consumer,Auvergne-Rhône-Alpes,Technology,Accessories,259.58,1,0.0,73.46
CMD-2024-14589,2024-04-02,2024-04-07,Standard Class,CUST-731,Consumer,Auvergne-Rhône-Alpes,Technology,Machines,243.27,6,0.2,4.8
CMD-2024-14590,2024-08-26,2024-08-28,First Class,CUST-181,Corporate,Nouvelle-Aquitaine,Furniture,Furnishings,195.32,4,0.0,47.65
CMD-2024-14591,2024-07-23,2024-07-27,First Class,CUST-407,Home Office,Nouvelle-Aquitaine,Office Supplies,Paper,25.31,7,0.0,5.41
CMD-2024-14592,2025-07-13,2025-07-16,Second Class,CUST-798,Home Office,Occitanie,Furniture,Furnishings,606.16,4,0.1,59.25
CMD-2024-14593,2025-03-08,2025-03-11,First Class,CUST-473,Consumer,Occitanie,Office Supplies,Paper,232.51,2,0.7,-85.27
CMD-2024-14594,2024-09-01,2024-09-02,Same Day,CUST-663,Corporate,Occitanie,Furniture,Chairs,1142.8,3,0.2,151.17
CMD-2024-14595,2024-11-12,2024-11-17,Standard Class,CUST-558,Home Office,Auvergne-Rhône-Alpes,Furniture,Bookcases,184.58,4,0.1,15.1
CMD-2024-14596,2024-10-21,2024-10-23,Same Day,CUST-600,Home Office,Auvergne-Rhône-Alpes,Technology,Copiers,287.42,7,0.2,43.44
CMD-2024-14597,2025-10-01,2025-10-02,Standard Class,CUST-456,Consumer,Nouvelle-Aquitaine,Furniture,Furnishings,27.73,6,0.2,7.43
CMD-2024-14598,2024-10-08,2024-10-13,Same Day,CUST-395,Corporate,Nouvelle-Aquitaine,Office Supplies,Storage,234.77,7,0.3,39.73
CMD-2024-14599,2024-01-17,2024-01-19,Standard Class,CUST-679,Consumer,Île-de-France,Technology,Phones,333.27,6,0.0,132.89
CMD-2024-14600,2024-03-11,2024-03-15,Same Day,CUST-399,Corporate,Île-de-France,Technology,Phones,346.63,4,0.3,-13.9
CMD-2024-14601,2024-09-25,2024-09-30,Standard Class,CUST-745,Corporate,Auvergne-Rhône-Alpes,Office Supplies,Envelopes,338.44,3,0.0,53.04
CMD-2024-14602,2024-11-20,2024-11-22,Second Class,CUST-442,Corporate,Nouvelle-Aquitaine,Furniture,Chairs,71.44,5,0.5,-3.57
CMD-2024-14603,2024-10-31,2024-11-03,First Class,CUST-219,Corporate,Auvergne-Rhône-Alpes,Technology,Accessories,830.09,2,0.0,138.39
CMD-2024-14604,2025-03-26,2025-03-31,First Class,CUST-668,Corporate,Hauts-de-France,Office Supplies,Storage,1188.79,7,0.5,-283.3
CMD-2024-14605,2024-01-07,2024-01-09,First Class,CUST-285,Corporate,Île-de-France,Technology,Machines,32.29,5,0.5,-4.41
CMD-2024-14606,2024-11-09,2024-11-12,First Class,CUST-683,Home Office,Occitanie,Office Supplies,Paper,621.29,5,0.0,126.44
CMD-2024-14607,2024-04-12,2024-04-15,Standard Class,CUST-257,Home Office,Auvergne-Rhône-Alpes,Technology,Copiers,90.18,1,0.7,-20.73
CMD-2024-14608,2024-07-11,2024-07-12,Same Day,CUST-327,Home Office,Hauts-de-France,Office Supplies,Art,272.15,1,0.0,104.27
CMD-2024-14609,2025-07-27,2025-07-29,Same Day,CUST-407,Home Office,Occitanie,Furniture,Furnishings,105.78,2,0.0,39.85
CMD-2024-14610,2025-06-12,2025-06-13,Second Class,CUST-333,Corporate,Hauts-de-France,Office Supplies,Paper,770.56,3,0.0,304.25
CMD-2024-14611,2024-06-19,2024-06-20,First Class,CUST-110,Home Office,Nouvelle-Aquitaine,Technology,Copiers,38.55,1,0.7,-15.96
CMD-2024-14612,2025-06-20,2025-06-24,First Class,CUST-274,Corporate,Nouvelle-Aquitaine,Office Supplies,Binders,166.5,7,0.1,46.4
CMD-2024-14613,2024-09-07,2024-09-08,Second Class,CUST-742,Consumer,Nouvelle-Aquitaine,Furniture,Bookcases,137.91,7,0.1,22.97
CMD-2024-14614,2025-01-21,2025-01-22,First Class,CUST-101,Consumer,Occitanie,Furniture,Tables,101.8,4,0.2,17.31
CMD-2024-14615,2024-07-25,2024-07-29,Second Class,CUST-281,Home Office,Occitanie,Furniture,Tables,243.17,7,0.5,-64.05
CMD-2024-14616,2025-06-24,2025-06-28,First Class,CUST-449,Corporate,Nouvelle-Aquitaine,Office Supplies,Art,45.9,2,0.2,8.34
CMD-2024-14617,2025-09-20,2025-09-25,Same Day,CUST-738,Home Office,Occitanie,Office Supplies,Paper,292.45,6,0.0,129.16
CMD-2024-14618,2025-02-19,2025-02-20,Second Class,CUST-481,Corporate,Nouvelle-Aquitaine,Technology,Accessories,882.26,5,0.0,143.88
CMD-2024-14619,2025-01-14,2025-01-17,Same Day,CUST-396,Home Office,Auvergne-Rhône-Alpes,Technology,Copiers,374.15,7,0.0,66.65
CMD-2024-14620,2024-05-23,2024-05-27,First Class,CUST-296,Consumer,Nouvelle-Aquitaine,Office Supplies,Paper,447.57,2,0.1,43.46
CMD-2024-14621,2024-01-25,2024-01-27,Same Day,CUST-385,Consumer,Île-de-France,Technology,Copiers,113.06,6,0.0,31.56
CMD-2024-14622,2025-10-29,2025-11-03,Same Day,CUST-655,Home Office,Auvergne-Rhône-Alpes,Office Supplies,Storage,101.43,6,0.0,24.06
CMD-2024-14623,2024-03-13,2024-03-18,Standard Class,CUST-621,Home Office,Nouvelle-Aquitaine,Furniture,Tables,175.12,1,0.3,21.38
CMD-2024-14624,2025-09-23,2025-09-24,First Class,CUST-324,Corporate,Île-de-France,Office Supplies,Storage,25.3,6,0.0,7.39
CMD-2024-14625,2024-04-02,2024-04-05,Standard Class,CUST-385,Consumer,Nouvelle-Aquitaine,Technology,Phones,654.53,3,0.1,134.42
CMD-2024-14626,2025-05-19,2025-05-23,Second Class,CUST-430,Home Office,Auvergne-Rhône-Alpes,Technology,Phones,49.15,6,0.0,17.95
CMD-2024-14627,2025-08-20,2025-08-22,Standard Class,CUST-660,Corporate,Nouvelle-Aquitaine,Office Supplies,Binders,528.3,6,0.0,136.61
CMD-2024-14628,2024-12-01,2024-12-02,First Class,CUST-262,Consumer,Occitanie,Office Supplies,Binders,34.2,5,0.0,8.75
CMD-2024-14629,2025-02-28,2025-03-03,Standard Class,CUST-292,Corporate,Nouvelle-Aquitaine,Office Supplies,Binders,395.49,3,0.0,149.13
CMD-2024-14630,2025-05-13,2025-05-14,Standard Class,CUST-244,Consumer,Auvergne-Rhône-Alpes,Technology,Accessories,51.26,2,0.3,5.84
CMD-2024-14631,2024-12-29,2024-12-30,First Class,CUST-770,Consumer,Hauts-de-France,Technology,Phones,23.55,3,0.0,3.63
CMD-2024-14632,2025-09-21,2025-09-26,Same Day,CUST-791,Corporate,Nouvelle-Aquitaine,Technology,Accessories,294.65,3,0.0,56.91
CMD-2024-14633,2024-07-17,2024-07-19,Second Class,CUST-637,Corporate,Occitanie,Office Supplies,Art,87.35,2,0.2,2.96
CMD-2024-14634,2025-12-18,2025-12-20,Standard Class,CUST-711,Consumer,Auvergne-Rhône-Alpes,Technology,Machines,290.77,5,0.2,21.95
CMD-2024-14635,2025-02-16,2025-02-18,First Class,CUST-722,Consumer,Île-de-France,Technology,Machines,193.17,7,0.2,11.09
CMD-2024-14636,2024-12-04,2024-12-06,Standard Class,CUST-369,Corporate,Hauts-de-France,Technology,Phones,40.34,8,0.5,-4.01
CMD-2024-14637,2025-10-20,2025-10-24,Second Class,CUST-150,Home Office,Nouvelle-Aquitaine,Technology,Accessories,606.84,6,0.2,132.56
CMD-2024-14638,2025-03-04,2025-03-08,Second Class,CUST-626,Corporate,Auvergne-Rhône-Alpes,Office Supplies,Paper,147.45,3,0.0,30.61
CMD-2024-14639,2024-05-18,2024-05-20,Second Class,CUST-227,Home Office,Occitanie,Furniture,Chairs,306.71,3,0.3,15.0
CMD-2024-14640,2025-11-23,2025-11-26,Standard Class,CUST-751,Corporate,Occitanie,Technology,Machines,167.94,7,0.1,28.61
CMD-2024-14641,2025-06-25,2025-06-29,Same Day,CUST-145,Home Office,Auvergne-Rhône-Alpes,Technology,Machines,219.0,2,0.0,66.08
CMD-2024-14642,2024-02-26,2024-03-01,Same Day,CUST-333,Home Office,Occitanie,Technology,Accessories,94.34,4,0.0,31.72
CMD-2024-14643,2024-08-19,2024-08-22,Same Day,CUST-547,Consumer,Hauts-de-France,Technology,Machines,64.19,7,0.0,26.84
CMD-2024-14644,2025-10-19,2025-10-21,First Class,CUST-683,Corporate,Île-de-France,Technology,Accessories,187.07,3,0.0,38.85
CMD-2024-14645,2025-03-10,2025-03-11,Same Day,CUST-542,Corporate,Occitanie,Office Supplies,Binders,142.65,1,0.0,25.12
CMD-2024-14646,2025-01-18,2025-01-22,Same Day,CUST-602,Corporate,Occitanie,Technology,Copiers,123.79,6,0.0,41.86
CMD-2024-14647,2025-07-13,2025-07-14,Second Class,CUST-706,Home Office,Île-de-France,Technology,Phones,260.62,6,0.3,-0.46
CMD-2024-14648,2024-07-12,2024-07-13,First Class,CUST-384,Home Office,Hauts-de-France,Furniture,Tables,273.02,7,0.5,-68.56
CMD-2024-14649,2025-10-09,2025-10-12,Second Class,CUST-231,Consumer,Hauts-de-France,Office Supplies,Binders,25.34,5,0.1,2.41
CMD-2024-14650,2025-06-17,2025-06-19,Standard Class,CUST-575,Home Office,Hauts-de-France,Furniture,Tables,106.0,7,0.3,5.05
CMD-2024-14651,2025-06-01,2025-06-02,Standard Class,CUST-643,Corporate,Occitanie,Office Supplies,Paper,131.74,3,0.0,31.64
CMD-2024-14652,2025-12-16,2025-12-18,Second Class,CUST-455,Home Office,Occitanie,Furniture,Tables,37.42,2,0.5,-0.03
CMD-2024-14653,2024-07-03,2024-07-08,First Class,CUST-136,Home Office,Hauts-de-France,Office Supplies,Envelopes,74.19,1,0.1,13.49
CMD-2024-14654,2024-10-18,2024-10-20,Same Day,CUST-737,Consumer,Occitanie,Technology,Phones,26.67,7,0.0,5.7
CMD-2024-14655,2024-11-30,2024-12-03,Same Day,CUST-237,Home Office,Nouvelle-Aquitaine,Office Supplies,Envelopes,1243.46,2,0.0,421.1
CMD-2024-14656,2024-04-25,2024-04-28,First Class,CUST-521,Corporate,Occitanie,Technology,Machines,308.46,7,0.0,68.87
CMD-2024-14657,2024-02-18,2024-02-23,Same Day,CUST-544,Corporate,Hauts-de-France,Furniture,Chairs,35.13,3,0.0,10.48
CMD-2024-14658,2025-11-15,2025-11-18,Same Day,CUST-711,Corporate,Auvergne-Rhône-Alpes,Office Supplies,Art,19.5,1,0.0,5.75
CMD-2024-14659,2024-03-22,2024-03-24,Second Class,CUST-341,Corporate,Hauts-de-France,Furniture,Tables,294.49,5,0.0,84.24
CMD-2024-14660,2024-11-28,2024-11-30,Standard Class,CUST-344,Consumer,Auvergne-Rhône-Alpes,Office Supplies,Binders,142.24,5,0.0,55.31
CMD-2024-14661,2025-07-10,2025-07-12,First Class,CUST-638,Consumer,Occitanie,Furniture,Bookcases,355.01,7,0.0,76.32
CMD-2024-14662,2024-11-30,2024-12-03,First Class,CUST-308,Corporate,Occitanie,Office Supplies,Envelopes,580.43,8,0.7,-121.14
CMD-2024-14663,2025-06-15,2025-06-17,Same Day,CUST-556,Corporate,Auvergne-Rhône-Alpes,Office Supplies,Art,216.2,5,0.0,83.76
CMD-2024-14664,2024-08-08,2024-08-12,Same Day,CUST-198,Home Office,Hauts-de-France,Office Supplies,Binders,60.57,8,0.0,15.14
CMD-2024-14665,2025-09-26,2025-10-01,Standard Class,CUST-601,Home Office,Île-de-France,Office Supplies,Envelopes,350.31,8,0.2,8.47
CMD-2024-14666,2024-11-18,2024-11-22,First Class,CUST-236,Home Office,Île-de-France,Office Supplies,Envelopes,701.25,4,0.3,-25.34
CMD-2024-14667,2024-01-03,2024-01-05,Second Class,CUST-286,Home Office,Hauts-de-France,Office Supplies,Art,205.97,2,0.0,51.45
CMD-2024-14668,2025-11-24,2025-11-27,Standard Class,CUST-135,Home Office,Occitanie,Furniture,Bookcases,267.05,3,0.3,12.57
CMD-2024-14669,2024-07-24,2024-07-29,Second Class,CUST-729,Corporate,Auvergne-Rhône-Alpes,Technology,Copiers,105.57,1,0.0,17.3
CMD-2024-14670,2024-02-09,2024-02-13,Standard Class,CUST-769,Home Office,Auvergne-Rhône-Alpes,Office Supplies,Binders,120.71,7,0.0,51.22
CMD-2024-14671,2024-02-28,2024-03-01,Second Class,CUST-578,Home Office,Hauts-de-France,Office Supplies,Paper,306.88,7,0.0,55.12
CMD-2024-14672,2025-07-27,2025-07-30,Second Class,CUST-780,Home Office,Hauts-de-France,Office Supplies,Art,593.14,6,0.1,85.28
CMD-2024-14673,2025-10-05,2025-10-07,Second Class,CUST-154,Consumer,Nouvelle-Aquitaine,Office Supplies,Envelopes,233.13,6,0.0,42.61
CMD-2024-14674,2025-05-21,2025-05-25,First Class,CUST-570,Consumer,Auvergne-Rhône-Alpes,Office Supplies,Envelopes,358.18,2,0.2,16.84
CMD-2024-14675,2025-07-25,2025-07-29,Same Day,CUST-183,Consumer,Nouvelle-Aquitaine,Technology,Machines,56.43,3,0.0,22.65
CMD-2024-14676,2024-05-01,2024-05-06,First Class,CUST-105,Corporate,Occitanie,Technology,Phones,67.41,4,0.2,10.42
CMD-2024-14677,2025-04-23,2025-04-26,Second Class,CUST-462,Consumer,Auvergne-Rhône-Alpes,Technology,Copiers,182.06,3,0.0,39.72
CMD-2024-14678,2025-09-10,2025-09-11,Same Day,CUST-763,Home Office,Hauts-de-France,Technology,Machines,57.74,2,0.1,18.57
CMD-2024-14679,2024-04-05,2024-04-07,Second Class,CUST-269,Home Office,Hauts-de-France,Furniture,Furnishings,236.73,3,0.1,71.07
CMD-2024-14680,2025-02-17,2025-02-20,Standard Class,CUST-348,Home Office,Occitanie,Office Supplies,Binders,90.86,6,0.2,17.82
CMD-2024-14681,2024-08-22,2024-08-23,Same Day,CUST-761,Corporate,Île-de-France,Office Supplies,Storage,359.95,6,0.0,145.52
CMD-2024-14682,2024-03-02,2024-03-05,First Class,CUST-309,Consumer,Nouvelle-Aquitaine,Furniture,Tables,378.18,1,0.3,24.92
CMD-2024-14683,2024-09-12,2024-09-14,Second Class,CUST-343,Consumer,Hauts-de-France,Technology,Copiers,152.11,4,0.2,18.32
CMD-2024-14684,2025-07-14,2025-07-16,Same Day,CUST-240,Home Office,Auvergne-Rhône-Alpes,Technology,Machines,58.88,6,0.0,15.44
CMD-2024-14685,2024-12-13,2024-12-18,First Class,CUST-731,Home Office,Auvergne-Rhône-Alpes,Furniture,Bookcases,243.94,1,0.7,-100.72
CMD-2024-14686,2025-11-01,2025-11-05,Standard Class,CUST-279,Consumer,Auvergne-Rhône-Alpes,Technology,Phones,1100.01,4,0.2,150.95
CMD-2024-14687,2024-05-03,2024-05-07,Second Class,CUST-736,Consumer,Occitanie,Technology,Accessories,229.37,6,0.1,74.97
CMD-2024-14688,2025-04-26,2025-04-30,First Class,CUST-116,Home Office,Île-de-France,Furniture,Chairs,23.01,4,0.0,7.55
CMD-2024-14689,2024-11-12,2024-11-17,Same Day,CUST-115,Consumer,Nouvelle-Aquitaine,Technology,Copiers,18.84,8,0.1,6.33
CMD-2024-14690,2025-05-18,2025-05-22,Standard Class,CUST-484,Consumer,Auvergne-Rhône-Alpes,Office Supplies,Storage,99.96,3,0.0,25.7
CMD-2024-14691,2025-12-19,2025-12-22,Second Class,CUST-440,Corporate,Auvergne-Rhône-Alpes,Technology,Copiers,62.94,1,0.0,22.57
CMD-2024-14692,2024-02-17,2024-02-21,First Class,CUST-145,Home Office,Hauts-de-France,Technology,Phones,383.92,4,0.0,132.3
CMD-2024-14693,2025-02-12,2025-02-16,Standard Class,CUST-603,Consumer,Île-de-France,Technology,Machines,424.88,7,0.2,72.71
CMD-2024-14694,2024-05-15,2024-05-17,Standard Class,CUST-242,Corporate,Hauts-de-France,Technology,Accessories,80.83,4,0.0,27.77
CMD-2024-14695,2024-07-19,2024-07-24,First Class,CUST-384,Corporate,Occitanie,Office Supplies,Binders,101.68,3,0.3,-5.44
CMD-2024-14696,2024-09-06,2024-09-11,Second Class,CUST-454,Corporate,Occitanie,Office Supplies,Art,74.29,6,0.0,14.34
CMD-2024-14697,2024-11-09,2024-11-13,First Class,CUST-624,Corporate,Nouvelle-Aquitaine,Furniture,Tables,540.83,6,0.0,239.91
CMD-2024-14698,2025-01-02,2025-01-03,Standard Class,CUST-656,Corporate,Occitanie,Office Supplies,Storage,168.66,7,0.2,-2.77
CMD-2024-14699,2025-03-04,2025-03-06,Standard Class,CUST-146,Corporate,Nouvelle-Aquitaine,Furniture,Chairs,249.85,2,0.1,50.05
CMD-2024-14700,2025-04-24,2025-04-28,Same Day,CUST-627,Corporate,Hauts-de-France,Office Supplies,Storage,133.13,2,0.0,36.95
CMD-2024-14701,2024-11-09,2024-11-10,Second Class,CUST-206,Home Office,Auvergne-Rhône-Alpes,Technology,Phones,234.34,6,0.0,60.46
CMD-2024-14702,2025-05-14,2025-05-17,First Class,CUST-102,Home Office,Auvergne-Rhône-Alpes,Furniture,Furnishings,122.26,8,0.0,47.02
CMD-2024-14703,2025-12-21,2025-12-23,Second Class,CUST-715,Home Office,Île-de-France,Office Supplies,Paper,106.31,7,0.1,30.15
CMD-2024-14704,2024-12-20,2024-12-25,Second Class,CUST-194,Corporate,Occitanie,Office Supplies,Storage,236.42,5,0.0,99.67
CMD-2024-14705,2025-04-29,2025-04-30,Standard Class,CUST-232,Consumer,Île-de-France,Office Supplies,Paper,211.72,5,0.2,18.77
CMD-2024-14706,2024-07-29,2024-08-02,Same Day,CUST-300,Corporate,Île-de-France,Technology,Copiers,91.44,7,0.1,20.96
CMD-2024-14707,2025-12-04,2025-12-05,First Class,CUST-353,Home Office,Auvergne-Rhône-Alpes,Technology,Accessories,50.59,4,0.0,21.13
CMD-2024-14708,2024-02-13,2024-02-18,First Class,CUST-282,Home Office,Occitanie,Office Supplies,Art,116.15,6,0.0,52.05
CMD-2024-14709,2025-06-24,2025-06-27,Same Day,CUST-249,Corporate,Auvergne-Rhône-Alpes,Technology,Phones,133.03,2,0.0,58.64
CMD-2024-14710,2025-07-24,2025-07-25,Same Day,CUST-648,Home Office,Île-de-France,Technology,Copiers,232.95,4,0.0,85.11
CMD-2024-14711,2025-08-05,2025-08-09,Standard Class,CUST-589,Consumer,Occitanie,Technology,Copiers,556.11,1,0.1,57.26
CMD-2024-14712,2024-04-01,2024-04-02,Standard Class,CUST-604,Consumer,Auvergne-Rhône-Alpes,Technology,Phones,23.11,7,0.1,1.55
CMD-2024-14713,2024-09-21,2024-09-24,First Class,CUST-512,Consumer,Nouvelle-Aquitaine,Technology,Accessories,76.44,7,0.2,16.63
CMD-2024-14714,2024-08-07,2024-08-08,Same Day,CUST-607,Corporate,Nouvelle-Aquitaine,Furniture,Chairs,62.37,8,0.0,25.09
CMD-2024-14715,2025-03-17,2025-03-20,Second Class,CUST-750,Home Office,Hauts-de-France,Furniture,Tables,168.5,2,0.5,-12.82
CMD-2024-14716,2025-02-04,2025-02-07,Second Class,CUST-711,Home Office,Hauts-de-France,Office Supplies,Paper,138.55,2,0.0,32.42
CMD-2024-14717,2025-02-03,2025-02-05,Same Day,CUST-503,Consumer,Occitanie,Technology,Machines,302.27,2,0.0,103.36
CMD-2024-14718,2025-12-27,2025-12-29,First Class,CUST-335,Home Office,Hauts-de-France,Technology,Accessories,76.08,7,0.2,4.94
CMD-2024-14719,2025-07-29,2025-08-02,Second Class,CUST-695,Corporate,Occitanie,Furniture,Tables,213.58,5,0.3,3.25
CMD-2024-14720,2025-05-04,2025-05-08,Second Class,CUST-644,Consumer,Île-de-France,Furniture,Chairs,488.65,3,0.0,129.36
CMD-2024-14721,2025-04-29,2025-05-03,Same Day,CUST-732,Corporate,Nouvelle-Aquitaine,Furniture,Bookcases,546.41,8,0.2,133.37
CMD-2024-14722,2025-04-14,2025-04-17,Standard Class,CUST-641,Corporate,Occitanie,Office Supplies,Storage,716.57,3,0.3,-35.65
CMD-2024-14723,2025-07-27,2025-07-30,Second Class,CUST-533,Home Office,Île-de-France,Technology,Phones,341.47,8,0.2,48.93
CMD-2024-14724,2025-11-12,2025-11-14,Standard Class,CUST-645,Corporate,Nouvelle-Aquitaine,Office Supplies,Art,535.15,7,0.0,138.23
CMD-2024-14725,2025-03-20,2025-03-23,Second Class,CUST-744,Consumer,Auvergne-Rhône-Alpes,Furniture,Bookcases,73.8,5,0.3,5.82
CMD-2024-14726,2024-09-25,2024-09-27,First Class,CUST-307,Corporate,Île-de-France,Technology,Machines,63.43,8,0.2,8.84
CMD-2024-14727,2024-09-23,2024-09-24,Standard Class,CUST-239,Home Office,Auvergne-Rhône-Alpes,Office Supplies,Envelopes,16.43,6,0.2,4.06
CMD-2024-14728,2024-02-23,2024-02-27,First Class,CUST-687,Corporate,Hauts-de-France,Furniture,Chairs,284.95,6,0.2,0.14
CMD-2024-14729,2025-06-11,2025-06-15,Standard Class,CUST-686,Corporate,Occitanie,Technology,Accessories,624.85,7,0.7,-258.57
CMD-2024-14730,2025-06-03,2025-06-08,Same Day,CUST-406,Home Office,Nouvelle-Aquitaine,Technology,Machines,60.53,7,0.0,23.0
CMD-2024-14731,2025-09-07,2025-09-09,Same Day,CUST-669,Home Office,Hauts-de-France,Technology,Machines,237.9,5,0.0,62.01
CMD-2024-14732,2024-02-28,2024-03-04,Second Class,CUST-197,Home Office,Île-de-France,Furniture,Furnishings,316.89,5,0.1,34.77
CMD-2024-14733,2024-02-09,2024-02-13,First Class,CUST-224,Home Office,Hauts-de-France,Technology,Phones,592.66,6,0.0,178.39
CMD-2024-14734,2024-08-24,2024-08-29,Standard Class,CUST-448,Home Office,Auvergne-Rhône-Alpes,Technology,Copiers,244.0,3,0.0,84.34
CMD-2024-14735,2025-01-20,2025-01-21,First Class,CUST-233,Home Office,Auvergne-Rhône-Alpes,Technology,Phones,788.61,4,0.1,57.92
CMD-2024-14736,2025-08-28,2025-09-02,First Class,CUST-325,Home Office,Occitanie,Office Supplies,Binders,107.98,5,0.0,25.64
CMD-2024-14737,2025-12-16,2025-12-17,Second Class,CUST-648,Corporate,Hauts-de-France,Office Supplies,Storage,109.75,4,0.2,23.36
CMD-2024-14738,2025-10-11,2025-10-15,Same Day,CUST-749,Corporate,Nouvelle-Aquitaine,Office Supplies,Storage,187.28,4,0.3,6.76
CMD-2024-14739,2024-10-26,2024-10-29,Standard Class,CUST-667,Corporate,Auvergne-Rhône-Alpes,Technology,Phones,121.41,1,0.0,19.5
CMD-2024-14740,2025-01-29,2025-01-31,Second Class,CUST-438,Consumer,Île-de-France,Office Supplies,Binders,15.31,3,0.5,-3.3
CMD-2024-14741,2024-07-25,2024-07-30,First Class,CUST-421,Home Office,Hauts-de-France,Office Supplies,Art,304.5,8,0.0,104.06
CMD-2024-14742,2024-12-01,2024-12-02,Same Day,CUST-186,Corporate,Nouvelle-Aquitaine,Office Supplies,Envelopes,321.5,7,0.3,-19.35
CMD-2024-14743,2025-08-15,2025-08-19,Same Day,CUST-194,Home Office,Nouvelle-Aquitaine,Furniture,Furnishings,317.34,4,0.3,40.69
CMD-2024-14744,2025-12-30,2026-01-03,Standard Class,CUST-295,Consumer,Nouvelle-Aquitaine,Furniture,Bookcases,108.09,7,0.0,38.15
CMD-2024-14745,2025-05-28,2025-05-31,Same Day,CUST-291,Home Office,Nouvelle-Aquitaine,Office Supplies,Paper,177.53,7,0.0,51.73
CMD-2024-14746,2024-06-26,2024-06-30,First Class,CUST-755,Corporate,Auvergne-Rhône-Alpes,Technology,Phones,113.17,3,0.0,48.06
CMD-2024-14747,2025-01-30,2025-02-03,Same Day,CUST-621,Consumer,Occitanie,Furniture,Tables,18.56,3,0.3,-0.05
CMD-2024-14748,2025-01-05,2025-01-08,First Class,CUST-760,Home Office,Hauts-de-France,Office Supplies,Paper,196.84,1,0.3,-9.74
CMD-2024-14749,2025-10-19,2025-10-23,Standard Class,CUST-751,Consumer,Auvergne-Rhône-Alpes,Office Supplies,Storage,44.07,8,0.0,15.35
CMD-2024-14750,2024-11-13,2024-11-14,First Class,CUST-112,Home Office,Occitanie,Office Supplies,Paper,33.35,7,0.1,7.74
CMD-2024-14751,2025-01-03,2025-01-08,Same Day,CUST-353,Consumer,Nouvelle-Aquitaine,Office Supplies,Envelopes,324.88,6,0.0,81.41
CMD-2024-14752,2025-01-18,2025-01-23,Same Day,CUST-180,Corporate,Île-de-France,Technology,Copiers,17.1,8,0.1,2.79
CMD-2024-14753,2024-03-02,2024-03-03,Standard Class,CUST-472,Home Office,Nouvelle-Aquitaine,Technology,Phones,717.77,8,0.7,-258.78
CMD-2024-14754,2025-05-19,2025-05-24,Standard Class,CUST-493,Home Office,Occitanie,Furniture,Furnishings,174.31,3,0.0,41.37
CMD-2024-14755,2024-08-26,2024-08-30,Same Day,CUST-517,Home Office,Occitanie,Furniture,Bookcases,911.61,4,0.5,-79.24
CMD-2024-14756,2024-07-13,2024-07-18,Standard Class,CUST-158,Corporate,Île-de-France,Technology,Copiers,28.14,6,0.3,2.12
CMD-2024-14757,2025-11-08,2025-11-13,First Class,CUST-227,Consumer,Auvergne-Rhône-Alpes,Technology,Phones,207.71,6,0.7,-72.23
CMD-2024-14758,2024-08-09,2024-08-13,Second Class,CUST-640,Corporate,Île-de-France,Furniture,Tables,109.54,2,0.0,29.51
CMD-2024-14759,2024-03-01,2024-03-06,First Class,CUST-432,Consumer,Nouvelle-Aquitaine,Office Supplies,Envelopes,423.01,4,0.0,109.78
CMD-2024-14760,2024-05-08,2024-05-12,First Class,CUST-381,Home Office,Hauts-de-France,Office Supplies,Binders,113.6,4,0.0,26.7
CMD-2024-14761,2025-11-15,2025-11-18,Standard Class,CUST-679,Consumer,Auvergne-Rhône-Alpes,Office Supplies,Storage,81.39,3,0.2,-0.35
CMD-2024-14762,2024-06-04,2024-06-07,Second Class,CUST-306,Consumer,Hauts-de-France,Office Supplies,Envelopes,443.73,4,0.1,62.33
CMD-2024-14763,2025-01-12,2025-01-17,Same Day,CUST-371,Home Office,Hauts-de-France,Furniture,Furnishings,118.28,8,0.0,29.14
CMD-2024-14764,2025-09-13,2025-09-16,Standard Class,CUST-408,Home Office,Auvergne-Rhône-Alpes,Office Supplies,Art,18.73,7,0.2,2.52
CMD-2024-14765,2025-08-08,2025-08-13,First Class,CUST-502,Consumer,Nouvelle-Aquitaine,Furniture,Furnishings,123.85,2,0.0,47.33
CMD-2024-14766,2025-03-12,2025-03-15,Second Class,CUST-274,Home Office,Occitanie,Office Supplies,Art,248.82,3,0.0,66.86
CMD-2024-14767,2024-07-25,2024-07-30,Standard Class,CUST-317,Home Office,Nouvelle-Aquitaine,Office Supplies,Art,79.57,5,0.0,34.49
CMD-2024-14768,2025-01-22,2025-01-24,First Class,CUST-771,Consumer,Occitanie,Office Supplies,Art,139.43,4,0.0,55.52
CMD-2024-14769,2025-04-24,2025-04-25,First Class,CUST-425,Corporate,Occitanie,Furniture,Tables,27.85,4,0.0,12.41
CMD-2024-14770,2024-12-05,2024-12-08,Same Day,CUST-352,Corporate,Auvergne-Rhône-Alpes,Technology,Phones,210.13,1,0.0,86.75
CMD-2024-14771,2024-12-05,2024-12-09,Same Day,CUST-553,Home Office,Auvergne-Rhône-Alpes,Technology,Copiers,325.6,5,0.3,21.17
CMD-2024-14772,2024-07-22,2024-07-23,Second Class,CUST-288,Consumer,Île-de-France,Technology,Phones,132.32,5,0.2,19.79
CMD-2024-14773,2024-06-09,2024-06-14,First Class,CUST-542,Home Office,Hauts-de-France,Technology,Machines,134.93,7,0.0,25.48
CMD-2024-14774,2025-06-23,2025-06-24,First Class,CUST-229,Corporate,Hauts-de-France,Technology,Copiers,35.33,2,0.2,6.6
CMD-2024-14775,2025-01-26,2025-01-30,Same Day,CUST-584,Corporate,Hauts-de-France,Technology,Machines,64.63,7,0.1,15.52
CMD-2024-14776,2025-11-07,2025-11-11,First Class,CUST-102,Consumer,Hauts-de-France,Furniture,Furnishings,51.97,5,0.0,15.7
CMD-2024-14777,2025-07-28,2025-08-02,Same Day,CUST-450,Consumer,Île-de-France,Office Supplies,Storage,159.58,7,0.2,28.4
CMD-2024-14778,2025-06-17,2025-06-20,First Class,CUST-654,Corporate,Occitanie,Technology,Machines,180.76,8,0.2,18.66
CMD-2024-14779,2024-03-10,2024-03-13,Same Day,CUST-232,Consumer,Île-de-France,Office Supplies,Storage,669.45,7,0.1,145.38
CMD-2024-14780,2025-02-08,2025-02-10,Same Day,CUST-789,Corporate,Auvergne-Rhône-Alpes,Office Supplies,Art,31.73,1,0.1,5.7
CMD-2024-14781,2025-08-30,2025-09-03,Second Class,CUST-593,Home Office,Nouvelle-Aquitaine,Furniture,Tables,216.51,8,0.2,40.1
CMD-2024-14782,2025-11-05,2025-11-07,First Class,CUST-365,Corporate,Occitanie,Office Supplies,Storage,179.47,2,0.0,74.12
CMD-2024-14783,2025-08-13,2025-08-17,First Class,CUST-123,Corporate,Occitanie,Technology,Phones,174.75,7,0.3,23.11
CMD-2024-14784,2025-05-31,2025-06-02,Same Day,CUST-633,Consumer,Île-de-France,Technology,Copiers,469.26,7,0.0,181.04
CMD-2024-14785,2024-04-29,2024-05-02,First Class,CUST-102,Consumer,Auvergne-Rhône-Alpes,Furniture,Chairs,65.62,5,0.3,-7.6
CMD-2024-14786,2025-11-20,2025-11-24,Same Day,CUST-769,Consumer,Auvergne-Rhône-Alpes,Technology,Copiers,24.16,2,0.0,10.23
CMD-2024-14787,2025-11-18,2025-11-21,Second Class,CUST-526,Home Office,Occitanie,Furniture,Tables,260.43,8,0.0,60.54
CMD-2024-14788,2024-08-04,2024-08-05,Second Class,CUST-103,Consumer,Île-de-France,Furniture,Furnishings,108.14,5,0.1,35.3
CMD-2024-14789,2024-02-25,2024-02-28,Same Day,CUST-718,Home Office,Hauts-de-France,Technology,Accessories,18.9,5,0.0,3.95
CMD-2024-14790,2024-12-31,2025-01-04,Standard Class,CUST-602,Consumer,Occitanie,Technology,Machines,78.69,7,0.3,0.94
CMD-2024-14791,2025-11-29,2025-11-30,Second Class,CUST-331,Consumer,Hauts-de-France,Technology,Copiers,96.42,6,0.0,36.14
CMD-2024-14792,2025-05-18,2025-05-20,First Class,CUST-171,Corporate,Nouvelle-Aquitaine,Furniture,Tables,226.05,5,0.2,36.64
CMD-2024-14793,2025-03-30,2025-04-04,Same Day,CUST-187,Corporate,Auvergne-Rhône-Alpes,Furniture,Furnishings,56.68,7,0.0,15.57
CMD-2024-14794,2024-04-13,2024-04-17,Same Day,CUST-627,Corporate,Occitanie,Technology,Copiers,132.22,4,0.0,46.75
CMD-2024-14795,2024-03-17,2024-03-22,Second Class,CUST-702,Home Office,Nouvelle-Aquitaine,Technology,Machines,159.91,5,0.0,50.32
CMD-2024-14796,2024-08-17,2024-08-22,Same Day,CUST-549,Consumer,Hauts-de-France,Technology,Phones,150.25,4,0.1,21.44
CMD-2024-14797,2024-09-14,2024-09-15,Second Class,CUST-538,Corporate,Occitanie,Technology,Phones,817.42,8,0.2,133.97
CMD-2024-14798,2024-09-20,2024-09-22,Same Day,CUST-631,Consumer,Nouvelle-Aquitaine,Office Supplies,Art,25.25,3,0.1,3.06
CMD-2024-14799,2024-11-26,2024-11-29,Second Class,CUST-534,Corporate,Occitanie,Technology,Phones,678.36,6,0.7,-184.38
CMD-2024-14800,2024-06-30,2024-07-01,First Class,CUST-183,Consumer,Nouvelle-Aquitaine,Office Supplies,Binders,206.87,8,0.2,-6.01
CMD-2024-14801,2025-07-03,2025-07-05,Standard Class,CUST-438,Corporate,Nouvelle-Aquitaine,Office Supplies,Art,364.43,1,0.5,-49.33
CMD-2024-14802,2025-11-18,2025-11-21,Standard Class,CUST-225,Corporate,Hauts-de-France,Technology,Machines,138.82,2,0.0,37.53
CMD-2024-14803,2024-01-27,2024-01-30,Standard Class,CUST-662,Corporate,Auvergne-Rhône-Alpes,Furniture,Chairs,148.06,2,0.0,35.67
CMD-2024-14804,2024-10-02,2024-10-04,Standard Class,CUST-117,Corporate,Île-de-France,Office Supplies,Storage,480.23,3,0.0,146.33
CMD-2024-14805,2025-10-13,2025-10-16,Second Class,CUST-728,Corporate,Nouvelle-Aquitaine,Office Supplies,Art,512.8,5,0.0,176.19
CMD-2024-14806,2024-10-25,2024-10-29,Same Day,CUST-735,Consumer,Auvergne-Rhône-Alpes,Furniture,Tables,75.0,1,0.1,26.22
CMD-2024-14807,2024-03-31,2024-04-04,Standard Class,CUST-639,Corporate,Île-de-France,Office Supplies,Envelopes,63.88,3,0.1,19.8
CMD-2024-14808,2025-04-24,2025-04-25,Same Day,CUST-444,Consumer,Hauts-de-France,Office Supplies,Art,165.84,3,0.1,45.63
CMD-2024-14809,2025-07-26,2025-07-29,Second Class,CUST-567,Corporate,Occitanie,Technology,Phones,522.18,2,0.2,59.37
CMD-2024-14810,2025-04-02,2025-04-05,Second Class,CUST-240,Consumer,Auvergne-Rhône-Alpes,Office Supplies,Art,100.61,4,0.7,-36.46
CMD-2024-14811,2025-03-26,2025-03-28,Standard Class,CUST-105,Corporate,Occitanie,Furniture,Furnishings,247.23,8,0.3,-27.25
CMD-2024-14812,2024-12-30,2025-01-03,First Class,CUST-768,Corporate,Occitanie,Furniture,Bookcases,285.93,8,0.0,73.69
CMD-2024-14813,2025-11-05,2025-11-10,Standard Class,CUST-717,Corporate,Île-de-France,Office Supplies,Envelopes,346.79,4,0.0,140.28
CMD-2024-14814,2024-12-16,2024-12-17,Same Day,CUST-730,Home Office,Auvergne-Rhône-Alpes,Office Supplies,Paper,197.59,5,0.0,52.4
CMD-2024-14815,2025-10-16,2025-10-20,Standard Class,CUST-748,Consumer,Nouvelle-Aquitaine,Furniture,Furnishings,128.28,5,0.0,37.01
CMD-2024-14816,2025-02-03,2025-02-05,Second Class,CUST-640,Consumer,Île-de-France,Technology,Copiers,765.58,7,0.1,108.37
CMD-2024-14817,2024-09-09,2024-09-10,Second Class,CUST-777,Corporate,Auvergne-Rhône-Alpes,Furniture,Furnishings,222.91,7,0.1,31.71
CMD-2024-14818,2025-04-03,2025-04-08,Same Day,CUST-164,Corporate,Nouvelle-Aquitaine,Office Supplies,Paper,301.89,8,0.0,50.89
CMD-2024-14819,2025-11-29,2025-11-30,Same Day,CUST-155,Corporate,Occitanie,Office Supplies,Binders,108.08,3,0.2,16.66
CMD-2024-14820,2025-05-13,2025-05-17,Same Day,CUST-195,Home Office,Hauts-de-France,Office Supplies,Art,258.87,5,0.2,27.03
CMD-2024-14821,2025-05-22,2025-05-27,Standard Class,CUST-314,Corporate,Hauts-de-France,Office Supplies,Paper,80.59,4,0.0,26.74
CMD-2024-14822,2024-10-30,2024-11-01,Standard Class,CUST-157,Corporate,Île-de-France,Furniture,Tables,76.86,8,0.0,24.14
CMD-2024-14823,2025-05-15,2025-05-16,First Class,CUST-591,Consumer,Nouvelle-Aquitaine,Technology,Accessories,290.94,1,0.3,34.81
CMD-2024-14824,2025-08-20,2025-08-24,Same Day,CUST-504,Home Office,Nouvelle-Aquitaine,Furniture,Chairs,177.11,2,0.1,50.53
CMD-2024-14825,2024-06-14,2024-06-16,First Class,CUST-283,Consumer,Hauts-de-France,Office Supplies,Art,267.94,4,0.0,102.2
CMD-2024-14826,2025-02-18,2025-02-23,First Class,CUST-381,Home Office,Nouvelle-Aquitaine,Furniture,Chairs,84.07,7,0.0,25.2
CMD-2024-14827,2025-04-06,2025-04-07,Second Class,CUST-262,Home Office,Auvergne-Rhône-Alpes,Furniture,Tables,215.88,6,0.0,55.3
CMD-2024-14828,2024-04-23,2024-04-26,First Class,CUST-188,Consumer,Auvergne-Rhône-Alpes,Furniture,Chairs,144.11,5,0.0,61.97
CMD-2024-14829,2025-03-08,2025-03-12,Second Class,CUST-196,Consumer,Hauts-de-France,Technology,Phones,214.92,2,0.3,-22.29
CMD-2024-14830,2024-12-21,2024-12-25,Same Day,CUST-686,Home Office,Occitanie,Technology,Copiers,90.62,6,0.0,17.74
CMD-2024-14831,2025-11-25,2025-11-28,Second Class,CUST-187,Home Office,Occitanie,Furniture,Chairs,291.51,8,0.0,80.42
CMD-2024-14832,2024-07-25,2024-07-27,Same Day,CUST-617,Corporate,Occitanie,Technology,Accessories,375.7,2,0.0,125.55
CMD-2024-14833,2024-08-22,2024-08-26,Standard Class,CUST-767,Corporate,Hauts-de-France,Technology,Phones,81.22,3,0.2,-2.24
CMD-2024-14834,2025-03-17,2025-03-19,First Class,CUST-162,Consumer,Île-de-France,Technology,Machines,93.66,8,0.0,34.26
CMD-2024-14835,2024-12-20,2024-12-25,Same Day,CUST-640,Home Office,Nouvelle-Aquitaine,Furniture,Bookcases,253.09,5,0.0,80.39
CMD-2024-14836,2025-05-29,2025-06-01,Standard Class,CUST-290,Consumer,Auvergne-Rhône-Alpes,Technology,Accessories,276.66,3,0.1,56.83
CMD-2024-14837,2024-07-26,2024-07-28,Standard Class,CUST-377,Corporate,Auvergne-Rhône-Alpes,Office Supplies,Storage,282.9,8,0.0,78.38
CMD-2024-14838,2025-12-09,2025-12-14,Same Day,CUST-638,Corporate,Île-de-France,Furniture,Furnishings,267.54,2,0.0,81.83
CMD-2024-14839,2024-05-04,2024-05-05,Second Class,CUST-184,Corporate,Nouvelle-Aquitaine,Office Supplies,Envelopes,124.76,3,0.0,24.77
CMD-2024-14840,2024-05-17,2024-05-21,Same Day,CUST-434,Home Office,Occitanie,Office Supplies,Paper,125.5,8,0.2,0.33
CMD-2024-14841,2024-12-04,2024-12-07,First Class,CUST-540,Consumer,Auvergne-Rhône-Alpes,Technology,Phones,79.71,8,0.7,-31.33
CMD-2024-14842,2025-06-20,2025-06-21,Standard Class,CUST-749,Home Office,Occitanie,Furniture,Tables,52.53,5,0.0,19.06
CMD-2024-14843,2024-03-08,2024-03-09,Second Class,CUST-271,Home Office,Occitanie,Office Supplies,Envelopes,274.5,4,0.0,89.62
CMD-2024-14844,2025-07-26,2025-07-27,Same Day,CUST-438,Corporate,Hauts-de-France,Office Supplies,Storage,36.52,1,0.0,10.74
CMD-2024-14845,2025-06-24,2025-06-26,Same Day,CUST-767,Corporate,Hauts-de-France,Office Supplies,Storage,626.0,6,0.2,88.55
CMD-2024-14846,2025-01-17,2025-01-21,Standard Class,CUST-328,Consumer,Nouvelle-Aquitaine,Office Supplies,Paper,400.58,4,0.1,91.24
CMD-2024-14847,2024-01-19,2024-01-22,Same Day,CUST-278,Home Office,Auvergne-Rhône-Alpes,Technology,Machines,443.66,8,0.2,27.56
CMD-2024-14848,2025-11-13,2025-11-17,First Class,CUST-346,Consumer,Hauts-de-France,Technology,Machines,536.75,2,0.2,-0.41
CMD-2024-14849,2025-03-25,2025-03-29,Second Class,CUST-773,Consumer,Nouvelle-Aquitaine,Furniture,Bookcases,130.56,8,0.5,-4.04
CMD-2024-14850,2024-03-14,2024-03-18,First Class,CUST-774,Consumer,Île-de-France,Furniture,Furnishings,427.58,4,0.3,25.64
CMD-2024-14851,2025-07-26,2025-07-31,Standard Class,CUST-416,Consumer,Occitanie,Technology,Copiers,52.85,3,0.2,9.48
CMD-2024-14852,2025-10-26,2025-10-31,Second Class,CUST-385,Corporate,Auvergne-Rhône-Alpes,Office Supplies,Binders,19.81,5,0.1,3.95
CMD-2024-14853,2024-10-02,2024-10-07,Standard Class,CUST-175,Consumer,Auvergne-Rhône-Alpes,Furniture,Tables,353.05,4,0.0,133.08
CMD-2024-14854,2024-02-17,2024-02-22,Standard Class,CUST-551,Corporate,Nouvelle-Aquitaine,Technology,Accessories,32.1,4,0.1,7.55
CMD-2024-14855,2024-07-29,2024-08-02,First Class,CUST-303,Consumer,Hauts-de-France,Office Supplies,Storage,997.86,5,0.1,75.98
CMD-2024-14856,2025-10-12,2025-10-16,Second Class,CUST-523,Corporate,Occitanie,Office Supplies,Binders,262.13,3,0.1,85.72
CMD-2024-14857,2025-09-13,2025-09-16,Standard Class,CUST-292,Consumer,Occitanie,Furniture,Chairs,323.04,1,0.0,78.07
CMD-2024-14858,2025-11-25,2025-11-28,First Class,CUST-392,Home Office,Auvergne-Rhône-Alpes,Office Supplies,Paper,77.06,4,0.2,0.88
CMD-2024-14859,2025-06-23,2025-06-26,First Class,CUST-512,Home Office,Auvergne-Rhône-Alpes,Office Supplies,Paper,261.5,6,0.1,22.6
CMD-2024-14860,2025-12-09,2025-12-12,Second Class,CUST-538,Corporate,Occitanie,Furniture,Bookcases,24.72,2,0.1,6.83
CMD-2024-14861,2024-07-09,2024-07-12,Same Day,CUST-400,Corporate,Île-de-France,Technology,Accessories,415.2,7,0.0,149.97
CMD-2024-14862,2024-11-10,2024-11-15,Same Day,CUST-359,Consumer,Nouvelle-Aquitaine,Technology,Accessories,55.89,3,0.0,20.12
CMD-2024-14863,2025-07-16,2025-07-20,Standard Class,CUST-291,Home Office,Île-de-France,Furniture,Tables,277.95,8,0.0,118.05
CMD-2024-14864,2025-10-22,2025-10-25,Same Day,CUST-370,Consumer,Hauts-de-France,Technology,Copiers,70.93,3,0.3,-1.09
CMD-2024-14865,2025-07-15,2025-07-17,Second Class,CUST-715,Corporate,Île-de-France,Office Supplies,Paper,30.6,4,0.1,6.99
CMD-2024-14866,2024-04-22,2024-04-25,Same Day,CUST-531,Consumer,Île-de-France,Office Supplies,Envelopes,159.5,6,0.0,53.57
CMD-2024-14867,2024-06-18,2024-06-21,Second Class,CUST-795,Home Office,Hauts-de-France,Office Supplies,Art,55.8,7,0.0,24.77
CMD-2024-14868,2025-04-12,2025-04-16,Standard Class,CUST-316,Home Office,Nouvelle-Aquitaine,Office Supplies,Art,302.6,8,0.2,19.28
CMD-2024-14869,2025-11-08,2025-11-13,Same Day,CUST-190,Home Office,Occitanie,Office Supplies,Paper,74.67,5,0.0,32.62
CMD-2024-14870,2024-01-14,2024-01-15,Second Class,CUST-297,Home Office,Île-de-France,Technology,Copiers,107.24,7,0.7,-46.69
CMD-2024-14871,2025-12-15,2025-12-19,Second Class,CUST-498,Home Office,Nouvelle-Aquitaine,Technology,Copiers,199.37,4,0.1,57.66
CMD-2024-14872,2024-10-14,2024-10-19,Second Class,CUST-138,Corporate,Hauts-de-France,Office Supplies,Art,88.79,4,0.0,30.18
CMD-2024-14873,2024-07-07,2024-07-09,First Class,CUST-570,Consumer,Nouvelle-Aquitaine,Furniture,Chairs,119.46,5,0.2,25.69
CMD-2024-14874,2024-06-03,2024-06-04,Standard Class,CUST-178,Consumer,Île-de-France,Furniture,Bookcases,386.97,2,0.0,61.38
CMD-2024-14875,2025-07-20,2025-07-25,Second Class,CUST-193,Consumer,Occitanie,Furniture,Chairs,58.45,5,0.3,-5.64
CMD-2024-14876,2025-11-24,2025-11-29,First Class,CUST-783,Corporate,Hauts-de-France,Office Supplies,Storage,33.87,4,0.0,5.79
CMD-2024-14877,2025-12-22,2025-12-26,First Class,CUST-142,Corporate,Hauts-de-France,Furniture,Tables,102.57,1,0.7,-30.99
CMD-2024-14878,2025-04-15,2025-04-20,Second Class,CUST-231,Corporate,Île-de-France,Office Supplies,Art,136.51,5,0.1,32.88
CMD-2024-14879,2024-03-15,2024-03-18,Standard Class,CUST-176,Corporate,Nouvelle-Aquitaine,Technology,Copiers,187.11,8,0.3,28.41
CMD-2024-14880,2024-10-03,2024-10-08,Same Day,CUST-331,Consumer,Occitanie,Office Supplies,Envelopes,117.5,2,0.0,34.11
CMD-2024-14881,2025-10-06,2025-10-07,First Class,CUST-138,Home Office,Hauts-de-France,Technology,Machines,358.25,5,0.0,61.05
CMD-2024-14882,2024-12-08,2024-12-13,Second Class,CUST-665,Home Office,Île-de-France,Office Supplies,Binders,23.82,5,0.2,0.78
CMD-2024-14883,2025-02-28,2025-03-02,Standard Class,CUST-250,Corporate,Île-de-France,Technology,Accessories,139.35,3,0.2,-3.84
CMD-2024-14884,2025-07-24,2025-07-27,Standard Class,CUST-799,Consumer,Auvergne-Rhône-Alpes,Office Supplies,Storage,120.97,3,0.0,46.33
CMD-2024-14885,2025-05-25,2025-05-26,Second Class,CUST-518,Consumer,Auvergne-Rhône-Alpes,Technology,Accessories,244.44,4,0.0,96.48
CMD-2024-14886,2024-06-30,2024-07-01,First Class,CUST-285,Corporate,Nouvelle-Aquitaine,Technology,Accessories,760.7,8,0.0,341.84
CMD-2024-14887,2025-04-02,2025-04-06,Same Day,CUST-417,Consumer,Île-de-France,Furniture,Tables,172.11,4,0.1,31.61
CMD-2024-14888,2024-03-04,2024-03-08,Standard Class,CUST-563,Home Office,Nouvelle-Aquitaine,Furniture,Furnishings,968.34,7,0.0,150.86
CMD-2024-14889,2024-09-16,2024-09-19,Same Day,CUST-531,Corporate,Nouvelle-Aquitaine,Technology,Copiers,94.18,8,0.0,20.76
CMD-2024-14890,2024-07-11,2024-07-12,Standard Class,CUST-234,Consumer,Occitanie,Technology,Machines,21.9,5,0.0,7.15
CMD-2024-14891,2025-10-16,2025-10-18,Standard Class,CUST-602,Consumer,Auvergne-Rhône-Alpes,Office Supplies,Storage,54.85,1,0.0,24.06
CMD-2024-14892,2025-09-07,2025-09-12,Standard Class,CUST-784,Consumer,Nouvelle-Aquitaine,Office Supplies,Storage,125.6,6,0.0,22.74
CMD-2024-14893,2025-02-09,2025-02-14,First Class,CUST-368,Corporate,Occitanie,Technology,Machines,98.66,4,0.5,-26.0
CMD-2024-14894,2025-12-26,2025-12-31,First Class,CUST-536,Home Office,Occitanie,Office Supplies,Binders,37.46,5,0.0,13.51
CMD-2024-14895,2025-12-21,2025-12-25,Second Class,CUST-726,Consumer,Auvergne-Rhône-Alpes,Technology,Machines,139.7,5,0.5,-13.95
CMD-2024-14896,2024-04-02,2024-04-03,Same Day,CUST-597,Corporate,Auvergne-Rhône-Alpes,Furniture,Tables,105.79,6,0.0,23.82
CMD-2024-14897,2025-03-05,2025-03-06,Same Day,CUST-650,Corporate,Île-de-France,Technology,Machines,43.78,5,0.0,17.25
CMD-2024-14898,2025-10-15,2025-10-17,Second Class,CUST-439,Consumer,Nouvelle-Aquitaine,Furniture,Chairs,92.25,6,0.0,17.4
CMD-2024-14899,2025-03-09,2025-03-13,First Class,CUST-341,Corporate,Occitanie,Technology,Accessories,493.59,6,0.1,166.7
CMD-2024-14900,2025-02-07,2025-02-09,Same Day,CUST-320,Home Office,Île-de-France,Office Supplies,Envelopes,94.11,7,0.2,2.85
CMD-2024-14901,2025-03-09,2025-03-10,Second Class,CUST-757,Home Office,Nouvelle-Aquitaine,Technology,Machines,290.35,5,0.1,24.51
CMD-2024-14902,2024-04-21,2024-04-26,Standard Class,CUST-775,Corporate,Nouvelle-Aquitaine,Technology,Copiers,223.31,7,0.0,56.24
CMD-2024-14903,2025-01-09,2025-01-13,Same Day,CUST-460,Consumer,Île-de-France,Technology,Accessories,137.58,5,0.5,-33.52
CMD-2024-14904,2024-02-28,2024-03-03,First Class,CUST-289,Home Office,Occitanie,Office Supplies,Binders,75.09,3,0.7,-24.17
CMD-2024-14905,2024-02-12,2024-02-16,Same Day,CUST-512,Consumer,Île-de-France,Furniture,Furnishings,116.3,6,0.0,41.41
CMD-2024-14906,2024-07-25,2024-07-30,Standard Class,CUST-428,Corporate,Nouvelle-Aquitaine,Office Supplies,Art,212.29,2,0.1,44.0
CMD-2024-14907,2024-10-22,2024-10-26,First Class,CUST-321,Home Office,Île-de-France,Office Supplies,Binders,110.03,6,0.1,28.41
CMD-2024-14908,2024-04-27,2024-04-30,First Class,CUST-785,Consumer,Île-de-France,Office Supplies,Art,68.23,2,0.0,17.7
CMD-2024-14909,2025-06-15,2025-06-19,Second Class,CUST-191,Corporate,Nouvelle-Aquitaine,Office Supplies,Binders,42.24,5,0.0,6.69
CMD-2024-14910,2024-08-09,2024-08-14,First Class,CUST-539,Consumer,Auvergne-Rhône-Alpes,Technology,Phones,481.03,4,0.1,169.43
CMD-2024-14911,2024-06-14,2024-06-18,Second Class,CUST-205,Home Office,Occitanie,Office Supplies,Art,142.68,1,0.3,17.95
CMD-2024-14912,2025-10-04,2025-10-07,First Class,CUST-344,Corporate,Nouvelle-Aquitaine,Technology,Copiers,230.9,7,0.0,39.72
CMD-2024-14913,2024-06-04,2024-06-07,Standard Class,CUST-404,Corporate,Auvergne-Rhône-Alpes,Office Supplies,Binders,163.31,5,0.1,31.81
CMD-2024-14914,2024-07-02,2024-07-06,Standard Class,CUST-654,Consumer,Île-de-France,Office Supplies,Binders,468.24,1,0.3,33.01
CMD-2024-14915,2024-03-30,2024-03-31,Standard Class,CUST-697,Consumer,Auvergne-Rhône-Alpes,Office Supplies,Art,189.18,3,0.0,39.19
CMD-2024-14916,2024-04-03,2024-04-04,Standard Class,CUST-196,Corporate,Nouvelle-Aquitaine,Furniture,Chairs,159.19,2,0.0,51.48
CMD-2024-14917,2024-01-13,2024-01-15,Standard Class,CUST-576,Home Office,Nouvelle-Aquitaine,Furniture,Furnishings,583.69,7,0.2,75.93
CMD-2024-14918,2025-03-13,2025-03-16,Same Day,CUST-365,Home Office,Île-de-France,Office Supplies,Binders,294.81,3,0.0,62.64
CMD-2024-14919,2025-06-21,2025-06-22,Standard Class,CUST-674,Consumer,Nouvelle-Aquitaine,Technology,Phones,41.02,4,0.0,7.89
CMD-2024-14920,2025-08-09,2025-08-11,First Class,CUST-202,Consumer,Hauts-de-France,Technology,Machines,58.04,4,0.0,21.92
CMD-2024-14921,2024-05-29,2024-05-30,Second Class,CUST-353,Consumer,Auvergne-Rhône-Alpes,Furniture,Chairs,355.35,6,0.0,87.69
CMD-2024-14922,2025-10-21,2025-10-25,Same Day,CUST-554,Home Office,Hauts-de-France,Office Supplies,Paper,412.54,7,0.3,-19.3
CMD-2024-14923,2024-01-08,2024-01-11,First Class,CUST-612,Home Office,Hauts-de-France,Technology,Machines,188.33,7,0.1,52.99
CMD-2024-14924,2024-01-29,2024-01-30,Standard Class,CUST-765,Consumer,Auvergne-Rhône-Alpes,Technology,Accessories,192.86,7,0.0,71.52
CMD-2024-14925,2024-10-22,2024-10-26,Standard Class,CUST-592,Consumer,Nouvelle-Aquitaine,Technology,Accessories,234.89,5,0.1,33.57
CMD-2024-14926,2025-12-21,2025-12-23,First Class,CUST-360,Corporate,Auvergne-Rhône-Alpes,Technology,Phones,142.21,8,0.5,-5.44
CMD-2024-14927,2025-10-01,2025-10-05,Same Day,CUST-134,Corporate,Île-de-France,Office Supplies,Storage,265.81,8,0.0,94.75
CMD-2024-14928,2024-12-05,2024-12-07,Second Class,CUST-480,Corporate,Hauts-de-France,Office Supplies,Envelopes,40.26,6,0.0,10.22
CMD-2024-14929,2025-09-19,2025-09-20,Second Class,CUST-496,Corporate,Hauts-de-France,Office Supplies,Art,730.3,4,0.5,-125.43
CMD-2024-14930,2025-03-14,2025-03-19,Second Class,CUST-126,Consumer,Nouvelle-Aquitaine,Furniture,Tables,320.12,4,0.5,-26.25
CMD-2024-14931,2024-05-23,2024-05-27,Second Class,CUST-405,Home Office,Auvergne-Rhône-Alpes,Office Supplies,Storage,234.43,6,0.0,50.04
CMD-2024-14932,2025-06-02,2025-06-07,Standard Class,CUST-798,Home Office,Occitanie,Technology,Copiers,98.66,3,0.0,28.67
CMD-2024-14933,2024-02-14,2024-02-17,Same Day,CUST-770,Corporate,Nouvelle-Aquitaine,Furniture,Chairs,53.61,1,0.0,18.55
CMD-2024-14934,2024-08-26,2024-08-31,Standard Class,CUST-680,Home Office,Nouvelle-Aquitaine,Furniture,Tables,130.83,2,0.0,40.8
CMD-2024-14935,2024-06-03,2024-06-06,Same Day,CUST-264,Corporate,Nouvelle-Aquitaine,Technology,Copiers,253.36,4,0.2,38.64
CMD-2024-14936,2024-06-29,2024-06-30,Second Class,CUST-357,Consumer,Auvergne-Rhône-Alpes,Furniture,Chairs,235.95,6,0.0,74.06
CMD-2024-14937,2024-08-02,2024-08-03,First Class,CUST-201,Corporate,Nouvelle-Aquitaine,Technology,Machines,121.11,4,0.0,25.41
CMD-2024-14938,2024-03-28,2024-04-01,First Class,CUST-554,Home Office,Île-de-France,Technology,Machines,224.02,3,0.1,41.01
CMD-2024-14939,2024-09-12,2024-09-17,Standard Class,CUST-292,Home Office,Île-de-France,Technology,Machines,384.74,7,0.5,-54.02
CMD-2024-14940,2025-05-25,2025-05-28,First Class,CUST-398,Home Office,Hauts-de-France,Office Supplies,Envelopes,20.86,7,0.0,8.01
CMD-2024-14941,2024-03-13,2024-03-16,Standard Class,CUST-120,Consumer,Hauts-de-France,Technology,Phones,146.77,8,0.0,50.81
CMD-2024-14942,2024-06-27,2024-07-02,Standard Class,CUST-144,Corporate,Auvergne-Rhône-Alpes,Office Supplies,Storage,327.65,2,0.7,-115.34
CMD-2024-14943,2024-07-30,2024-07-31,Same Day,CUST-579,Consumer,Occitanie,Technology,Copiers,188.79,8,0.1,66.51
CMD-2024-14944,2024-08-21,2024-08-22,Second Class,CUST-595,Consumer,Hauts-de-France,Office Supplies,Envelopes,246.89,7,0.0,45.02
CMD-2024-14945,2025-04-09,2025-04-12,Second Class,CUST-782,Corporate,Hauts-de-France,Office Supplies,Binders,174.96,7,0.0,37.1
CMD-2024-14946,2024-08-10,2024-08-14,Second Class,CUST-789,Home Office,Hauts-de-France,Office Supplies,Art,1073.81,3,0.0,271.02
CMD-2024-14947,2025-09-22,2025-09-23,Second Class,CUST-322,Home Office,Hauts-de-France,Office Supplies,Paper,27.36,8,0.1,3.52
CMD-2024-14948,2024-09-20,2024-09-22,Same Day,CUST-398,Home Office,Nouvelle-Aquitaine,Technology,Phones,163.59,1,0.0,55.23
CMD-2024-14949,2024-07-25,2024-07-28,Second Class,CUST-580,Home Office,Hauts-de-France,Technology,Accessories,36.09,3,0.0,5.84
CMD-2024-14950,2025-08-29,2025-09-03,Second Class,CUST-123,Consumer,Auvergne-Rhône-Alpes,Furniture,Bookcases,53.3,2,0.0,10.83
CMD-2024-14951,2024-12-31,2025-01-05,First Class,CUST-437,Corporate,Nouvelle-Aquitaine,Technology,Phones,121.25,7,0.0,28.86
CMD-2024-14952,2024-10-02,2024-10-05,Second Class,CUST-183,Corporate,Nouvelle-Aquitaine,Technology,Machines,52.19,8,0.1,13.83
CMD-2024-14953,2025-01-14,2025-01-17,Second Class,CUST-159,Corporate,Auvergne-Rhône-Alpes,Office Supplies,Envelopes,744.43,2,0.0,307.27
CMD-2024-14954,2024-11-04,2024-11-05,Standard Class,CUST-387,Consumer,Occitanie,Furniture,Tables,660.37,4,0.0,257.25
CMD-2024-14955,2025-09-22,2025-09-25,Standard Class,CUST-733,Home Office,Hauts-de-France,Furniture,Tables,105.12,1,0.5,-25.79
CMD-2024-14956,2024-09-24,2024-09-27,Second Class,CUST-616,Home Office,Île-de-France,Office Supplies,Storage,239.61,5,0.1,55.02
CMD-2024-14957,2024-03-04,2024-03-06,Standard Class,CUST-253,Corporate,Occitanie,Office Supplies,Paper,182.87,4,0.0,29.08
CMD-2024-14958,2024-12-15,2024-12-20,First Class,CUST-380,Home Office,Hauts-de-France,Office Supplies,Art,386.93,7,0.2,24.44
CMD-2024-14959,2025-05-08,2025-05-09,First Class,CUST-533,Consumer,Île-de-France,Office Supplies,Paper,232.22,6,0.0,90.98
CMD-2024-14960,2025-06-06,2025-06-10,First Class,CUST-441,Home Office,Nouvelle-Aquitaine,Technology,Accessories,15.06,3,0.2,1.61
CMD-2024-14961,2024-04-07,2024-04-08,Same Day,CUST-185,Home Office,Nouvelle-Aquitaine,Furniture,Bookcases,331.89,8,0.2,4.97
CMD-2024-14962,2024-03-11,2024-03-16,First Class,CUST-686,Home Office,Nouvelle-Aquitaine,Office Supplies,Binders,317.23,8,0.2,32.22
CMD-2024-14963,2024-12-29,2025-01-02,Second Class,CUST-290,Corporate,Hauts-de-France,Office Supplies,Storage,171.81,3,0.2,5.05
CMD-2024-14964,2025-07-23,2025-07-26,First Class,CUST-351,Consumer,Auvergne-Rhône-Alpes,Office Supplies,Envelopes,528.09,2,0.0,141.51
CMD-2024-14965,2024-10-02,2024-10-04,First Class,CUST-167,Corporate,Nouvelle-Aquitaine,Furniture,Tables,540.98,6,0.2,62.94
CMD-2024-14966,2024-02-19,2024-02-21,First Class,CUST-245,Consumer,Nouvelle-Aquitaine,Office Supplies,Art,178.27,2,0.0,45.44
CMD-2024-14967,2024-12-23,2024-12-28,First Class,CUST-733,Corporate,Nouvelle-Aquitaine,Technology,Accessories,221.02,6,0.0,95.28
CMD-2024-14968,2025-12-28,2026-01-02,Standard Class,CUST-653,Consumer,Hauts-de-France,Technology,Accessories,1260.49,2,0.5,-165.43
CMD-2024-14969,2025-07-17,2025-07-19,First Class,CUST-761,Consumer,Île-de-France,Furniture,Bookcases,93.1,5,0.1,29.13
CMD-2024-14970,2025-04-29,2025-05-03,First Class,CUST-673,Corporate,Occitanie,Furniture,Furnishings,101.34,5,0.5,-7.27
CMD-2024-14971,2024-03-24,2024-03-28,Standard Class,CUST-354,Corporate,Nouvelle-Aquitaine,Technology,Accessories,59.4,4,0.0,20.69
CMD-2024-14972,2025-09-29,2025-09-30,Standard Class,CUST-230,Home Office,Occitanie,Furniture,Tables,512.66,5,0.1,107.18
CMD-2024-14973,2025-08-06,2025-08-09,Same Day,CUST-476,Consumer,Auvergne-Rhône-Alpes,Technology,Accessories,315.19,6,0.0,47.48
CMD-2024-14974,2024-10-22,2024-10-26,Second Class,CUST-631,Consumer,Auvergne-Rhône-Alpes,Furniture,Bookcases,39.56,2,0.1,9.65
CMD-2024-14975,2024-08-23,2024-08-26,Same Day,CUST-298,Consumer,Auvergne-Rhône-Alpes,Office Supplies,Envelopes,896.0,6,0.0,230.08
CMD-2024-14976,2024-02-25,2024-03-01,Standard Class,CUST-320,Consumer,Nouvelle-Aquitaine,Office Supplies,Paper,303.84,4,0.0,56.31
CMD-2024-14977,2024-12-25,2024-12-29,Standard Class,CUST-509,Consumer,Occitanie,Technology,Accessories,433.13,4,0.0,122.74
CMD-2024-14978,2024-04-19,2024-04-23,Standard Class,CUST-742,Home Office,Île-de-France,Furniture,Bookcases,25.86,7,0.2,4.93
CMD-2024-14979,2024-07-10,2024-07-14,Same Day,CUST-270,Home Office,Hauts-de-France,Office Supplies,Art,169.69,1,0.0,74.41
CMD-2024-14980,2024-04-02,2024-04-03,First Class,CUST-244,Home Office,Occitanie,Furniture,Tables,278.85,5,0.3,-2.17
CMD-2024-14981,2025-07-21,2025-07-26,Second Class,CUST-587,Consumer,Hauts-de-France,Furniture,Bookcases,187.25,3,0.0,58.57
CMD-2024-14982,2024-02-29,2024-03-02,Second Class,CUST-453,Corporate,Occitanie,Furniture,Chairs,256.68,3,0.0,104.05
CMD-2024-14983,2025-10-11,2025-10-12,First Class,CUST-280,Corporate,Nouvelle-Aquitaine,Office Supplies,Art,389.67,1,0.0,97.5
CMD-2024-14984,2024-02-08,2024-02-09,Second Class,CUST-260,Consumer,Île-de-France,Technology,Copiers,118.17,2,0.7,-51.68
CMD-2024-14985,2025-06-23,2025-06-27,First Class,CUST-563,Home Office,Nouvelle-Aquitaine,Furniture,Furnishings,430.42,1,0.0,100.96
CMD-2024-14986,2024-02-18,2024-02-19,Same Day,CUST-159,Corporate,Auvergne-Rhône-Alpes,Furniture,Furnishings,54.12,2,0.0,22.72
CMD-2024-14987,2025-02-23,2025-02-25,Standard Class,CUST-314,Corporate,Île-de-France,Furniture,Chairs,84.5,8,0.2,1.51
CMD-2024-14988,2025-09-28,2025-09-29,First Class,CUST-679,Home Office,Occitanie,Technology,Phones,24.75,5,0.0,6.16
CMD-2024-14989,2024-01-13,2024-01-14,First Class,CUST-291,Consumer,Nouvelle-Aquitaine,Technology,Phones,114.71,5,0.2,12.55
CMD-2024-14990,2024-02-05,2024-02-09,Standard Class,CUST-587,Consumer,Hauts-de-France,Technology,Accessories,120.14,4,0.0,48.55
CMD-2024-14991,2024-04-10,2024-04-15,Standard Class,CUST-324,Consumer,Nouvelle-Aquitaine,Office Supplies,Storage,374.95,4,0.1,127.98
CMD-2024-14992,2024-03-26,2024-03-28,Second Class,CUST-491,Consumer,Nouvelle-Aquitaine,Office Supplies,Envelopes,247.94,4,0.0,68.86
CMD-2024-14993,2025-05-30,2025-06-03,First Class,CUST-260,Consumer,Occitanie,Office Supplies,Art,141.28,8,0.1,47.98
CMD-2024-14994,2024-08-10,2024-08-11,Standard Class,CUST-554,Corporate,Occitanie,Office Supplies,Art,247.29,4,0.2,4.56
CMD-2024-14995,2024-12-03,2024-12-05,Second Class,CUST-210,Home Office,Auvergne-Rhône-Alpes,Technology,Copiers,26.93,3,0.2,0.46
CMD-2024-14996,2024-06-14,2024-06-17,Same Day,CUST-158,Corporate,Île-de-France,Office Supplies,Binders,58.73,7,0.1,20.25
CMD-2024-14997,2025-01-17,2025-01-18,First Class,CUST-644,Corporate,Nouvelle-Aquitaine,Furniture,Tables,231.93,4,0.5,-34.12
CMD-2024-14998,2025-01-10,2025-01-15,Same Day,CUST-652,Corporate,Hauts-de-France,Technology,Phones,240.6,8,0.0,49.51
CMD-2024-14999,2025-04-15,2025-04-16,Standard Class,CUST-772,Home Office,Occitanie,Office Supplies,Envelopes,342.32,4,0.0,101.46
